county,sale_date,sale_time,parcel_id,case_number,certificate_number,owner_name,property_address,property_use,acreage,opening_bid,assessed_value,auction_status,auction_type,auction_url,appraiser_url,clerk_case_url,source_host,scraped_at
duval,09/16/2026,09:00 AM ET,001820-0285,2026-0396TD,00263-2024,,"11345 KITTRELL PINES TER, JACKSONVILLE, FL- 32220",,,4178.45,81539.0,09/16/2026 09:00 AM ET,TAXDEED,https://www.duval.realtaxdeed.com/index.cfm?zaction=auction&zmethod=details&AID=1511050&bypassPage=1,https://paopropertysearch.coj.net/Basic/Detail.aspx?RE=0018200285,,www.duval.realtaxdeed.com,2026-08-31T15:52:40+00:00
duval,09/16/2026,09:00 AM ET,002299-0000,2026-0381TD,00331-2024,,"5026 NATHAN HALE RD, JACKSONVILLE, FL- 32221",,,129464.83,244051.0,09/16/2026 09:00 AM ET,TAXDEED,https://www.duval.realtaxdeed.com/index.cfm?zaction=auction&zmethod=details&AID=1511043&bypassPage=1,https://paopropertysearch.coj.net/Basic/Detail.aspx?RE=0022990000,,www.duval.realtaxdeed.com,2026-08-31T15:52:40+00:00
duval,09/16/2026,09:00 AM ET,002731-0000,2026-0388TD,00437-2024,,"6522 BARTH RD, JACKSONVILLE, FL- 32219",,,4748.66,52607.0,09/16/2026 09:00 AM ET,TAXDEED,https://www.duval.realtaxdeed.com/index.cfm?zaction=auction&zmethod=details&AID=1511058&bypassPage=1,https://paopropertysearch.coj.net/Basic/Detail.aspx?RE=0027310000,,www.duval.realtaxdeed.com,2026-08-31T15:52:40+00:00
duval,09/16/2026,,003097-0000,2026-0380TD,00525-2024,,"6608 ARMCO ST, JACKSONVILLE, FL- 32219",,,6256.19,78965.0,Redeemed,TAXDEED,https://www.duval.realtaxdeed.com/index.cfm?zaction=auction&zmethod=details&AID=1511044&bypassPage=1,https://paopropertysearch.coj.net/Basic/Detail.aspx?RE=0030970000,,www.duval.realtaxdeed.com,2026-08-31T15:52:40+00:00
duval,09/16/2026,09:00 AM ET,003709-0000,2026-0175TD,00629-2024,,"6422 BLUEBIRD RD, JACKSONVILLE, FL- 32219",,,4920.83,68017.0,09/16/2026 09:00 AM ET,TAXDEED,https://www.duval.realtaxdeed.com/index.cfm?zaction=auction&zmethod=details&AID=1512751&bypassPage=1,https://paopropertysearch.coj.net/Basic/Detail.aspx?RE=0037090000,,www.duval.realtaxdeed.com,2026-08-31T15:52:40+00:00
duval,09/16/2026,09:00 AM ET,003747-0000,2026-0377TD,00637-2024,,"7524 BOB-O-LINK RD, JACKSONVILLE, FL- 32219",,,10345.14,57623.0,09/16/2026 09:00 AM ET,TAXDEED,https://www.duval.realtaxdeed.com/index.cfm?zaction=auction&zmethod=details&AID=1511047&bypassPage=1,https://paopropertysearch.coj.net/Basic/Detail.aspx?RE=0037470000,,www.duval.realtaxdeed.com,2026-08-31T15:52:40+00:00
duval,09/16/2026,09:00 AM ET,004394-0000,2026-0373TD,00794-2024,,"3182 N LANE AVE, JACKSONVILLE, FL- 32254",,,3510.22,31787.0,09/16/2026 09:00 AM ET,TAXDEED,https://www.duval.realtaxdeed.com/index.cfm?zaction=auction&zmethod=details&AID=1511032&bypassPage=1,https://paopropertysearch.coj.net/Basic/Detail.aspx?RE=0043940000,,www.duval.realtaxdeed.com,2026-08-31T15:52:40+00:00
duval,09/16/2026,09:00 AM ET,005220-0000,2026-0293TD,00909-2024,,"204 S LANE AVE 4, JACKSONVILLE, FL- 32254",,,9705.45,53447.0,09/16/2026 09:00 AM ET,TAXDEED,https://www.duval.realtaxdeed.com/index.cfm?zaction=auction&zmethod=details&AID=1511286&bypassPage=1,https://paopropertysearch.coj.net/Basic/Detail.aspx?RE=0052200000,,www.duval.realtaxdeed.com,2026-08-31T15:52:40+00:00
duval,09/16/2026,09:00 AM ET,005264-0000,2026-0361TD,17142-2024,,"230 SANTA BARBARA AVE, JACKSONVILLE, FL- 32254",,,10059.94,80047.0,09/16/2026 09:00 AM ET,TAXDEED,https://www.duval.realtaxdeed.com/index.cfm?zaction=auction&zmethod=details&AID=1512821&bypassPage=1,https://paopropertysearch.coj.net/Basic/Detail.aspx?RE=0052640000,,www.duval.realtaxdeed.com,2026-08-31T15:52:40+00:00
duval,09/16/2026,09:00 AM ET,006131-0000,2026-0333TD,01026-2024,,"7710 PASCHAL ST, JACKSONVILLE, FL- 32220",,,7042.91,116319.0,09/16/2026 09:00 AM ET,TAXDEED,https://www.duval.realtaxdeed.com/index.cfm?zaction=auction&zmethod=details&AID=1511329&bypassPage=1,https://paopropertysearch.coj.net/Basic/Detail.aspx?RE=0061310000,,www.duval.realtaxdeed.com,2026-08-31T15:52:40+00:00
duval,09/16/2026,,006223-0142,2026-0274TD,01041-2024,,"8550 OLD PLANK RD, JACKSONVILLE, FL- 32220",,,9811.56,226525.0,Redeemed,TAXDEED,https://www.duval.realtaxdeed.com/index.cfm?zaction=auction&zmethod=details&AID=1511259&bypassPage=1,https://paopropertysearch.coj.net/Basic/Detail.aspx?RE=0062230142,,www.duval.realtaxdeed.com,2026-08-31T15:52:40+00:00
duval,09/16/2026,,006719-0010,2026-0335TD,01102-2024,,"10714 GENERAL AVE, JACKSONVILLE, FL- 32220",,,22465.19,3334200.0,Redeemed,TAXDEED,https://www.duval.realtaxdeed.com/index.cfm?zaction=auction&zmethod=details&AID=1511328&bypassPage=1,https://paopropertysearch.coj.net/Basic/Detail.aspx?RE=0067190010,,www.duval.realtaxdeed.com,2026-08-31T15:52:40+00:00
duval,09/16/2026,09:00 AM ET,007440-0060,2026-0405TD,01167-2021,,"6535 RAMONA BLVD, JACKSONVILLE, FL- 32205",,,27382.03,2928200.0,09/16/2026 09:00 AM ET,TAXDEED,https://www.duval.realtaxdeed.com/index.cfm?zaction=auction&zmethod=details&AID=1512809&bypassPage=1,https://paopropertysearch.coj.net/Basic/Detail.aspx?RE=0074400060,,www.duval.realtaxdeed.com,2026-08-31T15:52:40+00:00
duval,09/16/2026,,007445-0000,2026-0312TD,01194-2024,,"S LANE AVE, JACKSONVILLE, FL- 32254",,,14085.16,174456.0,Redeemed,TAXDEED,https://www.duval.realtaxdeed.com/index.cfm?zaction=auction&zmethod=details&AID=1511312&bypassPage=1,https://paopropertysearch.coj.net/Basic/Detail.aspx?RE=0074450000,,www.duval.realtaxdeed.com,2026-08-31T15:52:40+00:00
duval,09/16/2026,,011418-0000,2026-0395TD,01465-2024,,"1402 MANOTAK AVE, JACKSONVILLE, FL- 32210",,,4554.18,164712.0,Redeemed,TAXDEED,https://www.duval.realtaxdeed.com/index.cfm?zaction=auction&zmethod=details&AID=1511051&bypassPage=1,https://paopropertysearch.coj.net/Basic/Detail.aspx?RE=0114180000,,www.duval.realtaxdeed.com,2026-08-31T15:52:40+00:00
duval,09/16/2026,,013212-0020,2026-0386TD,01740-2024,,"KINKAID RD, JACKSONVILLE, FL- 32210",,,2950.65,31957.0,Redeemed,TAXDEED,https://www.duval.realtaxdeed.com/index.cfm?zaction=auction&zmethod=details&AID=1511060&bypassPage=1,https://paopropertysearch.coj.net/Basic/Detail.aspx?RE=0132120020,,www.duval.realtaxdeed.com,2026-08-31T15:52:40+00:00
duval,09/16/2026,09:00 AM ET,013861-0394,2026-0282TD,01899-2024,,"7603 N MELISSA CT, JACKSONVILLE, FL- 32210",,,7519.09,91369.0,09/16/2026 09:00 AM ET,TAXDEED,https://www.duval.realtaxdeed.com/index.cfm?zaction=auction&zmethod=details&AID=1511252&bypassPage=1,https://paopropertysearch.coj.net/Basic/Detail.aspx?RE=0138610394,,www.duval.realtaxdeed.com,2026-08-31T15:52:40+00:00
duval,09/16/2026,09:00 AM ET,016030-0200,2026-0382TD,02247-2024,,"7241 RICKER RD, JACKSONVILLE, FL- 32244",,,6952.49,66177.0,09/16/2026 09:00 AM ET,TAXDEED,https://www.duval.realtaxdeed.com/index.cfm?zaction=auction&zmethod=details&AID=1511041&bypassPage=1,https://paopropertysearch.coj.net/Basic/Detail.aspx?RE=0160300200,,www.duval.realtaxdeed.com,2026-08-31T15:52:40+00:00
duval,09/16/2026,,016468-5040,2026-0321TD,02391-2024,,"7331 SWEET PEA TRL, JACKSONVILLE, FL- 32244",,,16874.11,235925.0,Redeemed,TAXDEED,https://www.duval.realtaxdeed.com/index.cfm?zaction=auction&zmethod=details&AID=1511320&bypassPage=1,https://paopropertysearch.coj.net/Basic/Detail.aspx?RE=0164685040,,www.duval.realtaxdeed.com,2026-08-31T15:52:40+00:00
duval,09/16/2026,,018577-0000,2026-0236TD,02505-2024,,"6965 GOLDILOCKS LN, JACKSONVILLE, FL- 32210",,,9116.16,121051.0,Redeemed,TAXDEED,https://www.duval.realtaxdeed.com/index.cfm?zaction=auction&zmethod=details&AID=1511216&bypassPage=1,https://paopropertysearch.coj.net/Basic/Detail.aspx?RE=0185770000,,www.duval.realtaxdeed.com,2026-08-31T15:52:40+00:00
duval,09/16/2026,09:00 AM ET,018773-0000,2026-0285TD,02513-2024,,"2515 LA TRELLE CT, JACKSONVILLE, FL- 32210",,,8072.86,119739.0,09/16/2026 09:00 AM ET,TAXDEED,https://www.duval.realtaxdeed.com/index.cfm?zaction=auction&zmethod=details&AID=1511250&bypassPage=1,https://paopropertysearch.coj.net/Basic/Detail.aspx?RE=0187730000,,www.duval.realtaxdeed.com,2026-08-31T15:52:40+00:00
duval,09/16/2026,,019924-0000,2026-0385TD,02714-2024,,"3136 FRANCES AVE, JACKSONVILLE, FL- 32218",,,5656.53,38296.0,Redeemed,TAXDEED,https://www.duval.realtaxdeed.com/index.cfm?zaction=auction&zmethod=details&AID=1511061&bypassPage=1,https://paopropertysearch.coj.net/Basic/Detail.aspx?RE=0199240000,,www.duval.realtaxdeed.com,2026-08-31T15:52:40+00:00
duval,09/16/2026,09:00 AM ET,020049-3000,2026-0215TD,02628-2022,,"S MARSH HAWK DR, JACKSONVILLE, FL- 32218",,,3105.75,8889.0,09/16/2026 09:00 AM ET,TAXDEED,https://www.duval.realtaxdeed.com/index.cfm?zaction=auction&zmethod=details&AID=1512807&bypassPage=1,https://paopropertysearch.coj.net/Basic/Detail.aspx?RE=0200493000,,www.duval.realtaxdeed.com,2026-08-31T15:52:40+00:00
duval,09/16/2026,09:00 AM ET,020842-0000,2026-0230TD,02863-2024,,"110 FORD AVE, JACKSONVILLE, FL- 32218",,,7060.27,82830.0,09/16/2026 09:00 AM ET,TAXDEED,https://www.duval.realtaxdeed.com/index.cfm?zaction=auction&zmethod=details&AID=1511206&bypassPage=1,https://paopropertysearch.coj.net/Basic/Detail.aspx?RE=0208420000,,www.duval.realtaxdeed.com,2026-08-31T15:52:40+00:00
duval,09/16/2026,09:00 AM ET,021818-0000,2026-0310TD,03017-2024,,"5786 MCLEOD AVE, JACKSONVILLE, FL- 32219",,,7460.32,122830.0,09/16/2026 09:00 AM ET,TAXDEED,https://www.duval.realtaxdeed.com/index.cfm?zaction=auction&zmethod=details&AID=1511314&bypassPage=1,https://paopropertysearch.coj.net/Basic/Detail.aspx?RE=0218180000,,www.duval.realtaxdeed.com,2026-08-31T15:52:40+00:00
duval,09/16/2026,09:00 AM ET,021896-0000,2026-0303TD,03036-2024,,"8098 PIPIT AVE, JACKSONVILLE, FL- 32219",,,10606.66,143042.0,09/16/2026 09:00 AM ET,TAXDEED,https://www.duval.realtaxdeed.com/index.cfm?zaction=auction&zmethod=details&AID=1511300&bypassPage=1,https://paopropertysearch.coj.net/Basic/Detail.aspx?RE=0218960000,,www.duval.realtaxdeed.com,2026-08-31T15:52:40+00:00
duval,09/16/2026,,022838-0000,2026-0391TD,03187-2024,,"602 GARDENIA LN, JACKSONVILLE, FL- 32208",,,23471.43,41192.0,Redeemed,TAXDEED,https://www.duval.realtaxdeed.com/index.cfm?zaction=auction&zmethod=details&AID=1511055&bypassPage=1,https://paopropertysearch.coj.net/Basic/Detail.aspx?RE=0228380000,,www.duval.realtaxdeed.com,2026-08-31T15:52:40+00:00
duval,09/16/2026,09:00 AM ET,023411-0000,2026-0298TD,03242-2024,,"1161 BUNKER HILL BLVD, JACKSONVILLE, FL- 32208",,,9028.69,115841.0,09/16/2026 09:00 AM ET,TAXDEED,https://www.duval.realtaxdeed.com/index.cfm?zaction=auction&zmethod=details&AID=1511282&bypassPage=1,https://paopropertysearch.coj.net/Basic/Detail.aspx?RE=0234110000,,www.duval.realtaxdeed.com,2026-08-31T15:52:40+00:00
duval,09/16/2026,09:00 AM ET,023557-0000,2026-0378TD,03255-2024,,"1177 BUNKER HILL BLVD, JACKSONVILLE, FL- 32208",,,10667.7,100527.0,09/16/2026 09:00 AM ET,TAXDEED,https://www.duval.realtaxdeed.com/index.cfm?zaction=auction&zmethod=details&AID=1511046&bypassPage=1,https://paopropertysearch.coj.net/Basic/Detail.aspx?RE=0235570000,,www.duval.realtaxdeed.com,2026-08-31T15:52:40+00:00
duval,09/16/2026,09:00 AM ET,024028-0000,2026-0225TD,03282-2024,,"8281 W CONCORD BLVD, JACKSONVILLE, FL- 32208",,,57437.76,101579.0,09/16/2026 09:00 AM ET,TAXDEED,https://www.duval.realtaxdeed.com/index.cfm?zaction=auction&zmethod=details&AID=1511889&bypassPage=1,https://paopropertysearch.coj.net/Basic/Detail.aspx?RE=0240280000,,www.duval.realtaxdeed.com,2026-08-31T15:52:40+00:00
duval,09/16/2026,,025837-0000,2026-0397TD,03479-2024,,"2818 PALMDALE ST, JACKSONVILLE, FL- 32208",,,12317.8,177424.0,Redeemed,TAXDEED,https://www.duval.realtaxdeed.com/index.cfm?zaction=auction&zmethod=details&AID=1511087&bypassPage=1,https://paopropertysearch.coj.net/Basic/Detail.aspx?RE=0258370000,,www.duval.realtaxdeed.com,2026-08-31T15:52:40+00:00
duval,09/16/2026,09:00 AM ET,026019-0000,2026-0248TD,03494-2024,,"6376 BARRY DR, JACKSONVILLE, FL- 32208",,,10005.28,149113.0,09/16/2026 09:00 AM ET,TAXDEED,https://www.duval.realtaxdeed.com/index.cfm?zaction=auction&zmethod=details&AID=1511221&bypassPage=1,https://paopropertysearch.coj.net/Basic/Detail.aspx?RE=0260190000,,www.duval.realtaxdeed.com,2026-08-31T15:52:40+00:00
duval,09/16/2026,09:00 AM ET,026319-0000,2026-0233TD,03527-2024,,"1800 ROWE AVE, JACKSONVILLE, FL- 32208",,,8665.74,99976.0,09/16/2026 09:00 AM ET,TAXDEED,https://www.duval.realtaxdeed.com/index.cfm?zaction=auction&zmethod=details&AID=1511218&bypassPage=1,https://paopropertysearch.coj.net/Basic/Detail.aspx?RE=0263190000,,www.duval.realtaxdeed.com,2026-08-31T15:52:40+00:00
duval,09/16/2026,09:00 AM ET,026444-0010,2026-0355TD,17178-2024,,"1987 ROWE AVE, JACKSONVILLE, FL- 32208",,,11122.5,99084.0,09/16/2026 09:00 AM ET,TAXDEED,https://www.duval.realtaxdeed.com/index.cfm?zaction=auction&zmethod=details&AID=1512819&bypassPage=1,https://paopropertysearch.coj.net/Basic/Detail.aspx?RE=0264440010,,www.duval.realtaxdeed.com,2026-08-31T15:52:40+00:00
duval,09/16/2026,09:00 AM ET,027370-0000,2026-0374TD,03666-2024,,"240 W 39TH ST, JACKSONVILLE, FL- 32206",,,7929.07,67406.0,09/16/2026 09:00 AM ET,TAXDEED,https://www.duval.realtaxdeed.com/index.cfm?zaction=auction&zmethod=details&AID=1511049&bypassPage=1,https://paopropertysearch.coj.net/Basic/Detail.aspx?RE=0273700000,,www.duval.realtaxdeed.com,2026-08-31T15:52:40+00:00
duval,09/16/2026,,027949-0000,2026-0295TD,03751-2024,,"2360 W EDGEWOOD AVE, JACKSONVILLE, FL- 32209",,,5666.94,41675.0,Redeemed,TAXDEED,https://www.duval.realtaxdeed.com/index.cfm?zaction=auction&zmethod=details&AID=1511285&bypassPage=1,https://paopropertysearch.coj.net/Basic/Detail.aspx?RE=0279490000,,www.duval.realtaxdeed.com,2026-08-31T15:52:40+00:00
duval,09/16/2026,,028051-0000,2026-0389TD,03765-2024,,"5703 CARNATION RD, JACKSONVILLE, FL- 32209",,,5288.89,79125.0,Redeemed,TAXDEED,https://www.duval.realtaxdeed.com/index.cfm?zaction=auction&zmethod=details&AID=1511057&bypassPage=1,https://paopropertysearch.coj.net/Basic/Detail.aspx?RE=0280510000,,www.duval.realtaxdeed.com,2026-08-31T15:52:40+00:00
duval,09/16/2026,09:00 AM ET,028078-0000,2026-0392TD,03767-2024,,"5714 IRIS BLVD, JACKSONVILLE, FL- 32209",,,6210.32,72447.0,09/16/2026 09:00 AM ET,TAXDEED,https://www.duval.realtaxdeed.com/index.cfm?zaction=auction&zmethod=details&AID=1511054&bypassPage=1,https://paopropertysearch.coj.net/Basic/Detail.aspx?RE=0280780000,,www.duval.realtaxdeed.com,2026-08-31T15:52:40+00:00
duval,09/16/2026,,028088-0000,2026-0370TD,03768-2024,,"2571 WISTERIA ST, JACKSONVILLE, FL- 32209",,,6207.45,75615.0,Redeemed,TAXDEED,https://www.duval.realtaxdeed.com/index.cfm?zaction=auction&zmethod=details&AID=1511024&bypassPage=1,https://paopropertysearch.coj.net/Basic/Detail.aspx?RE=0280880000,,www.duval.realtaxdeed.com,2026-08-31T15:52:40+00:00
duval,09/16/2026,09:00 AM ET,028184-0000,2026-0372TD,03784-2024,,"5757 MARIGOLD RD, JACKSONVILLE, FL- 32209",,,7445.24,60509.0,09/16/2026 09:00 AM ET,TAXDEED,https://www.duval.realtaxdeed.com/index.cfm?zaction=auction&zmethod=details&AID=1511033&bypassPage=1,https://paopropertysearch.coj.net/Basic/Detail.aspx?RE=0281840000,,www.duval.realtaxdeed.com,2026-08-31T15:52:40+00:00
duval,09/16/2026,,028224-0000,2026-0368TD,03792-2024,,"5543 VERBENA RD, JACKSONVILLE, FL- 32209",,,5823.93,67896.0,Redeemed,TAXDEED,https://www.duval.realtaxdeed.com/index.cfm?zaction=auction&zmethod=details&AID=1511026&bypassPage=1,https://paopropertysearch.coj.net/Basic/Detail.aspx?RE=0282240000,,www.duval.realtaxdeed.com,2026-08-31T15:52:40+00:00
duval,09/16/2026,09:00 AM ET,028510-0000,2026-0300TD,03836-2024,,"2318 N LANTANA AVE, JACKSONVILLE, FL- 32209",,,11695.6,156795.0,09/16/2026 09:00 AM ET,TAXDEED,https://www.duval.realtaxdeed.com/index.cfm?zaction=auction&zmethod=details&AID=1511302&bypassPage=1,https://paopropertysearch.coj.net/Basic/Detail.aspx?RE=0285100000,,www.duval.realtaxdeed.com,2026-08-31T15:52:40+00:00
duval,09/16/2026,,030060-0000,2026-0371TD,04093-2024,,"4864 SOUTEL DR, JACKSONVILLE, FL- 32208",,,7394.41,76221.0,Redeemed,TAXDEED,https://www.duval.realtaxdeed.com/index.cfm?zaction=auction&zmethod=details&AID=1511034&bypassPage=1,https://paopropertysearch.coj.net/Basic/Detail.aspx?RE=0300600000,,www.duval.realtaxdeed.com,2026-08-31T15:52:40+00:00
duval,09/16/2026,,030072-0000,2026-0226TD,04096-2024,,"1946 W 44TH ST, JACKSONVILLE, FL- 32209",,,7480.98,78305.0,Redeemed,TAXDEED,https://www.duval.realtaxdeed.com/index.cfm?zaction=auction&zmethod=details&AID=1511210&bypassPage=1,https://paopropertysearch.coj.net/Basic/Detail.aspx?RE=0300720000,,www.duval.realtaxdeed.com,2026-08-31T15:52:40+00:00
duval,09/16/2026,09:00 AM ET,030107-0000,2026-0369TD,04104-2024,,"4990 SOUTEL DR, JACKSONVILLE, FL- 32208",,,5526.71,31264.0,09/16/2026 09:00 AM ET,TAXDEED,https://www.duval.realtaxdeed.com/index.cfm?zaction=auction&zmethod=details&AID=1511025&bypassPage=1,https://paopropertysearch.coj.net/Basic/Detail.aspx?RE=0301070000,,www.duval.realtaxdeed.com,2026-08-31T15:52:40+00:00
duval,09/16/2026,,030338-0000,2026-0311TD,04156-2024,,"4824 AMOS ST, JACKSONVILLE, FL- 32209",,,9657.65,123137.0,Redeemed,TAXDEED,https://www.duval.realtaxdeed.com/index.cfm?zaction=auction&zmethod=details&AID=1511313&bypassPage=1,https://paopropertysearch.coj.net/Basic/Detail.aspx?RE=0303380000,,www.duval.realtaxdeed.com,2026-08-31T15:52:40+00:00
duval,09/16/2026,09:00 AM ET,031167-0000,2026-0260TD,04277-2024,,"6165 RAMAR CT, JACKSONVILLE, FL- 32209",,,73282.19,127728.0,09/16/2026 09:00 AM ET,TAXDEED,https://www.duval.realtaxdeed.com/index.cfm?zaction=auction&zmethod=details&AID=1511269&bypassPage=1,https://paopropertysearch.coj.net/Basic/Detail.aspx?RE=0311670000,,www.duval.realtaxdeed.com,2026-08-31T15:52:40+00:00
duval,09/16/2026,09:00 AM ET,031935-0000,2026-0221TD,04375-2024,,"610 CARLTON ST, JACKSONVILLE, FL- 32218",,,7823.49,91616.0,09/16/2026 09:00 AM ET,TAXDEED,https://www.duval.realtaxdeed.com/index.cfm?zaction=auction&zmethod=details&AID=1511875&bypassPage=1,https://paopropertysearch.coj.net/Basic/Detail.aspx?RE=0319350000,,www.duval.realtaxdeed.com,2026-08-31T15:52:40+00:00
duval,09/16/2026,,032200-0000,2026-0398TD,04406-2024,,"9453 W CARBONDALE DR, JACKSONVILLE, FL- 32208",,,14553.75,204673.0,Redeemed,TAXDEED,https://www.duval.realtaxdeed.com/index.cfm?zaction=auction&zmethod=details&AID=1511086&bypassPage=1,https://paopropertysearch.coj.net/Basic/Detail.aspx?RE=0322000000,,www.duval.realtaxdeed.com,2026-08-31T15:52:40+00:00
duval,09/16/2026,09:00 AM ET,032633-0000,2026-0387TD,04452-2024,,"960 MAYNARD ST, JACKSONVILLE, FL- 32208",,,5923.85,61167.0,09/16/2026 09:00 AM ET,TAXDEED,https://www.duval.realtaxdeed.com/index.cfm?zaction=auction&zmethod=details&AID=1511059&bypassPage=1,https://paopropertysearch.coj.net/Basic/Detail.aspx?RE=0326330000,,www.duval.realtaxdeed.com,2026-08-31T15:52:40+00:00
duval,09/16/2026,09:00 AM ET,034106-0000,2026-0278TD,04612-2024,,"6933 OAKWOOD ST, JACKSONVILLE, FL- 32208",,,101434.45,165045.0,09/16/2026 09:00 AM ET,TAXDEED,https://www.duval.realtaxdeed.com/index.cfm?zaction=auction&zmethod=details&AID=1511255&bypassPage=1,https://paopropertysearch.coj.net/Basic/Detail.aspx?RE=0341060000,,www.duval.realtaxdeed.com,2026-08-31T15:52:40+00:00
duval,09/16/2026,,034667-0000,2026-0234TD,04662-2024,,"5706 SILVER PLZ, JACKSONVILLE, FL- 32208",,,8353.92,107323.0,Redeemed,TAXDEED,https://www.duval.realtaxdeed.com/index.cfm?zaction=auction&zmethod=details&AID=1511217&bypassPage=1,https://paopropertysearch.coj.net/Basic/Detail.aspx?RE=0346670000,,www.duval.realtaxdeed.com,2026-08-31T15:52:40+00:00
duval,09/16/2026,09:00 AM ET,036214-0000,2026-0258TD,04829-2024,,"8768 6TH AVE, JACKSONVILLE, FL- 32208",,,10750.56,97461.0,09/16/2026 09:00 AM ET,TAXDEED,https://www.duval.realtaxdeed.com/index.cfm?zaction=auction&zmethod=details&AID=1511235&bypassPage=1,https://paopropertysearch.coj.net/Basic/Detail.aspx?RE=0362140000,,www.duval.realtaxdeed.com,2026-08-31T15:52:40+00:00
duval,09/16/2026,,036469-0000,2026-0261TD,04858-2024,,"2401 SOUTEL DR, JACKSONVILLE, FL- 32208",,,15659.5,219223.0,Redeemed,TAXDEED,https://www.duval.realtaxdeed.com/index.cfm?zaction=auction&zmethod=details&AID=1511268&bypassPage=1,https://paopropertysearch.coj.net/Basic/Detail.aspx?RE=0364690000,,www.duval.realtaxdeed.com,2026-08-31T15:52:40+00:00
duval,09/16/2026,09:00 AM ET,036500-0000,2026-0376TD,04864-2024,,"9268 2ND AVE, JACKSONVILLE, FL- 32208",,,9046.52,73781.0,09/16/2026 09:00 AM ET,TAXDEED,https://www.duval.realtaxdeed.com/index.cfm?zaction=auction&zmethod=details&AID=1511048&bypassPage=1,https://paopropertysearch.coj.net/Basic/Detail.aspx?RE=0365000000,,www.duval.realtaxdeed.com,2026-08-31T15:52:40+00:00
duval,09/16/2026,09:00 AM ET,036809-1000,2026-0244TD,04903-2024,,"8829 4TH AVE, JACKSONVILLE, FL- 32208",,,9095.25,110823.0,09/16/2026 09:00 AM ET,TAXDEED,https://www.duval.realtaxdeed.com/index.cfm?zaction=auction&zmethod=details&AID=1511224&bypassPage=1,https://paopropertysearch.coj.net/Basic/Detail.aspx?RE=0368091000,,www.duval.realtaxdeed.com,2026-08-31T15:52:40+00:00
duval,09/16/2026,09:00 AM ET,037256-0010,2026-0290TD,04946-2024,,"9029 LEM TURNER RD, JACKSONVILLE, FL- 32208",,,18122.35,246464.0,09/16/2026 09:00 AM ET,TAXDEED,https://www.duval.realtaxdeed.com/index.cfm?zaction=auction&zmethod=details&AID=1511288&bypassPage=1,https://paopropertysearch.coj.net/Basic/Detail.aspx?RE=0372560010,,www.duval.realtaxdeed.com,2026-08-31T15:52:40+00:00
duval,09/16/2026,09:00 AM ET,037378-0000,2026-0379TD,04962-2024,,"8835 LEM TURNER RD, JACKSONVILLE, FL- 32208",,,5708.29,70632.0,09/16/2026 09:00 AM ET,TAXDEED,https://www.duval.realtaxdeed.com/index.cfm?zaction=auction&zmethod=details&AID=1511045&bypassPage=1,https://paopropertysearch.coj.net/Basic/Detail.aspx?RE=0373780000,,www.duval.realtaxdeed.com,2026-08-31T15:52:40+00:00
duval,09/16/2026,09:00 AM ET,037457-0000,2026-0366TD,04975-2024,,"1840 PROSPECT ST, JACKSONVILLE, FL- 32208",,,8182.96,69847.0,09/16/2026 09:00 AM ET,TAXDEED,https://www.duval.realtaxdeed.com/index.cfm?zaction=auction&zmethod=details&AID=1511028&bypassPage=1,https://paopropertysearch.coj.net/Basic/Detail.aspx?RE=0374570000,,www.duval.realtaxdeed.com,2026-08-31T15:52:40+00:00
duval,09/16/2026,,037474-0010,2026-0384TD,04978-2024,,"8647 MADISON AVE, JACKSONVILLE, FL- 32208",,,2889.03,29640.0,Redeemed,TAXDEED,https://www.duval.realtaxdeed.com/index.cfm?zaction=auction&zmethod=details&AID=1511040&bypassPage=1,https://paopropertysearch.coj.net/Basic/Detail.aspx?RE=0374740010,,www.duval.realtaxdeed.com,2026-08-31T15:52:40+00:00
duval,09/16/2026,09:00 AM ET,039107-0000,2026-0279TD,05159-2024,,"4920 ARROWSMITH RD, JACKSONVILLE, FL- 32208",,,9770.16,129099.0,09/16/2026 09:00 AM ET,TAXDEED,https://www.duval.realtaxdeed.com/index.cfm?zaction=auction&zmethod=details&AID=1511254&bypassPage=1,https://paopropertysearch.coj.net/Basic/Detail.aspx?RE=0391070000,,www.duval.realtaxdeed.com,2026-08-31T15:52:40+00:00
duval,09/16/2026,09:00 AM ET,039350-0000,2026-0218TD,05180-2024,,"4634 FAIRLEIGH AVE, JACKSONVILLE, FL- 32208",,,6154.25,126358.0,09/16/2026 09:00 AM ET,TAXDEED,https://www.duval.realtaxdeed.com/index.cfm?zaction=auction&zmethod=details&AID=1511877&bypassPage=1,https://paopropertysearch.coj.net/Basic/Detail.aspx?RE=0393500000,,www.duval.realtaxdeed.com,2026-08-31T15:52:40+00:00
duval,09/16/2026,,040536-0030,2026-0394TD,05434-2024,,"4615 N KEN KNIGHT DR, JACKSONVILLE, FL- 32209",,,4434.86,43538.0,Redeemed,TAXDEED,https://www.duval.realtaxdeed.com/index.cfm?zaction=auction&zmethod=details&AID=1511052&bypassPage=1,https://paopropertysearch.coj.net/Basic/Detail.aspx?RE=0405360030,,www.duval.realtaxdeed.com,2026-08-31T15:52:40+00:00
duval,09/16/2026,,040722-0000,2026-0393TD,05475-2024,,"6864 HEMA RD, JACKSONVILLE, FL- 32209",,,7383.95,99708.0,Redeemed,TAXDEED,https://www.duval.realtaxdeed.com/index.cfm?zaction=auction&zmethod=details&AID=1511053&bypassPage=1,https://paopropertysearch.coj.net/Basic/Detail.aspx?RE=0407220000,,www.duval.realtaxdeed.com,2026-08-31T15:52:40+00:00
duval,09/16/2026,09:00 AM ET,041328-0000,2026-0277TD,05542-2024,,"4273 N KATANGA DR, JACKSONVILLE, FL- 32209",,,7422.19,87905.0,09/16/2026 09:00 AM ET,TAXDEED,https://www.duval.realtaxdeed.com/index.cfm?zaction=auction&zmethod=details&AID=1511256&bypassPage=1,https://paopropertysearch.coj.net/Basic/Detail.aspx?RE=0413280000,,www.duval.realtaxdeed.com,2026-08-31T15:52:40+00:00
duval,09/16/2026,,041628-0000,2026-0367TD,05592-2024,,"5030 JIES CT, JACKSONVILLE, FL- 32209",,,12462.86,188268.0,Redeemed,TAXDEED,https://www.duval.realtaxdeed.com/index.cfm?zaction=auction&zmethod=details&AID=1511027&bypassPage=1,https://paopropertysearch.coj.net/Basic/Detail.aspx?RE=0416280000,,www.duval.realtaxdeed.com,2026-08-31T15:52:40+00:00
duval,09/16/2026,,042547-0000,2026-0390TD,05717-2024,,"1744 N LOYOLA DR, JACKSONVILLE, FL- 32218",,,25978.21,46080.0,Redeemed,TAXDEED,https://www.duval.realtaxdeed.com/index.cfm?zaction=auction&zmethod=details&AID=1511056&bypassPage=1,https://paopropertysearch.coj.net/Basic/Detail.aspx?RE=0425470000,,www.duval.realtaxdeed.com,2026-08-31T15:52:40+00:00
duval,09/16/2026,09:00 AM ET,047135-0000,2026-0220TD,06375-2024,,"2233 W 14TH ST, JACKSONVILLE, FL- 32209",,,7903.21,86519.0,09/16/2026 09:00 AM ET,TAXDEED,https://www.duval.realtaxdeed.com/index.cfm?zaction=auction&zmethod=details&AID=1511876&bypassPage=1,https://paopropertysearch.coj.net/Basic/Detail.aspx?RE=0471350000,,www.duval.realtaxdeed.com,2026-08-31T15:52:40+00:00
duval,09/16/2026,,049076-0000,2026-0305TD,06695-2024,,"3519 BOUGAINVILLEA ST, JACKSONVILLE, FL- 32254",,,6702.61,64647.0,Redeemed,TAXDEED,https://www.duval.realtaxdeed.com/index.cfm?zaction=auction&zmethod=details&AID=1511298&bypassPage=1,https://paopropertysearch.coj.net/Basic/Detail.aspx?RE=0490760000,,www.duval.realtaxdeed.com,2026-08-31T15:52:40+00:00
duval,09/16/2026,09:00 AM ET,049524-0000,2026-0245TD,06753-2024,,"2832 W 1ST ST, JACKSONVILLE, FL- 32254",,,7694.9,69036.0,09/16/2026 09:00 AM ET,TAXDEED,https://www.duval.realtaxdeed.com/index.cfm?zaction=auction&zmethod=details&AID=1511223&bypassPage=1,https://paopropertysearch.coj.net/Basic/Detail.aspx?RE=0495240000,,www.duval.realtaxdeed.com,2026-08-31T15:52:40+00:00
duval,09/16/2026,09:00 AM ET,049781-0000,2026-0309TD,06783-2024,,"1080 MACKINAW ST, JACKSONVILLE, FL- 32254",,,5369.9,49346.0,09/16/2026 09:00 AM ET,TAXDEED,https://www.duval.realtaxdeed.com/index.cfm?zaction=auction&zmethod=details&AID=1511294&bypassPage=1,https://paopropertysearch.coj.net/Basic/Detail.aspx?RE=0497810000,,www.duval.realtaxdeed.com,2026-08-31T15:52:40+00:00
duval,09/16/2026,,050011-0000,2026-0296TD,06804-2024,,"1712 DETROIT ST, JACKSONVILLE, FL- 32254",,,8194.78,94564.0,Redeemed,TAXDEED,https://www.duval.realtaxdeed.com/index.cfm?zaction=auction&zmethod=details&AID=1511284&bypassPage=1,https://paopropertysearch.coj.net/Basic/Detail.aspx?RE=0500110000,,www.duval.realtaxdeed.com,2026-08-31T15:52:40+00:00
duval,09/16/2026,,051081-0000,2026-0217TD,06975-2024,,"1515 KINGS RD, JACKSONVILLE, FL- 32209",,,7870.26,92110.0,Redeemed,TAXDEED,https://www.duval.realtaxdeed.com/index.cfm?zaction=auction&zmethod=details&AID=1511878&bypassPage=1,https://paopropertysearch.coj.net/Basic/Detail.aspx?RE=0510810000,,www.duval.realtaxdeed.com,2026-08-31T15:52:40+00:00
duval,09/16/2026,09:00 AM ET,052957-0000,2026-0210TD,07273-2024,,"1357 HART ST, JACKSONVILLE, FL- 32209",,,5211.6,94738.0,09/16/2026 09:00 AM ET,TAXDEED,https://www.duval.realtaxdeed.com/index.cfm?zaction=auction&zmethod=details&AID=1511127&bypassPage=1,https://paopropertysearch.coj.net/Basic/Detail.aspx?RE=0529570000,,www.duval.realtaxdeed.com,2026-08-31T15:52:40+00:00
duval,09/16/2026,,052969-0000,2026-0349TD,07275-2024,,"1439 KINGS RD, JACKSONVILLE, FL- 32209",,,5942.22,49775.0,Redeemed,TAXDEED,https://www.duval.realtaxdeed.com/index.cfm?zaction=auction&zmethod=details&AID=1512811&bypassPage=1,https://paopropertysearch.coj.net/Basic/Detail.aspx?RE=0529690000,,www.duval.realtaxdeed.com,2026-08-31T15:52:40+00:00
duval,09/16/2026,09:00 AM ET,053712-0000,2026-0212TD,07513-2021,,"1210 W 6TH ST, JACKSONVILLE, FL- 32209",,,1721.68,310.0,09/16/2026 09:00 AM ET,TAXDEED,https://www.duval.realtaxdeed.com/index.cfm?zaction=auction&zmethod=details&AID=1510896&bypassPage=1,https://paopropertysearch.coj.net/Basic/Detail.aspx?RE=0537120000,,www.duval.realtaxdeed.com,2026-08-31T15:52:40+00:00
duval,09/16/2026,09:00 AM ET,053741-0000,2026-0211TD,07521-2021,,"1209 W 5TH ST, JACKSONVILLE, FL- 32209",,,1717.26,310.0,09/16/2026 09:00 AM ET,TAXDEED,https://www.duval.realtaxdeed.com/index.cfm?zaction=auction&zmethod=details&AID=1510897&bypassPage=1,https://paopropertysearch.coj.net/Basic/Detail.aspx?RE=0537410000,,www.duval.realtaxdeed.com,2026-08-31T15:52:40+00:00
duval,09/16/2026,09:00 AM ET,054695-0000,2026-0213TD,09794-2020,,"CLEVELAND ST, JACKSONVILLE, FL- 32209",,,1773.87,481.0,09/16/2026 09:00 AM ET,TAXDEED,https://www.duval.realtaxdeed.com/index.cfm?zaction=auction&zmethod=details&AID=1510895&bypassPage=1,https://paopropertysearch.coj.net/Basic/Detail.aspx?RE=0546950000,,www.duval.realtaxdeed.com,2026-08-31T15:52:40+00:00
duval,09/16/2026,09:00 AM ET,054696-0000,2026-0214TD,09795-2020,,"1311 CLEVELAND ST, JACKSONVILLE, FL- 32209",,,1735.32,481.0,09/16/2026 09:00 AM ET,TAXDEED,https://www.duval.realtaxdeed.com/index.cfm?zaction=auction&zmethod=details&AID=1510898&bypassPage=1,https://paopropertysearch.coj.net/Basic/Detail.aspx?RE=0546960000,,www.duval.realtaxdeed.com,2026-08-31T15:52:40+00:00
duval,09/16/2026,09:00 AM ET,056353-0000,2026-0216TD,07763-2024,,"512 WILLOW BRANCH AVE, JACKSONVILLE, FL- 32254",,,6691.11,81362.0,09/16/2026 09:00 AM ET,TAXDEED,https://www.duval.realtaxdeed.com/index.cfm?zaction=auction&zmethod=details&AID=1511879&bypassPage=1,https://paopropertysearch.coj.net/Basic/Detail.aspx?RE=0563530000,,www.duval.realtaxdeed.com,2026-08-31T15:52:40+00:00
duval,09/16/2026,09:00 AM ET,058765-0010,2026-0316TD,08054-2024,,"3556 DIGNAN ST, JACKSONVILLE, FL- 32254",,,8418.78,108150.0,09/16/2026 09:00 AM ET,TAXDEED,https://www.duval.realtaxdeed.com/index.cfm?zaction=auction&zmethod=details&AID=1511308&bypassPage=1,https://paopropertysearch.coj.net/Basic/Detail.aspx?RE=0587650010,,www.duval.realtaxdeed.com,2026-08-31T15:52:40+00:00
duval,09/16/2026,09:00 AM ET,059223-0000,2026-0339TD,08122-2024,,"5285 BROADWAY AVE, JACKSONVILLE, FL- 32254",,,54652.84,96152.0,09/16/2026 09:00 AM ET,TAXDEED,https://www.duval.realtaxdeed.com/index.cfm?zaction=auction&zmethod=details&AID=1511326&bypassPage=1,https://paopropertysearch.coj.net/Basic/Detail.aspx?RE=0592230000,,www.duval.realtaxdeed.com,2026-08-31T15:52:40+00:00
duval,09/16/2026,,061894-0000,2026-0353TD,08288-2024,,"612 METEOR ST, JACKSONVILLE, FL- 32205",,,8747.79,86542.0,Redeemed,TAXDEED,https://www.duval.realtaxdeed.com/index.cfm?zaction=auction&zmethod=details&AID=1512813&bypassPage=1,https://paopropertysearch.coj.net/Basic/Detail.aspx?RE=0618940000,,www.duval.realtaxdeed.com,2026-08-31T15:52:40+00:00
duval,09/16/2026,09:00 AM ET,063323-0000,2026-0183TD,08342-2024,,"2954 LENOX AVE, JACKSONVILLE, FL- 32254",,,5507.6,37724.0,09/16/2026 09:00 AM ET,TAXDEED,https://www.duval.realtaxdeed.com/index.cfm?zaction=auction&zmethod=details&AID=1512759&bypassPage=1,https://paopropertysearch.coj.net/Basic/Detail.aspx?RE=0633230000,,www.duval.realtaxdeed.com,2026-08-31T15:52:40+00:00
duval,09/16/2026,,065857-0000,2026-0276TD,08475-2024,,"4611 PLYMOUTH ST, JACKSONVILLE, FL- 32205",,,5302.21,187769.0,Redeemed,TAXDEED,https://www.duval.realtaxdeed.com/index.cfm?zaction=auction&zmethod=details&AID=1511257&bypassPage=1,https://paopropertysearch.coj.net/Basic/Detail.aspx?RE=0658570000,,www.duval.realtaxdeed.com,2026-08-31T15:52:40+00:00
duval,09/16/2026,09:00 AM ET,066751-0000,2026-0264TD,08517-2024,,"6018 EDGEFIELD DR, JACKSONVILLE, FL- 32205",,,9864.14,125545.0,09/16/2026 09:00 AM ET,TAXDEED,https://www.duval.realtaxdeed.com/index.cfm?zaction=auction&zmethod=details&AID=1511264&bypassPage=1,https://paopropertysearch.coj.net/Basic/Detail.aspx?RE=0667510000,,www.duval.realtaxdeed.com,2026-08-31T15:52:40+00:00
duval,09/16/2026,09:00 AM ET,070162-0000,2026-0255TD,08700-2024,,"2020 GENEVE ST, JACKSONVILLE, FL- 32207",,,57019.99,94787.0,09/16/2026 09:00 AM ET,TAXDEED,https://www.duval.realtaxdeed.com/index.cfm?zaction=auction&zmethod=details&AID=1511236&bypassPage=1,https://paopropertysearch.coj.net/Basic/Detail.aspx?RE=0701620000,,www.duval.realtaxdeed.com,2026-08-31T15:52:40+00:00
duval,09/16/2026,,071087-0000,2026-0273TD,08761-2024,,"133 W 4TH ST, JACKSONVILLE, FL- 32206",,,23427.59,308686.0,Redeemed,TAXDEED,https://www.duval.realtaxdeed.com/index.cfm?zaction=auction&zmethod=details&AID=1511260&bypassPage=1,https://paopropertysearch.coj.net/Basic/Detail.aspx?RE=0710870000,,www.duval.realtaxdeed.com,2026-08-31T15:52:40+00:00
duval,09/16/2026,09:00 AM ET,071287-0000,2026-0360TD,08780-2024,,"130 E 6TH ST 1, JACKSONVILLE, FL- 32206",,,8033.4,82278.0,09/16/2026 09:00 AM ET,TAXDEED,https://www.duval.realtaxdeed.com/index.cfm?zaction=auction&zmethod=details&AID=1512822&bypassPage=1,https://paopropertysearch.coj.net/Basic/Detail.aspx?RE=0712870000,,www.duval.realtaxdeed.com,2026-08-31T15:52:40+00:00
duval,09/16/2026,,071858-0020,2026-0241TD,08833-2024,,"1820 N MARKET ST, JACKSONVILLE, FL- 32206",,,29592.47,470999.0,Redeemed,TAXDEED,https://www.duval.realtaxdeed.com/index.cfm?zaction=auction&zmethod=details&AID=1511227&bypassPage=1,https://paopropertysearch.coj.net/Basic/Detail.aspx?RE=0718580020,,www.duval.realtaxdeed.com,2026-08-31T15:52:40+00:00
duval,09/16/2026,09:00 AM ET,074676-0000,2026-0201TD,09036-2024,,"810 CLAY ST, JACKSONVILLE, FL- 32202",,,2976.97,23190.0,09/16/2026 09:00 AM ET,TAXDEED,https://www.duval.realtaxdeed.com/index.cfm?zaction=auction&zmethod=details&AID=1512805&bypassPage=1,https://paopropertysearch.coj.net/Basic/Detail.aspx?RE=0746760000,,www.duval.realtaxdeed.com,2026-08-31T15:52:40+00:00
duval,09/16/2026,09:00 AM ET,075746-0000,2026-0171TD,09076-2024,,"828 EAVERSON ST, JACKSONVILLE, FL- 32204",,,5137.29,30573.0,09/16/2026 09:00 AM ET,TAXDEED,https://www.duval.realtaxdeed.com/index.cfm?zaction=auction&zmethod=details&AID=1512716&bypassPage=1,https://paopropertysearch.coj.net/Basic/Detail.aspx?RE=0757460000,,www.duval.realtaxdeed.com,2026-08-31T15:52:40+00:00
duval,09/16/2026,,084574-0000,2026-0176TD,09738-2024,,"1036 W 26TH ST, JACKSONVILLE, FL- 32209",,,5286.39,53961.0,Redeemed,TAXDEED,https://www.duval.realtaxdeed.com/index.cfm?zaction=auction&zmethod=details&AID=1512750&bypassPage=1,https://paopropertysearch.coj.net/Basic/Detail.aspx?RE=0845740000,,www.duval.realtaxdeed.com,2026-08-31T15:52:40+00:00
duval,09/16/2026,09:00 AM ET,084970-0010,2026-0198TD,09810-2024,,"4417 GRUNTHAL ST, JACKSONVILLE, FL- 32209",,,4424.24,40516.0,09/16/2026 09:00 AM ET,TAXDEED,https://www.duval.realtaxdeed.com/index.cfm?zaction=auction&zmethod=details&AID=1512787&bypassPage=1,https://paopropertysearch.coj.net/Basic/Detail.aspx?RE=0849700010,,www.duval.realtaxdeed.com,2026-08-31T15:52:40+00:00
duval,09/16/2026,09:00 AM ET,085045-0000,2026-0206TD,09833-2024,,"1595 W 33RD ST, JACKSONVILLE, FL- 32209",,,6220.65,68422.0,09/16/2026 09:00 AM ET,TAXDEED,https://www.duval.realtaxdeed.com/index.cfm?zaction=auction&zmethod=details&AID=1512802&bypassPage=1,https://paopropertysearch.coj.net/Basic/Detail.aspx?RE=0850450000,,www.duval.realtaxdeed.com,2026-08-31T15:52:40+00:00
duval,09/16/2026,09:00 AM ET,085251-0000,2026-0189TD,09883-2024,,"3900 WILSON ST, JACKSONVILLE, FL- 32209",,,5441.21,37191.0,09/16/2026 09:00 AM ET,TAXDEED,https://www.duval.realtaxdeed.com/index.cfm?zaction=auction&zmethod=details&AID=1512771&bypassPage=1,https://paopropertysearch.coj.net/Basic/Detail.aspx?RE=0852510000,,www.duval.realtaxdeed.com,2026-08-31T15:52:40+00:00
duval,09/16/2026,,085445-0000,2026-0231TD,09920-2024,,"1603 W 27TH ST, JACKSONVILLE, FL- 32209",,,5655.77,98400.0,Redeemed,TAXDEED,https://www.duval.realtaxdeed.com/index.cfm?zaction=auction&zmethod=details&AID=1511205&bypassPage=1,https://paopropertysearch.coj.net/Basic/Detail.aspx?RE=0854450000,,www.duval.realtaxdeed.com,2026-08-31T15:52:40+00:00
duval,09/16/2026,09:00 AM ET,085585-0000,2026-0197TD,09938-2024,,"1343 W 26TH ST, JACKSONVILLE, FL- 32209",,,5555.59,45804.0,09/16/2026 09:00 AM ET,TAXDEED,https://www.duval.realtaxdeed.com/index.cfm?zaction=auction&zmethod=details&AID=1512774&bypassPage=1,https://paopropertysearch.coj.net/Basic/Detail.aspx?RE=0855850000,,www.duval.realtaxdeed.com,2026-08-31T15:52:40+00:00
duval,09/16/2026,09:00 AM ET,086901-0000,2026-0172TD,10174-2024,,"1551 W 24TH ST, JACKSONVILLE, FL- 32209",,,6259.99,62633.0,09/16/2026 09:00 AM ET,TAXDEED,https://www.duval.realtaxdeed.com/index.cfm?zaction=auction&zmethod=details&AID=1512755&bypassPage=1,https://paopropertysearch.coj.net/Basic/Detail.aspx?RE=0869010000,,www.duval.realtaxdeed.com,2026-08-31T15:52:40+00:00
duval,09/16/2026,09:00 AM ET,087202-0000,2026-0194TD,10226-2024,,"1818 W 24TH ST, JACKSONVILLE, FL- 32209",,,5071.62,42426.0,09/16/2026 09:00 AM ET,TAXDEED,https://www.duval.realtaxdeed.com/index.cfm?zaction=auction&zmethod=details&AID=1512777&bypassPage=1,https://paopropertysearch.coj.net/Basic/Detail.aspx?RE=0872020000,,www.duval.realtaxdeed.com,2026-08-31T15:52:40+00:00
duval,09/16/2026,,087958-0050,2026-0351TD,10362-2024,,"534 ALDER ST, JACKSONVILLE, FL- 32206",,,38504.45,69001.0,Redeemed,TAXDEED,https://www.duval.realtaxdeed.com/index.cfm?zaction=auction&zmethod=details&AID=1512815&bypassPage=1,https://paopropertysearch.coj.net/Basic/Detail.aspx?RE=0879580050,,www.duval.realtaxdeed.com,2026-08-31T15:52:40+00:00
duval,09/16/2026,09:00 AM ET,088421-0000,2026-0195TD,10454-2024,,"1490 MITCHELL ST, JACKSONVILLE, FL- 32209",,,5409.97,32022.0,09/16/2026 09:00 AM ET,TAXDEED,https://www.duval.realtaxdeed.com/index.cfm?zaction=auction&zmethod=details&AID=1512776&bypassPage=1,https://paopropertysearch.coj.net/Basic/Detail.aspx?RE=0884210000,,www.duval.realtaxdeed.com,2026-08-31T15:52:40+00:00
duval,09/16/2026,09:00 AM ET,095436-0000,2026-0170TD,10789-2024,,"0 HEYWOOD ST, JACKSONVILLE, FL- 32207",,,7225.05,96740.0,09/16/2026 09:00 AM ET,TAXDEED,https://www.duval.realtaxdeed.com/index.cfm?zaction=auction&zmethod=details&AID=1512717&bypassPage=1,https://paopropertysearch.coj.net/Basic/Detail.aspx?RE=0954360000,,www.duval.realtaxdeed.com,2026-08-31T15:52:40+00:00
duval,09/16/2026,,095973-0000,2026-0291TD,10818-2024,,"6216 SAUTERNE DR, JACKSONVILLE, FL- 32210",,,10632.74,151682.0,Redeemed,TAXDEED,https://www.duval.realtaxdeed.com/index.cfm?zaction=auction&zmethod=details&AID=1511287&bypassPage=1,https://paopropertysearch.coj.net/Basic/Detail.aspx?RE=0959730000,,www.duval.realtaxdeed.com,2026-08-31T15:52:40+00:00
duval,09/16/2026,,096954-0000,2026-0252TD,10855-2024,,"5675 FIAT LN, JACKSONVILLE, FL- 32244",,,14858.81,158444.0,Redeemed,TAXDEED,https://www.duval.realtaxdeed.com/index.cfm?zaction=auction&zmethod=details&AID=1511238&bypassPage=1,https://paopropertysearch.coj.net/Basic/Detail.aspx?RE=0969540000,,www.duval.realtaxdeed.com,2026-08-31T15:52:40+00:00
duval,09/16/2026,,097007-0000,2026-0263TD,10857-2024,,"5815 HILLMAN DR, JACKSONVILLE, FL- 32244",,,11334.59,152853.0,Redeemed,TAXDEED,https://www.duval.realtaxdeed.com/index.cfm?zaction=auction&zmethod=details&AID=1511267&bypassPage=1,https://paopropertysearch.coj.net/Basic/Detail.aspx?RE=0970070000,,www.duval.realtaxdeed.com,2026-08-31T15:52:40+00:00
duval,09/16/2026,09:00 AM ET,097039-0000,2026-0243TD,10861-2024,,"7847 RENAULT DR, JACKSONVILLE, FL- 32244",,,13282.07,127314.0,09/16/2026 09:00 AM ET,TAXDEED,https://www.duval.realtaxdeed.com/index.cfm?zaction=auction&zmethod=details&AID=1511225&bypassPage=1,https://paopropertysearch.coj.net/Basic/Detail.aspx?RE=0970390000,,www.duval.realtaxdeed.com,2026-08-31T15:52:40+00:00
duval,09/16/2026,,097278-0000,2026-0331TD,10875-2024,,"7968 TRIUMPH LN, JACKSONVILLE, FL- 32244",,,36987.1,64148.0,Redeemed,TAXDEED,https://www.duval.realtaxdeed.com/index.cfm?zaction=auction&zmethod=details&AID=1511331&bypassPage=1,https://paopropertysearch.coj.net/Basic/Detail.aspx?RE=0972780000,,www.duval.realtaxdeed.com,2026-08-31T15:52:40+00:00
duval,09/16/2026,,098220-0000,2026-0186TD,10944-2024,,"MORSE AVE, JACKSONVILLE, FL- 32244",,,3241.99,35643.0,Redeemed,TAXDEED,https://www.duval.realtaxdeed.com/index.cfm?zaction=auction&zmethod=details&AID=1512757&bypassPage=1,https://paopropertysearch.coj.net/Basic/Detail.aspx?RE=0982200000,,www.duval.realtaxdeed.com,2026-08-31T15:52:40+00:00
duval,09/16/2026,09:00 AM ET,098380-3645,2026-0352TD,10981-2024,,"5549 ORTEGA PARK BLVD, JACKSONVILLE, FL- 32244",,,15901.96,221817.0,09/16/2026 09:00 AM ET,TAXDEED,https://www.duval.realtaxdeed.com/index.cfm?zaction=auction&zmethod=details&AID=1512814&bypassPage=1,https://paopropertysearch.coj.net/Basic/Detail.aspx?RE=0983803645,,www.duval.realtaxdeed.com,2026-08-31T15:52:40+00:00
duval,09/16/2026,09:00 AM ET,098545-0000,2026-0280TD,10996-2024,,"4925 AVENT DR, JACKSONVILLE, FL- 32244",,,12703.95,157361.0,09/16/2026 09:00 AM ET,TAXDEED,https://www.duval.realtaxdeed.com/index.cfm?zaction=auction&zmethod=details&AID=1511253&bypassPage=1,https://paopropertysearch.coj.net/Basic/Detail.aspx?RE=0985450000,,www.duval.realtaxdeed.com,2026-08-31T15:52:40+00:00
duval,09/16/2026,,099199-0536,2026-0250TD,11064-2024,,"1604 ARCADIA DR 201, JACKSONVILLE, FL- 32207",,,8112.24,70000.0,Redeemed,TAXDEED,https://www.duval.realtaxdeed.com/index.cfm?zaction=auction&zmethod=details&AID=1511239&bypassPage=1,https://paopropertysearch.coj.net/Basic/Detail.aspx?RE=0991990536,,www.duval.realtaxdeed.com,2026-08-31T15:52:40+00:00
duval,09/16/2026,,100552-0220,2026-0337TD,11101-2024,,"4358 TIMUQUANA RD 181, JACKSONVILLE, FL- 32210",,,6220.43,105000.0,Redeemed,TAXDEED,https://www.duval.realtaxdeed.com/index.cfm?zaction=auction&zmethod=details&AID=1511327&bypassPage=1,https://paopropertysearch.coj.net/Basic/Detail.aspx?RE=1005520220,,www.duval.realtaxdeed.com,2026-08-31T15:52:40+00:00
duval,09/16/2026,,101293-0000,2026-0268TD,11118-2024,,"4638 MARTINGALE RD, JACKSONVILLE, FL- 32210",,,98226.34,176663.0,Redeemed,TAXDEED,https://www.duval.realtaxdeed.com/index.cfm?zaction=auction&zmethod=details&AID=1511261&bypassPage=1,https://paopropertysearch.coj.net/Basic/Detail.aspx?RE=1012930000,,www.duval.realtaxdeed.com,2026-08-31T15:52:40+00:00
duval,09/16/2026,09:00 AM ET,102558-0000,2026-0323TD,`11143-2024,,"4351 TIMUQUANA RD, JACKSONVILLE, FL- 32210",,,16980.79,244660.0,09/16/2026 09:00 AM ET,TAXDEED,https://www.duval.realtaxdeed.com/index.cfm?zaction=auction&zmethod=details&AID=1511318&bypassPage=1,https://paopropertysearch.coj.net/Basic/Detail.aspx?RE=1025580000,,www.duval.realtaxdeed.com,2026-08-31T15:52:40+00:00
duval,09/16/2026,,103087-0000,2026-0306TD,11160-2024,,"5220 CATOMA ST, JACKSONVILLE, FL- 32210",,,17960.28,268940.0,Redeemed,TAXDEED,https://www.duval.realtaxdeed.com/index.cfm?zaction=auction&zmethod=details&AID=1511297&bypassPage=1,https://paopropertysearch.coj.net/Basic/Detail.aspx?RE=1030870000,,www.duval.realtaxdeed.com,2026-08-31T15:52:40+00:00
duval,09/16/2026,,103104-0000,2026-0329TD,11164-2024,,"5537 101ST ST, JACKSONVILLE, FL- 32210",,,20118.13,256576.0,Redeemed,TAXDEED,https://www.duval.realtaxdeed.com/index.cfm?zaction=auction&zmethod=details&AID=1511333&bypassPage=1,https://paopropertysearch.coj.net/Basic/Detail.aspx?RE=1031040000,,www.duval.realtaxdeed.com,2026-08-31T15:52:40+00:00
duval,09/16/2026,09:00 AM ET,103175-0000,2026-0169TD,11173-2024,,"5571 110TH ST, JACKSONVILLE, FL- 32244",,,6354.81,70434.0,09/16/2026 09:00 AM ET,TAXDEED,https://www.duval.realtaxdeed.com/index.cfm?zaction=auction&zmethod=details&AID=1512719&bypassPage=1,https://paopropertysearch.coj.net/Basic/Detail.aspx?RE=1031750000,,www.duval.realtaxdeed.com,2026-08-31T15:52:40+00:00
duval,09/16/2026,09:00 AM ET,103888-0000,2026-0240TD,11261-2024,,"5129 SANTA CRUZ LN, JACKSONVILLE, FL- 32210",,,13608.4,200596.0,09/16/2026 09:00 AM ET,TAXDEED,https://www.duval.realtaxdeed.com/index.cfm?zaction=auction&zmethod=details&AID=1511228&bypassPage=1,https://paopropertysearch.coj.net/Basic/Detail.aspx?RE=1038880000,,www.duval.realtaxdeed.com,2026-08-31T15:52:40+00:00
duval,09/16/2026,,104573-0000,2026-0237TD,11291-2024,,"5785 WILSON BLVD, JACKSONVILLE, FL- 32210",,,17761.87,255200.0,Redeemed,TAXDEED,https://www.duval.realtaxdeed.com/index.cfm?zaction=auction&zmethod=details&AID=1511215&bypassPage=1,https://paopropertysearch.coj.net/Basic/Detail.aspx?RE=1045730000,,www.duval.realtaxdeed.com,2026-08-31T15:52:40+00:00
duval,09/16/2026,,106178-0020,2026-0317TD,11438-2024,,"2934 STARRATT RD, JACKSONVILLE, FL- 32226",,,20413.62,274589.0,Redeemed,TAXDEED,https://www.duval.realtaxdeed.com/index.cfm?zaction=auction&zmethod=details&AID=1511307&bypassPage=1,https://paopropertysearch.coj.net/Basic/Detail.aspx?RE=1061780020,,www.duval.realtaxdeed.com,2026-08-31T15:52:40+00:00
duval,09/16/2026,,106208-0640,2026-0332TD,11443-2024,,"2701 MARSHLAND DR, JACKSONVILLE, FL- 32226-1223",,,15688.42,236710.0,Redeemed,TAXDEED,https://www.duval.realtaxdeed.com/index.cfm?zaction=auction&zmethod=details&AID=1511330&bypassPage=1,https://paopropertysearch.coj.net/Basic/Detail.aspx?RE=1062080640,,www.duval.realtaxdeed.com,2026-08-31T15:52:40+00:00
duval,09/16/2026,,106702-1750,2026-0165TD,11528-2024,,"391 RED DAHLIA LN, JACKSONVILLE, FL- 32218",,,179494.67,352960.0,Redeemed,TAXDEED,https://www.duval.realtaxdeed.com/index.cfm?zaction=auction&zmethod=details&AID=1513161&bypassPage=1,https://paopropertysearch.coj.net/Basic/Detail.aspx?RE=1067021750,,www.duval.realtaxdeed.com,2026-08-31T15:52:40+00:00
duval,09/16/2026,09:00 AM ET,106744-0035,2026-0191TD,11536-2024,,"TINY DR, JACKSONVILLE, FL- 32218",,,3515.01,30100.0,09/16/2026 09:00 AM ET,TAXDEED,https://www.duval.realtaxdeed.com/index.cfm?zaction=auction&zmethod=details&AID=1512770&bypassPage=1,https://paopropertysearch.coj.net/Basic/Detail.aspx?RE=1067440035,,www.duval.realtaxdeed.com,2026-08-31T15:52:40+00:00
duval,09/16/2026,09:00 AM ET,106781-0000,2026-0275TD,11543-2024,,"1048 FIELDS RD, JACKSONVILLE, FL- 32218",,,15085.91,193763.0,09/16/2026 09:00 AM ET,TAXDEED,https://www.duval.realtaxdeed.com/index.cfm?zaction=auction&zmethod=details&AID=1511258&bypassPage=1,https://paopropertysearch.coj.net/Basic/Detail.aspx?RE=1067810000,,www.duval.realtaxdeed.com,2026-08-31T15:52:40+00:00
duval,09/16/2026,09:00 AM ET,108082-0015,2026-0180TD,11709-2024,,"14143 TIKI LN, JACKSONVILLE, FL- 32226",,,13849.78,169467.0,09/16/2026 09:00 AM ET,TAXDEED,https://www.duval.realtaxdeed.com/index.cfm?zaction=auction&zmethod=details&AID=1512762&bypassPage=1,https://paopropertysearch.coj.net/Basic/Detail.aspx?RE=1080820015,,www.duval.realtaxdeed.com,2026-08-31T15:52:40+00:00
duval,09/16/2026,09:00 AM ET,108094-0080,2026-0289TD,11718-2024,,"14340 DENTON RD, JACKSONVILLE, FL- 32226",,,14968.68,200217.0,09/16/2026 09:00 AM ET,TAXDEED,https://www.duval.realtaxdeed.com/index.cfm?zaction=auction&zmethod=details&AID=1511289&bypassPage=1,https://paopropertysearch.coj.net/Basic/Detail.aspx?RE=1080940080,,www.duval.realtaxdeed.com,2026-08-31T15:52:40+00:00
duval,09/16/2026,09:00 AM ET,110724-0000,2026-0286TD,11947-2024,,"1842 FAYE RD, JACKSONVILLE, FL- 32218",,,12435.86,150085.0,09/16/2026 09:00 AM ET,TAXDEED,https://www.duval.realtaxdeed.com/index.cfm?zaction=auction&zmethod=details&AID=1511249&bypassPage=1,https://paopropertysearch.coj.net/Basic/Detail.aspx?RE=1107240000,,www.duval.realtaxdeed.com,2026-08-31T15:52:40+00:00
duval,09/16/2026,09:00 AM ET,111197-0000,2026-0259TD,12010-2024,,"5404 TELFAIR ST, JACKSONVILLE, FL- 32208",,,6461.49,103967.0,09/16/2026 09:00 AM ET,TAXDEED,https://www.duval.realtaxdeed.com/index.cfm?zaction=auction&zmethod=details&AID=1511270&bypassPage=1,https://paopropertysearch.coj.net/Basic/Detail.aspx?RE=1111970000,,www.duval.realtaxdeed.com,2026-08-31T15:52:40+00:00
duval,09/16/2026,09:00 AM ET,112922-0000,2026-0208TD,12089-2024,,"SHAUNA OAKS DR, JACKSONVILLE, FL- 32277",,,3763.21,28187.0,09/16/2026 09:00 AM ET,TAXDEED,https://www.duval.realtaxdeed.com/index.cfm?zaction=auction&zmethod=details&AID=1512800&bypassPage=1,https://paopropertysearch.coj.net/Basic/Detail.aspx?RE=1129220000,,www.duval.realtaxdeed.com,2026-08-31T15:52:40+00:00
duval,09/16/2026,,113874-0210,2026-0178TD,12191-2024,,"1820 EVERGREEN AVE, JACKSONVILLE, FL- 32206",,,11187.18,150246.0,Redeemed,TAXDEED,https://www.duval.realtaxdeed.com/index.cfm?zaction=auction&zmethod=details&AID=1512763&bypassPage=1,https://paopropertysearch.coj.net/Basic/Detail.aspx?RE=1138740210,,www.duval.realtaxdeed.com,2026-08-31T15:52:40+00:00
duval,09/16/2026,09:00 AM ET,114076-0000,2026-0173TD,12220-2024,,"2053 FRANKLIN ST, JACKSONVILLE, FL- 32206",,,4494.2,33069.0,09/16/2026 09:00 AM ET,TAXDEED,https://www.duval.realtaxdeed.com/index.cfm?zaction=auction&zmethod=details&AID=1512754&bypassPage=1,https://paopropertysearch.coj.net/Basic/Detail.aspx?RE=1140760000,,www.duval.realtaxdeed.com,2026-08-31T15:52:40+00:00
duval,09/16/2026,09:00 AM ET,114480-0000,2026-0203TD,12276-2024,,"1333 EVERGREEN AVE, JACKSONVILLE, FL- 32206",,,5253.85,47379.0,09/16/2026 09:00 AM ET,TAXDEED,https://www.duval.realtaxdeed.com/index.cfm?zaction=auction&zmethod=details&AID=1512804&bypassPage=1,https://paopropertysearch.coj.net/Basic/Detail.aspx?RE=1144800000,,www.duval.realtaxdeed.com,2026-08-31T15:52:40+00:00
duval,09/16/2026,09:00 AM ET,114481-0000,2026-0200TD,12277-2024,,"1335 EVERGREEN AVE, JACKSONVILLE, FL- 32206",,,5402.33,54991.0,09/16/2026 09:00 AM ET,TAXDEED,https://www.duval.realtaxdeed.com/index.cfm?zaction=auction&zmethod=details&AID=1512806&bypassPage=1,https://paopropertysearch.coj.net/Basic/Detail.aspx?RE=1144810000,,www.duval.realtaxdeed.com,2026-08-31T15:52:40+00:00
duval,09/16/2026,09:00 AM ET,114481-0020,2026-0192TD,12278-2024,,"1339 EVERGREEN AVE, JACKSONVILLE, FL- 32206",,,4732.56,39031.0,09/16/2026 09:00 AM ET,TAXDEED,https://www.duval.realtaxdeed.com/index.cfm?zaction=auction&zmethod=details&AID=1512769&bypassPage=1,https://paopropertysearch.coj.net/Basic/Detail.aspx?RE=1144810020,,www.duval.realtaxdeed.com,2026-08-31T15:52:40+00:00
duval,09/16/2026,,115034-0000,2026-0326TD,12381-2024,,"2210 PHOENIX AVE, JACKSONVILLE, FL- 32206",,,13255.7,194914.0,Redeemed,TAXDEED,https://www.duval.realtaxdeed.com/index.cfm?zaction=auction&zmethod=details&AID=1511316&bypassPage=1,https://paopropertysearch.coj.net/Basic/Detail.aspx?RE=1150340000,,www.duval.realtaxdeed.com,2026-08-31T15:52:40+00:00
duval,09/16/2026,09:00 AM ET,115355-0000,2026-0193TD,12423-2024,,"2140 EGNER ST, JACKSONVILLE, FL- 32206",,,5232.16,45813.0,09/16/2026 09:00 AM ET,TAXDEED,https://www.duval.realtaxdeed.com/index.cfm?zaction=auction&zmethod=details&AID=1512778&bypassPage=1,https://paopropertysearch.coj.net/Basic/Detail.aspx?RE=1153550000,,www.duval.realtaxdeed.com,2026-08-31T15:52:40+00:00
duval,09/16/2026,,119028-0000,2026-0249TD,12630-2024,,"2524 E MAYAPPLE RD, JACKSONVILLE, FL- 32211",,,11331.2,141918.0,Redeemed,TAXDEED,https://www.duval.realtaxdeed.com/index.cfm?zaction=auction&zmethod=details&AID=1511240&bypassPage=1,https://paopropertysearch.coj.net/Basic/Detail.aspx?RE=1190280000,,www.duval.realtaxdeed.com,2026-08-31T15:52:40+00:00
duval,09/16/2026,09:00 AM ET,119740-0000,2026-0318TD,12659-2024,,"2935 MANSION RD, JACKSONVILLE, FL- 32277",,,10413.78,175885.0,09/16/2026 09:00 AM ET,TAXDEED,https://www.duval.realtaxdeed.com/index.cfm?zaction=auction&zmethod=details&AID=1511306&bypassPage=1,https://paopropertysearch.coj.net/Basic/Detail.aspx?RE=1197400000,,www.duval.realtaxdeed.com,2026-08-31T15:52:40+00:00
duval,09/16/2026,,120618-0110,2026-0302TD,12702-2024,,"1651 SOUTHSIDE CONNECTOR BLVD, JACKSONVILLE, FL- 32225",,,26991.77,424700.0,Redeemed,TAXDEED,https://www.duval.realtaxdeed.com/index.cfm?zaction=auction&zmethod=details&AID=1511301&bypassPage=1,https://paopropertysearch.coj.net/Basic/Detail.aspx?RE=1206180110,,www.duval.realtaxdeed.com,2026-08-31T15:52:40+00:00
duval,09/16/2026,,122200-0000,2026-0174TD,12778-2024,,"631 ODESSA ST, JACKSONVILLE, FL- 32206",,,2836.57,30776.0,Redeemed,TAXDEED,https://www.duval.realtaxdeed.com/index.cfm?zaction=auction&zmethod=details&AID=1512752&bypassPage=1,https://paopropertysearch.coj.net/Basic/Detail.aspx?RE=1222000000,,www.duval.realtaxdeed.com,2026-08-31T15:52:40+00:00
duval,09/16/2026,09:00 AM ET,122301-0000,2026-0177TD,12794-2024,,"705 PIPPIN ST, JACKSONVILLE, FL- 32206",,,6236.78,67898.0,09/16/2026 09:00 AM ET,TAXDEED,https://www.duval.realtaxdeed.com/index.cfm?zaction=auction&zmethod=details&AID=1512764&bypassPage=1,https://paopropertysearch.coj.net/Basic/Detail.aspx?RE=1223010000,,www.duval.realtaxdeed.com,2026-08-31T15:52:40+00:00
duval,09/16/2026,09:00 AM ET,122322-0010,2026-0356TD,12796-2024,,"820 A PHILIP RANDOLPH BLVD, JACKSONVILLE, FL- 32206",,,21754.54,402400.0,09/16/2026 09:00 AM ET,TAXDEED,https://www.duval.realtaxdeed.com/index.cfm?zaction=auction&zmethod=details&AID=1512817&bypassPage=1,https://paopropertysearch.coj.net/Basic/Detail.aspx?RE=1223220010,,www.duval.realtaxdeed.com,2026-08-31T15:52:40+00:00
duval,09/16/2026,,122512-0000,2026-0205TD,12820-2024,,"813 VAN BUREN ST, JACKSONVILLE, FL- 32206",,,3330.32,25338.0,Redeemed,TAXDEED,https://www.duval.realtaxdeed.com/index.cfm?zaction=auction&zmethod=details&AID=1512803&bypassPage=1,https://paopropertysearch.coj.net/Basic/Detail.aspx?RE=1225120000,,www.duval.realtaxdeed.com,2026-08-31T15:52:40+00:00
duval,09/16/2026,,122954-0000,2026-0209TD,12864-2024,,"1027 PHELPS ST, JACKSONVILLE, FL- 32206",,,3756.85,22806.0,Redeemed,TAXDEED,https://www.duval.realtaxdeed.com/index.cfm?zaction=auction&zmethod=details&AID=1512799&bypassPage=1,https://paopropertysearch.coj.net/Basic/Detail.aspx?RE=1229540000,,www.duval.realtaxdeed.com,2026-08-31T15:52:40+00:00
duval,09/16/2026,09:00 AM ET,127437-0000,2026-0181TD,13177-2024,,"3927 ROSETREE DR, JACKSONVILLE, FL- 32207",,,4833.49,60800.0,09/16/2026 09:00 AM ET,TAXDEED,https://www.duval.realtaxdeed.com/index.cfm?zaction=auction&zmethod=details&AID=1512761&bypassPage=1,https://paopropertysearch.coj.net/Basic/Detail.aspx?RE=1274370000,,www.duval.realtaxdeed.com,2026-08-31T15:52:40+00:00
duval,09/16/2026,,133686-0000,2026-0196TD,13654-2024,,"110 W 23RD ST, JACKSONVILLE, FL- 32206",,,4843.62,42329.0,Redeemed,TAXDEED,https://www.duval.realtaxdeed.com/index.cfm?zaction=auction&zmethod=details&AID=1512775&bypassPage=1,https://paopropertysearch.coj.net/Basic/Detail.aspx?RE=1336860000,,www.duval.realtaxdeed.com,2026-08-31T15:52:40+00:00
duval,09/16/2026,09:00 AM ET,134239-0000,2026-0284TD,13693-2024,,"1844 E BARTRAM CIR, JACKSONVILLE, FL- 32207",,,43225.44,75719.0,09/16/2026 09:00 AM ET,TAXDEED,https://www.duval.realtaxdeed.com/index.cfm?zaction=auction&zmethod=details&AID=1511251&bypassPage=1,https://paopropertysearch.coj.net/Basic/Detail.aspx?RE=1342390000,,www.duval.realtaxdeed.com,2026-08-31T15:52:40+00:00
duval,09/16/2026,09:00 AM ET,135802-0000,2026-0207TD,13756-2024,,"3821 ADIROLF RD, JACKSONVILLE, FL- 32207",,,5533.4,67038.0,09/16/2026 09:00 AM ET,TAXDEED,https://www.duval.realtaxdeed.com/index.cfm?zaction=auction&zmethod=details&AID=1512801&bypassPage=1,https://paopropertysearch.coj.net/Basic/Detail.aspx?RE=1358020000,,www.duval.realtaxdeed.com,2026-08-31T15:52:40+00:00
duval,09/16/2026,09:00 AM ET,141580-0000,2026-0314TD,14017-2024,,"6826 S BRANDEMERE RD, JACKSONVILLE, FL- 32211",,,68609.9,124440.0,09/16/2026 09:00 AM ET,TAXDEED,https://www.duval.realtaxdeed.com/index.cfm?zaction=auction&zmethod=details&AID=1511310&bypassPage=1,https://paopropertysearch.coj.net/Basic/Detail.aspx?RE=1415800000,,www.duval.realtaxdeed.com,2026-08-31T15:52:40+00:00
duval,09/16/2026,09:00 AM ET,142483-0184,2026-0229TD,14055-2024,,"722 OAKS MANOR CT L1-2, JACKSONVILLE, FL- 32211",,,5469.56,64000.0,09/16/2026 09:00 AM ET,TAXDEED,https://www.duval.realtaxdeed.com/index.cfm?zaction=auction&zmethod=details&AID=1511207&bypassPage=1,https://paopropertysearch.coj.net/Basic/Detail.aspx?RE=1424830184,,www.duval.realtaxdeed.com,2026-08-31T15:52:40+00:00
duval,09/16/2026,09:00 AM ET,143572-0000,2026-0313TD,14080-2024,,"7133 ARLET DR, JACKSONVILLE, FL- 32211",,,14620.13,205137.0,09/16/2026 09:00 AM ET,TAXDEED,https://www.duval.realtaxdeed.com/index.cfm?zaction=auction&zmethod=details&AID=1511311&bypassPage=1,https://paopropertysearch.coj.net/Basic/Detail.aspx?RE=1435720000,,www.duval.realtaxdeed.com,2026-08-31T15:52:40+00:00
duval,09/16/2026,,143830-0000,2026-0228TD,14098-2024,,"309 CENTURY ST, JACKSONVILLE, FL- 32211",,,42599.0,79006.0,Redeemed,TAXDEED,https://www.duval.realtaxdeed.com/index.cfm?zaction=auction&zmethod=details&AID=1511208&bypassPage=1,https://paopropertysearch.coj.net/Basic/Detail.aspx?RE=1438300000,,www.duval.realtaxdeed.com,2026-08-31T15:52:40+00:00
duval,09/16/2026,09:00 AM ET,147707-0000,2026-0266TD,14372-2024,,"5536 BISHOP LN, JACKSONVILLE, FL- 32207",,,11602.25,154678.0,09/16/2026 09:00 AM ET,TAXDEED,https://www.duval.realtaxdeed.com/index.cfm?zaction=auction&zmethod=details&AID=1511263&bypassPage=1,https://paopropertysearch.coj.net/Basic/Detail.aspx?RE=1477070000,,www.duval.realtaxdeed.com,2026-08-31T15:52:40+00:00
duval,09/16/2026,,147979-1012,2026-0287TD,14388-2024,,"5524 COMMUNITY OAKS CT, JACKSONVILLE, FL- 32207",,,11192.88,155490.0,Redeemed,TAXDEED,https://www.duval.realtaxdeed.com/index.cfm?zaction=auction&zmethod=details&AID=1511248&bypassPage=1,https://paopropertysearch.coj.net/Basic/Detail.aspx?RE=1479791012,,www.duval.realtaxdeed.com,2026-08-31T15:52:40+00:00
duval,09/16/2026,09:00 AM ET,147980-1605,2026-0297TD,14394-2024,,"9823 TAPESTRY PARK CIR 110, JACKSONVILLE, FL- 32246",,,11243.04,248500.0,09/16/2026 09:00 AM ET,TAXDEED,https://www.duval.realtaxdeed.com/index.cfm?zaction=auction&zmethod=details&AID=1511283&bypassPage=1,https://paopropertysearch.coj.net/Basic/Detail.aspx?RE=1479801605,,www.duval.realtaxdeed.com,2026-08-31T15:52:40+00:00
duval,09/16/2026,09:00 AM ET,147983-0655,2026-0358TD,14410-2024,,"9551 SUGAR HOLLOW LN, JACKSONVILLE, FL- 32256",,,17485.4,241885.0,09/16/2026 09:00 AM ET,TAXDEED,https://www.duval.realtaxdeed.com/index.cfm?zaction=auction&zmethod=details&AID=1512823&bypassPage=1,https://paopropertysearch.coj.net/Basic/Detail.aspx?RE=1479830655,,www.duval.realtaxdeed.com,2026-08-31T15:52:40+00:00
duval,09/16/2026,,148515-0538,2026-0308TD,14475-2024,,"4770 W SAN JOSE MANOR DR 3, JACKSONVILLE, FL- 32217",,,8102.64,99202.0,Redeemed,TAXDEED,https://www.duval.realtaxdeed.com/index.cfm?zaction=auction&zmethod=details&AID=1511295&bypassPage=1,https://paopropertysearch.coj.net/Basic/Detail.aspx?RE=1485150538,,www.duval.realtaxdeed.com,2026-08-31T15:52:40+00:00
duval,09/16/2026,,148515-0540,2026-0324TD,14476-2024,,"4770 W SAN JOSE MANOR DR 4, JACKSONVILLE, FL- 32217",,,8161.13,100045.0,Redeemed,TAXDEED,https://www.duval.realtaxdeed.com/index.cfm?zaction=auction&zmethod=details&AID=1511317&bypassPage=1,https://paopropertysearch.coj.net/Basic/Detail.aspx?RE=1485150540,,www.duval.realtaxdeed.com,2026-08-31T15:52:40+00:00
duval,09/16/2026,,148657-1510,2026-0247TD,14552-2024,,"8880 S OLD KINGS RD 4, JACKSONVILLE, FL- 32257",,,3661.1,93000.0,Redeemed,TAXDEED,https://www.duval.realtaxdeed.com/index.cfm?zaction=auction&zmethod=details&AID=1511222&bypassPage=1,https://paopropertysearch.coj.net/Basic/Detail.aspx?RE=1486571510,,www.duval.realtaxdeed.com,2026-08-31T15:52:40+00:00
duval,09/16/2026,09:00 AM ET,148924-0110,2026-0238TD,14591-2024,,"3099 CORNELIA DR, JACKSONVILLE, FL- 32257",,,20373.49,294327.0,09/16/2026 09:00 AM ET,TAXDEED,https://www.duval.realtaxdeed.com/index.cfm?zaction=auction&zmethod=details&AID=1511229&bypassPage=1,https://paopropertysearch.coj.net/Basic/Detail.aspx?RE=1489240110,,www.duval.realtaxdeed.com,2026-08-31T15:52:40+00:00
duval,09/16/2026,,154378-3705,2026-0328TD,14982-2024,,"8439 TWISTED VINE CT, JACKSONVILLE, FL- 32216",,,17888.23,237157.0,Redeemed,TAXDEED,https://www.duval.realtaxdeed.com/index.cfm?zaction=auction&zmethod=details&AID=1511334&bypassPage=1,https://paopropertysearch.coj.net/Basic/Detail.aspx?RE=1543783705,,www.duval.realtaxdeed.com,2026-08-31T15:52:40+00:00
duval,09/16/2026,09:00 AM ET,154378-4050,2026-0350TD,14985-2024,,"3173 HOLLOW TREE CT, JACKSONVILLE, FL- 32216",,,16902.41,238944.0,09/16/2026 09:00 AM ET,TAXDEED,https://www.duval.realtaxdeed.com/index.cfm?zaction=auction&zmethod=details&AID=1512810&bypassPage=1,https://paopropertysearch.coj.net/Basic/Detail.aspx?RE=1543784050,,www.duval.realtaxdeed.com,2026-08-31T15:52:40+00:00
duval,09/16/2026,09:00 AM ET,154445-0010,2026-0307TD,15002-2024,,"7918 MULHALL DR, JACKSONVILLE, FL- 32216",,,8313.56,68667.0,09/16/2026 09:00 AM ET,TAXDEED,https://www.duval.realtaxdeed.com/index.cfm?zaction=auction&zmethod=details&AID=1511296&bypassPage=1,https://paopropertysearch.coj.net/Basic/Detail.aspx?RE=1544450010,,www.duval.realtaxdeed.com,2026-08-31T15:52:40+00:00
duval,09/16/2026,,155922-0090,2026-0163TD,15122-2024,,"2974 HARTLEY RD, JACKSONVILLE, FL- 32257",,,35705.11,621548.0,Redeemed,TAXDEED,https://www.duval.realtaxdeed.com/index.cfm?zaction=auction&zmethod=details&AID=1513162&bypassPage=1,https://paopropertysearch.coj.net/Basic/Detail.aspx?RE=1559220090,,www.duval.realtaxdeed.com,2026-08-31T15:52:40+00:00
duval,09/16/2026,,156056-0705,2026-0167TD,15136-2024,,"2915 OLD RIVER RD, JACKSONVILLE, FL- 32223",,,22080.82,336928.0,Redeemed,TAXDEED,https://www.duval.realtaxdeed.com/index.cfm?zaction=auction&zmethod=details&AID=1513160&bypassPage=1,https://paopropertysearch.coj.net/Basic/Detail.aspx?RE=1560560705,,www.duval.realtaxdeed.com,2026-08-31T15:52:40+00:00
duval,09/16/2026,,158136-3210,2026-0319TD,15321-2024,,"3574 W POND RIDGE CT, JACKSONVILLE, FL- 32223",,,16926.1,267837.0,Redeemed,TAXDEED,https://www.duval.realtaxdeed.com/index.cfm?zaction=auction&zmethod=details&AID=1511305&bypassPage=1,https://paopropertysearch.coj.net/Basic/Detail.aspx?RE=1581363210,,www.duval.realtaxdeed.com,2026-08-31T15:52:40+00:00
duval,09/16/2026,,162990-0000,2026-0357TD,15816-2024,,"LEE RD, JACKSONVILLE, FL- 32225",,,8021.49,119553.0,Redeemed,TAXDEED,https://www.duval.realtaxdeed.com/index.cfm?zaction=auction&zmethod=details&AID=1512824&bypassPage=1,https://paopropertysearch.coj.net/Basic/Detail.aspx?RE=1629900000,,www.duval.realtaxdeed.com,2026-08-31T15:52:40+00:00
duval,09/16/2026,,163303-0000,2026-0182TD,15849-2024,,"10130 MERCURY DR, JACKSONVILLE, FL- 32225",,,7111.11,83863.0,Redeemed,TAXDEED,https://www.duval.realtaxdeed.com/index.cfm?zaction=auction&zmethod=details&AID=1512760&bypassPage=1,https://paopropertysearch.coj.net/Basic/Detail.aspx?RE=1633030000,,www.duval.realtaxdeed.com,2026-08-31T15:52:40+00:00
duval,09/16/2026,09:00 AM ET,163604-0000,2026-0354TD,15862-2024,,"1704 W DIBBLE CIR, JACKSONVILLE, FL- 32246",,,67802.29,118413.0,09/16/2026 09:00 AM ET,TAXDEED,https://www.duval.realtaxdeed.com/index.cfm?zaction=auction&zmethod=details&AID=1512812&bypassPage=1,https://paopropertysearch.coj.net/Basic/Detail.aspx?RE=1636040000,,www.duval.realtaxdeed.com,2026-08-31T15:52:40+00:00
duval,09/16/2026,09:00 AM ET,164233-0100,2026-0227TD,15908-2024,,"0 CHESTERTON RD, JACKSONVILLE, FL- 32246",,,6723.13,95995.0,09/16/2026 09:00 AM ET,TAXDEED,https://www.duval.realtaxdeed.com/index.cfm?zaction=auction&zmethod=details&AID=1511209&bypassPage=1,https://paopropertysearch.coj.net/Basic/Detail.aspx?RE=1642330100,,www.duval.realtaxdeed.com,2026-08-31T15:52:40+00:00
duval,09/16/2026,,164599-0000,2026-0232TD,15940-2024,,"1936 S BROOKVIEW DR, JACKSONVILLE, FL- 32246",,,37206.89,67368.0,Redeemed,TAXDEED,https://www.duval.realtaxdeed.com/index.cfm?zaction=auction&zmethod=details&AID=1511204&bypassPage=1,https://paopropertysearch.coj.net/Basic/Detail.aspx?RE=1645990000,,www.duval.realtaxdeed.com,2026-08-31T15:52:40+00:00
duval,09/16/2026,,165286-5370,2026-0315TD,16032-2024,,"12177 N MILLFORD LN, JACKSONVILLE, FL- 32246",,,106682.33,191607.0,Redeemed,TAXDEED,https://www.duval.realtaxdeed.com/index.cfm?zaction=auction&zmethod=details&AID=1511309&bypassPage=1,https://paopropertysearch.coj.net/Basic/Detail.aspx?RE=1652865370,,www.duval.realtaxdeed.com,2026-08-31T15:52:40+00:00
duval,09/16/2026,,167316-4805,2026-0330TD,16271-2024,,"13132 S PRINDLE DR, JACKSONVILLE, FL- 32225",,,73435.17,140496.0,Redeemed,TAXDEED,https://www.duval.realtaxdeed.com/index.cfm?zaction=auction&zmethod=details&AID=1511332&bypassPage=1,https://paopropertysearch.coj.net/Basic/Detail.aspx?RE=1673164805,,www.duval.realtaxdeed.com,2026-08-31T15:52:40+00:00
duval,09/16/2026,,167725-5038,2026-0253TD,16351-2024,,"10000 N GATE PKWY 216, JACKSONVILLE, FL- 32246",,,11756.53,172000.0,Redeemed,TAXDEED,https://www.duval.realtaxdeed.com/index.cfm?zaction=auction&zmethod=details&AID=1511237&bypassPage=1,https://paopropertysearch.coj.net/Basic/Detail.aspx?RE=1677255038,,www.duval.realtaxdeed.com,2026-08-31T15:52:40+00:00
duval,09/16/2026,,167865-1640,2026-0327TD,16542-2024,,"11223 E PHILLIPS PARKWAY DR, JACKSONVILLE, FL- 32256",,,76041.83,1105363.0,Redeemed,TAXDEED,https://www.duval.realtaxdeed.com/index.cfm?zaction=auction&zmethod=details&AID=1511335&bypassPage=1,https://paopropertysearch.coj.net/Basic/Detail.aspx?RE=1678651640,,www.duval.realtaxdeed.com,2026-08-31T15:52:40+00:00
duval,09/16/2026,,168135-1148,2026-0184TD,16588-2024,,"BARTRAM PARK BLVD, JACKSONVILLE, FL- 32258",,,4751.81,44639.0,Redeemed,TAXDEED,https://www.duval.realtaxdeed.com/index.cfm?zaction=auction&zmethod=details&AID=1512758&bypassPage=1,https://paopropertysearch.coj.net/Basic/Detail.aspx?RE=1681351148,,www.duval.realtaxdeed.com,2026-08-31T15:52:40+00:00
duval,09/16/2026,,172131-0000,2026-0168TD,16791-2024,,"1812 RICHARD RD, ATLANTIC BEACH, FL- 32233",,,3219.65,32041.0,Redeemed,TAXDEED,https://www.duval.realtaxdeed.com/index.cfm?zaction=auction&zmethod=details&AID=1512720&bypassPage=1,https://paopropertysearch.coj.net/Basic/Detail.aspx?RE=1721310000,,www.duval.realtaxdeed.com,2026-08-31T15:52:40+00:00
duval,09/16/2026,,175333-0000,2026-0222TD,16903-2024,,"1304 N 15TH AVE, JACKSONVILLE BEACH, FL- 32250",,,108008.33,194492.0,Redeemed,TAXDEED,https://www.duval.realtaxdeed.com/index.cfm?zaction=auction&zmethod=details&AID=1511890&bypassPage=1,https://paopropertysearch.coj.net/Basic/Detail.aspx?RE=1753330000,,www.duval.realtaxdeed.com,2026-08-31T15:52:40+00:00
duval,09/16/2026,,175429-0000,2026-0299TD,16905-2024,,"1909 N 3RD ST, JACKSONVILLE BEACH, FL- 32250",,,29336.58,482669.0,Redeemed,TAXDEED,https://www.duval.realtaxdeed.com/index.cfm?zaction=auction&zmethod=details&AID=1511303&bypassPage=1,https://paopropertysearch.coj.net/Basic/Detail.aspx?RE=1754290000,,www.duval.realtaxdeed.com,2026-08-31T15:52:40+00:00
duval,09/16/2026,09:00 AM ET,175596-0000,2026-0340TD,16912-2024,,"109 S 2ND ST, JACKSONVILLE BEACH, FL- 32250",,,19885.62,967447.0,09/16/2026 09:00 AM ET,TAXDEED,https://www.duval.realtaxdeed.com/index.cfm?zaction=auction&zmethod=details&AID=1511325&bypassPage=1,https://paopropertysearch.coj.net/Basic/Detail.aspx?RE=1755960000,,www.duval.realtaxdeed.com,2026-08-31T15:52:40+00:00
duval,09/16/2026,,175710-0000,2026-0304TD,16915-2024,,"522 S 2ND AVE, JACKSONVILLE BEACH, FL- 32250",,,216757.43,377904.0,Redeemed,TAXDEED,https://www.duval.realtaxdeed.com/index.cfm?zaction=auction&zmethod=details&AID=1511299&bypassPage=1,https://paopropertysearch.coj.net/Basic/Detail.aspx?RE=1757100000,,www.duval.realtaxdeed.com,2026-08-31T15:52:40+00:00
duval,09/16/2026,,177224-0000,2026-0242TD,16980-2024,,"14420 SAN PABLO DR, JACKSONVILLE, FL- 32224",,,166761.66,302462.0,Redeemed,TAXDEED,https://www.duval.realtaxdeed.com/index.cfm?zaction=auction&zmethod=details&AID=1511226&bypassPage=1,https://paopropertysearch.coj.net/Basic/Detail.aspx?RE=1772240000,,www.duval.realtaxdeed.com,2026-08-31T15:52:40+00:00
duval,09/16/2026,,181779-0560,2026-0320TD,17108-2024,,"1535 THE GREENS WAY, JACKSONVILLE BEACH, FL- 32250",,,43294.41,663200.0,Redeemed,TAXDEED,https://www.duval.realtaxdeed.com/index.cfm?zaction=auction&zmethod=details&AID=1511321&bypassPage=1,https://paopropertysearch.coj.net/Basic/Detail.aspx?RE=1817790560,,www.duval.realtaxdeed.com,2026-08-31T15:52:40+00:00
duval,09/16/2026,,181780-0278,2026-0322TD,17112-2024,,"1701 THE GREENS WAY 1215, JACKSONVILLE BEACH, FL- 32250",,,14808.13,212500.0,Redeemed,TAXDEED,https://www.duval.realtaxdeed.com/index.cfm?zaction=auction&zmethod=details&AID=1511319&bypassPage=1,https://paopropertysearch.coj.net/Basic/Detail.aspx?RE=1817800278,,www.duval.realtaxdeed.com,2026-08-31T15:52:40+00:00
duval,10/14/2026,09:00 AM ET,000511-0000,2026-0403TD,17119-2024,,"499 CLARK ST, BALDWIN, FL- 32234",,,2584.35,15863.0,10/14/2026 09:00 AM ET,TAXDEED,https://www.duval.realtaxdeed.com/index.cfm?zaction=auction&zmethod=details&AID=1516100&bypassPage=1,https://paopropertysearch.coj.net/Basic/Detail.aspx?RE=0005110000,,www.duval.realtaxdeed.com,2026-08-31T15:53:47+00:00
duval,10/14/2026,,000587-0000,2026-0461TD,00075-2024,,"670 W DREW ST, BALDWIN, FL- 32234",,,7036.81,97691.0,Redeemed,TAXDEED,https://www.duval.realtaxdeed.com/index.cfm?zaction=auction&zmethod=details&AID=1516185&bypassPage=1,https://paopropertysearch.coj.net/Basic/Detail.aspx?RE=0005870000,,www.duval.realtaxdeed.com,2026-08-31T15:53:47+00:00
duval,10/14/2026,09:00 AM ET,001291-4000,2026-0592TD,00191-2024,,"FOREST TRAIL RD, JACKSONVILLE, FL- 32234",,,5500.34,69300.0,10/14/2026 09:00 AM ET,TAXDEED,https://www.duval.realtaxdeed.com/index.cfm?zaction=auction&zmethod=details&AID=1518153&bypassPage=1,https://paopropertysearch.coj.net/Basic/Detail.aspx?RE=0012914000,,www.duval.realtaxdeed.com,2026-08-31T15:53:47+00:00
duval,10/14/2026,09:00 AM ET,002276-0130,2026-0478TD,00318-2024,,"5370 MANNING CEMETERY RD, JACKSONVILLE, FL- 32234",,,7944.06,92482.0,10/14/2026 09:00 AM ET,TAXDEED,https://www.duval.realtaxdeed.com/index.cfm?zaction=auction&zmethod=details&AID=1516170&bypassPage=1,https://paopropertysearch.coj.net/Basic/Detail.aspx?RE=0022760130,,www.duval.realtaxdeed.com,2026-08-31T15:53:47+00:00
duval,10/14/2026,,002359-0360,2026-0613TD,00338-2024,,"6231 PEACOCK RIDGE DR, JACKSONVILLE, FL- 32221",,,4552.08,76274.0,Redeemed,TAXDEED,https://www.duval.realtaxdeed.com/index.cfm?zaction=auction&zmethod=details&AID=1516195&bypassPage=1,https://paopropertysearch.coj.net/Basic/Detail.aspx?RE=0023590360,,www.duval.realtaxdeed.com,2026-08-31T15:53:47+00:00
duval,10/14/2026,09:00 AM ET,002651-1505,2026-0576TD,00414-2024,,"10024 SADDLE GATE CT, JACKSONVILLE, FL- 32219",,,5022.43,62920.0,10/14/2026 09:00 AM ET,TAXDEED,https://www.duval.realtaxdeed.com/index.cfm?zaction=auction&zmethod=details&AID=1518146&bypassPage=1,https://paopropertysearch.coj.net/Basic/Detail.aspx?RE=0026511505,,www.duval.realtaxdeed.com,2026-08-31T15:53:47+00:00
duval,10/14/2026,,002651-1855,2026-0497TD,00420-2024,,"11238 SADDLE CREST WAY, JACKSONVILLE, FL- 32219",,,4646.74,62920.0,Redeemed,TAXDEED,https://www.duval.realtaxdeed.com/index.cfm?zaction=auction&zmethod=details&AID=1516153&bypassPage=1,https://paopropertysearch.coj.net/Basic/Detail.aspx?RE=0026511855,,www.duval.realtaxdeed.com,2026-08-31T15:53:47+00:00
duval,10/14/2026,09:00 AM ET,004235-0000,2026-0484TD,00745-2024,,"6956 HARRELL ST, JACKSONVILLE, FL- 32246",,,5784.87,56006.0,10/14/2026 09:00 AM ET,TAXDEED,https://www.duval.realtaxdeed.com/index.cfm?zaction=auction&zmethod=details&AID=1516165&bypassPage=1,https://paopropertysearch.coj.net/Basic/Detail.aspx?RE=0042350000,,www.duval.realtaxdeed.com,2026-08-31T15:53:47+00:00
duval,10/14/2026,09:00 AM ET,004307-0025,2026-0536TD,00776-2024,,"0 WOODELM DR, JACKSONVILLE, FL- 32218",,,3425.02,31251.0,10/14/2026 09:00 AM ET,TAXDEED,https://www.duval.realtaxdeed.com/index.cfm?zaction=auction&zmethod=details&AID=1518166&bypassPage=1,https://paopropertysearch.coj.net/Basic/Detail.aspx?RE=0043070025,,www.duval.realtaxdeed.com,2026-08-31T15:53:47+00:00
duval,10/14/2026,09:00 AM ET,004360-0000,2026-0560TD,00789-2024,,"6544 PICKETTVILLE RD, JACKSONVILLE, FL- 32254",,,11194.82,147315.0,10/14/2026 09:00 AM ET,TAXDEED,https://www.duval.realtaxdeed.com/index.cfm?zaction=auction&zmethod=details&AID=1518185&bypassPage=1,https://paopropertysearch.coj.net/Basic/Detail.aspx?RE=0043600000,,www.duval.realtaxdeed.com,2026-08-31T15:53:47+00:00
duval,10/14/2026,09:00 AM ET,004679-0000,2026-0640TD,00845-2024,,"0 N PEBBLE RIDGE DR, JACKSONVILLE, FL- 32220",,,4726.53,145016.0,10/14/2026 09:00 AM ET,TAXDEED,https://www.duval.realtaxdeed.com/index.cfm?zaction=auction&zmethod=details&AID=1516909&bypassPage=1,https://paopropertysearch.coj.net/Basic/Detail.aspx?RE=0046790000,,www.duval.realtaxdeed.com,2026-08-31T15:53:47+00:00
duval,10/14/2026,,005599-0000,2026-0615TD,00959-2024,,"0 CAHOON RD, JACKSONVILLE, FL- 32220",,,6828.46,110115.0,Redeemed,TAXDEED,https://www.duval.realtaxdeed.com/index.cfm?zaction=auction&zmethod=details&AID=1516193&bypassPage=1,https://paopropertysearch.coj.net/Basic/Detail.aspx?RE=0055990000,,www.duval.realtaxdeed.com,2026-08-31T15:53:47+00:00
duval,10/14/2026,09:00 AM ET,006617-0000,2026-0573TD,01093-2024,,"270 TRACER AVE, JACKSONVILLE, FL- 32220",,,64481.05,116265.0,10/14/2026 09:00 AM ET,TAXDEED,https://www.duval.realtaxdeed.com/index.cfm?zaction=auction&zmethod=details&AID=1518131&bypassPage=1,https://paopropertysearch.coj.net/Basic/Detail.aspx?RE=0066170000,,www.duval.realtaxdeed.com,2026-08-31T15:53:47+00:00
duval,10/14/2026,09:00 AM ET,007082-0000,2026-0650TD,01149-2024,,"8353 HOLLY HILL CV, JACKSONVILLE, FL- 32221",,,8484.84,145293.0,10/14/2026 09:00 AM ET,TAXDEED,https://www.duval.realtaxdeed.com/index.cfm?zaction=auction&zmethod=details&AID=1516931&bypassPage=1,https://paopropertysearch.coj.net/Basic/Detail.aspx?RE=0070820000,,www.duval.realtaxdeed.com,2026-08-31T15:53:47+00:00
duval,10/14/2026,,011393-0000,2026-0489TD,01457-2024,,"6626 LENOX AVE, JACKSONVILLE, FL- 32205",,,91346.44,163952.0,Redeemed,TAXDEED,https://www.duval.realtaxdeed.com/index.cfm?zaction=auction&zmethod=details&AID=1516160&bypassPage=1,https://paopropertysearch.coj.net/Basic/Detail.aspx?RE=0113930000,,www.duval.realtaxdeed.com,2026-08-31T15:53:47+00:00
duval,10/14/2026,09:00 AM ET,011414-0010,2026-0555TD,01464-2024,,"1455 RON RD, JACKSONVILLE, FL- 32210",,,82195.02,143909.0,10/14/2026 09:00 AM ET,TAXDEED,https://www.duval.realtaxdeed.com/index.cfm?zaction=auction&zmethod=details&AID=1518190&bypassPage=1,https://paopropertysearch.coj.net/Basic/Detail.aspx?RE=0114140010,,www.duval.realtaxdeed.com,2026-08-31T15:53:47+00:00
duval,10/14/2026,,013731-0080,2026-0467TD,01868-2024,,"8152 MAPLE ST, JACKSONVILLE, FL- 32244",,,2327.73,64832.0,Redeemed,TAXDEED,https://www.duval.realtaxdeed.com/index.cfm?zaction=auction&zmethod=details&AID=1516180&bypassPage=1,https://paopropertysearch.coj.net/Basic/Detail.aspx?RE=0137310080,,www.duval.realtaxdeed.com,2026-08-31T15:53:47+00:00
duval,10/14/2026,,015613-0070,2026-0451TD,02120-2024,,"6853 EDMONDS LN, JACKSONVILLE, FL- 32222",,,2335.79,18050.0,Redeemed,TAXDEED,https://www.duval.realtaxdeed.com/index.cfm?zaction=auction&zmethod=details&AID=1516110&bypassPage=1,https://paopropertysearch.coj.net/Basic/Detail.aspx?RE=0156130070,,www.duval.realtaxdeed.com,2026-08-31T15:53:47+00:00
duval,10/14/2026,,015942-0020,2026-0481TD,02221-2024,,"7572 HOUSER DR, JACKSONVILLE, FL- 32244",,,6510.16,93519.0,Redeemed,TAXDEED,https://www.duval.realtaxdeed.com/index.cfm?zaction=auction&zmethod=details&AID=1516168&bypassPage=1,https://paopropertysearch.coj.net/Basic/Detail.aspx?RE=0159420020,,www.duval.realtaxdeed.com,2026-08-31T15:53:47+00:00
duval,10/14/2026,09:00 AM ET,016279-0000,2026-0477TD,02319-2024,,"COLLINS RD, JACKSONVILLE, FL- 32222",,,3916.08,44279.0,10/14/2026 09:00 AM ET,TAXDEED,https://www.duval.realtaxdeed.com/index.cfm?zaction=auction&zmethod=details&AID=1516171&bypassPage=1,https://paopropertysearch.coj.net/Basic/Detail.aspx?RE=0162790000,,www.duval.realtaxdeed.com,2026-08-31T15:53:47+00:00
duval,10/14/2026,09:00 AM ET,016337-0000,2026-0452TD,02336-2024,,"0 TAYLOR FIELD RD, JACKSONVILLE, FL- 32222",,,10413.32,1500.0,10/14/2026 09:00 AM ET,TAXDEED,https://www.duval.realtaxdeed.com/index.cfm?zaction=auction&zmethod=details&AID=1516109&bypassPage=1,https://paopropertysearch.coj.net/Basic/Detail.aspx?RE=0163370000,,www.duval.realtaxdeed.com,2026-08-31T15:53:47+00:00
duval,10/14/2026,09:00 AM ET,016463-8737,2026-0621TD,02373-2024,,"8333 N MISTWOOD CIR, JACKSONVILLE, FL- 32244",,,70522.37,131100.0,10/14/2026 09:00 AM ET,TAXDEED,https://www.duval.realtaxdeed.com/index.cfm?zaction=auction&zmethod=details&AID=1516089&bypassPage=1,https://paopropertysearch.coj.net/Basic/Detail.aspx?RE=0164638737,,www.duval.realtaxdeed.com,2026-08-31T15:53:47+00:00
duval,10/14/2026,09:00 AM ET,016464-5684,2026-0341TD,02382-2024,,"9069 PROSPERITY LAKE DR, JACKSONVILLE, FL- 32244",,,101083.49,182080.0,10/14/2026 09:00 AM ET,TAXDEED,https://www.duval.realtaxdeed.com/index.cfm?zaction=auction&zmethod=details&AID=1514178&bypassPage=1,https://paopropertysearch.coj.net/Basic/Detail.aspx?RE=0164645684,,www.duval.realtaxdeed.com,2026-08-31T15:53:47+00:00
duval,10/14/2026,09:00 AM ET,019192-0000,2026-0464TD,02531-2024,,"7216 KOLEDA DR, JACKSONVILLE, FL- 32210",,,7980.78,91705.0,10/14/2026 09:00 AM ET,TAXDEED,https://www.duval.realtaxdeed.com/index.cfm?zaction=auction&zmethod=details&AID=1516182&bypassPage=1,https://paopropertysearch.coj.net/Basic/Detail.aspx?RE=0191920000,,www.duval.realtaxdeed.com,2026-08-31T15:53:47+00:00
duval,10/14/2026,,019629-0040,2026-0618TD,02614-2024,,"4553 IRIS RUTH LN, JACKSONVILLE, FL- 32218",,,54068.39,102752.0,Redeemed,TAXDEED,https://www.duval.realtaxdeed.com/index.cfm?zaction=auction&zmethod=details&AID=1516698&bypassPage=1,https://paopropertysearch.coj.net/Basic/Detail.aspx?RE=0196290040,,www.duval.realtaxdeed.com,2026-08-31T15:53:47+00:00
duval,10/14/2026,09:00 AM ET,019704-2620,2026-0485TD,02678-2024,,"0 N WOODBRIDGE HOLLOW RD, JACKSONVILLE, FL- 32218",,,5854.67,75000.0,10/14/2026 09:00 AM ET,TAXDEED,https://www.duval.realtaxdeed.com/index.cfm?zaction=auction&zmethod=details&AID=1516164&bypassPage=1,https://paopropertysearch.coj.net/Basic/Detail.aspx?RE=0197042620,,www.duval.realtaxdeed.com,2026-08-31T15:53:47+00:00
duval,10/14/2026,09:00 AM ET,019840-0090,2026-0418TD,02701-2024,,"3331 BLAKE AVE, JACKSONVILLE, FL- 32218",,,4997.73,44359.0,10/14/2026 09:00 AM ET,TAXDEED,https://www.duval.realtaxdeed.com/index.cfm?zaction=auction&zmethod=details&AID=1516091&bypassPage=1,https://paopropertysearch.coj.net/Basic/Detail.aspx?RE=0198400090,,www.duval.realtaxdeed.com,2026-08-31T15:53:47+00:00
duval,10/14/2026,09:00 AM ET,019867-0040,2026-0432TD,02705-2024,,"2963 FRANCES AVE, JACKSONVILLE, FL- 32218",,,3508.87,22099.0,10/14/2026 09:00 AM ET,TAXDEED,https://www.duval.realtaxdeed.com/index.cfm?zaction=auction&zmethod=details&AID=1516126&bypassPage=1,https://paopropertysearch.coj.net/Basic/Detail.aspx?RE=0198670040,,www.duval.realtaxdeed.com,2026-08-31T15:53:47+00:00
duval,10/14/2026,09:00 AM ET,021578-0370,2026-0617TD,02977-2024,,"8005 HARDING AVE, JACKSONVILLE, FL- 32219",,,3765.45,31070.0,10/14/2026 09:00 AM ET,TAXDEED,https://www.duval.realtaxdeed.com/index.cfm?zaction=auction&zmethod=details&AID=1516191&bypassPage=1,https://paopropertysearch.coj.net/Basic/Detail.aspx?RE=0215780370,,www.duval.realtaxdeed.com,2026-08-31T15:53:47+00:00
duval,10/14/2026,09:00 AM ET,021805-0000,2026-0417TD,03013-2024,,"7910 DEKLE AVE, JACKSONVILLE, FL- 32219",,,9919.7,206030.0,10/14/2026 09:00 AM ET,TAXDEED,https://www.duval.realtaxdeed.com/index.cfm?zaction=auction&zmethod=details&AID=1516092&bypassPage=1,https://paopropertysearch.coj.net/Basic/Detail.aspx?RE=0218050000,,www.duval.realtaxdeed.com,2026-08-31T15:53:47+00:00
duval,10/14/2026,09:00 AM ET,021949-0000,2026-0422TD,03048-2024,,"DEKLE AVE, JACKSONVILLE, FL- 32219",,,1767.15,11250.0,10/14/2026 09:00 AM ET,TAXDEED,https://www.duval.realtaxdeed.com/index.cfm?zaction=auction&zmethod=details&AID=1516132&bypassPage=1,https://paopropertysearch.coj.net/Basic/Detail.aspx?RE=0219490000,,www.duval.realtaxdeed.com,2026-08-31T15:53:47+00:00
duval,10/14/2026,09:00 AM ET,022353-0000,2026-0463TD,03106-2024,,"W MONCRIEF RD, JACKSONVILLE, FL- 32219",,,2080.95,10012.0,10/14/2026 09:00 AM ET,TAXDEED,https://www.duval.realtaxdeed.com/index.cfm?zaction=auction&zmethod=details&AID=1516183&bypassPage=1,https://paopropertysearch.coj.net/Basic/Detail.aspx?RE=0223530000,,www.duval.realtaxdeed.com,2026-08-31T15:53:47+00:00
duval,10/14/2026,09:00 AM ET,022614-0000,2026-0408TD,03141-2023,,"HELENA ST, JACKSONVILLE, FL- 32208",,,2154.18,13844.0,10/14/2026 09:00 AM ET,TAXDEED,https://www.duval.realtaxdeed.com/index.cfm?zaction=auction&zmethod=details&AID=1516098&bypassPage=1,https://paopropertysearch.coj.net/Basic/Detail.aspx?RE=0226140000,,www.duval.realtaxdeed.com,2026-08-31T15:53:47+00:00
duval,10/14/2026,09:00 AM ET,022616-0000,2026-0496TD,03134-2024,,"0 BERGMANN RD, JACKSONVILLE, FL- 32208",,,1954.58,12934.0,10/14/2026 09:00 AM ET,TAXDEED,https://www.duval.realtaxdeed.com/index.cfm?zaction=auction&zmethod=details&AID=1516154&bypassPage=1,https://paopropertysearch.coj.net/Basic/Detail.aspx?RE=0226160000,,www.duval.realtaxdeed.com,2026-08-31T15:53:47+00:00
duval,10/14/2026,,022662-0010,2026-0400TD,03152-2024,,"1553 W 45TH ST, JACKSONVILLE, FL- 32208",,,3124.39,32116.0,Redeemed,TAXDEED,https://www.duval.realtaxdeed.com/index.cfm?zaction=auction&zmethod=details&AID=1516103&bypassPage=1,https://paopropertysearch.coj.net/Basic/Detail.aspx?RE=0226620010,,www.duval.realtaxdeed.com,2026-08-31T15:53:47+00:00
duval,10/14/2026,09:00 AM ET,022742-0000,2026-0399TD,03167-2024,,"W 45TH ST, JACKSONVILLE, FL- 32208",,,1664.52,9068.0,10/14/2026 09:00 AM ET,TAXDEED,https://www.duval.realtaxdeed.com/index.cfm?zaction=auction&zmethod=details&AID=1516104&bypassPage=1,https://paopropertysearch.coj.net/Basic/Detail.aspx?RE=0227420000,,www.duval.realtaxdeed.com,2026-08-31T15:53:47+00:00
duval,10/14/2026,09:00 AM ET,022742-0010,2026-0502TD,17170-2024,,"5612 DOEBOY ST, JACKSONVILLE, FL- 32208",,,14046.83,136218.0,10/14/2026 09:00 AM ET,TAXDEED,https://www.duval.realtaxdeed.com/index.cfm?zaction=auction&zmethod=details&AID=1518199&bypassPage=1,https://paopropertysearch.coj.net/Basic/Detail.aspx?RE=0227420010,,www.duval.realtaxdeed.com,2026-08-31T15:53:47+00:00
duval,10/14/2026,09:00 AM ET,022771-0000,2026-0494TD,03174-2024,,"0 DOEBOY ST, JACKSONVILLE, FL- 32208",,,3479.3,36418.0,10/14/2026 09:00 AM ET,TAXDEED,https://www.duval.realtaxdeed.com/index.cfm?zaction=auction&zmethod=details&AID=1516155&bypassPage=1,https://paopropertysearch.coj.net/Basic/Detail.aspx?RE=0227710000,,www.duval.realtaxdeed.com,2026-08-31T15:53:47+00:00
duval,10/14/2026,09:00 AM ET,023007-0000,2026-0431TD,03203-2024,,"1559 ANDERSON RD, JACKSONVILLE, FL- 32208",,,1983.99,11961.0,10/14/2026 09:00 AM ET,TAXDEED,https://www.duval.realtaxdeed.com/index.cfm?zaction=auction&zmethod=details&AID=1516127&bypassPage=1,https://paopropertysearch.coj.net/Basic/Detail.aspx?RE=0230070000,,www.duval.realtaxdeed.com,2026-08-31T15:53:47+00:00
duval,10/14/2026,09:00 AM ET,024385-0000,2026-0440TD,03320-2024,,"ORLANDO AVE, JACKSONVILLE, FL- 32208",,,1718.34,10556.0,10/14/2026 09:00 AM ET,TAXDEED,https://www.duval.realtaxdeed.com/index.cfm?zaction=auction&zmethod=details&AID=1516120&bypassPage=1,https://paopropertysearch.coj.net/Basic/Detail.aspx?RE=0243850000,,www.duval.realtaxdeed.com,2026-08-31T15:53:47+00:00
duval,10/14/2026,09:00 AM ET,025256-0000,2026-0565TD,03417-2024,,"3005 RHONE CT, JACKSONVILLE, FL- 32208",,,54753.26,97919.0,10/14/2026 09:00 AM ET,TAXDEED,https://www.duval.realtaxdeed.com/index.cfm?zaction=auction&zmethod=details&AID=1518180&bypassPage=1,https://paopropertysearch.coj.net/Basic/Detail.aspx?RE=0252560000,,www.duval.realtaxdeed.com,2026-08-31T15:53:47+00:00
duval,10/14/2026,09:00 AM ET,025522-0000,2026-0462TD,03439-2024,,"6616 CARTIER CIR, JACKSONVILLE, FL- 32208",,,3705.19,23466.0,10/14/2026 09:00 AM ET,TAXDEED,https://www.duval.realtaxdeed.com/index.cfm?zaction=auction&zmethod=details&AID=1516184&bypassPage=1,https://paopropertysearch.coj.net/Basic/Detail.aspx?RE=0255220000,,www.duval.realtaxdeed.com,2026-08-31T15:53:47+00:00
duval,10/14/2026,09:00 AM ET,025686-0000,2026-0610TD,03463-2024,,"0 AUBREY AVE, JACKSONVILLE, FL- 32208",,,2125.42,17681.0,10/14/2026 09:00 AM ET,TAXDEED,https://www.duval.realtaxdeed.com/index.cfm?zaction=auction&zmethod=details&AID=1516198&bypassPage=1,https://paopropertysearch.coj.net/Basic/Detail.aspx?RE=0256860000,,www.duval.realtaxdeed.com,2026-08-31T15:53:47+00:00
duval,10/14/2026,09:00 AM ET,026525-0000,2026-0469TD,03569-2024,,"5771 COOKE ST, JACKSONVILLE, FL- 32208",,,5124.28,51488.0,10/14/2026 09:00 AM ET,TAXDEED,https://www.duval.realtaxdeed.com/index.cfm?zaction=auction&zmethod=details&AID=1516178&bypassPage=1,https://paopropertysearch.coj.net/Basic/Detail.aspx?RE=0265250000,,www.duval.realtaxdeed.com,2026-08-31T15:53:47+00:00
duval,10/14/2026,,026843-0000,2026-0622TD,03601-2024,,"RUTLEDGE AVE, JACKSONVILLE, FL- 32208",,,4378.39,18471.0,Redeemed,TAXDEED,https://www.duval.realtaxdeed.com/index.cfm?zaction=auction&zmethod=details&AID=1514058&bypassPage=1,https://paopropertysearch.coj.net/Basic/Detail.aspx?RE=0268430000,,www.duval.realtaxdeed.com,2026-08-31T15:53:47+00:00
duval,10/14/2026,09:00 AM ET,026950-0000,2026-0561TD,17186-2024,,"1438 PALMDALE ST, JACKSONVILLE, FL- 32208",,,9579.79,85758.0,10/14/2026 09:00 AM ET,TAXDEED,https://www.duval.realtaxdeed.com/index.cfm?zaction=auction&zmethod=details&AID=1518184&bypassPage=1,https://paopropertysearch.coj.net/Basic/Detail.aspx?RE=0269500000,,www.duval.realtaxdeed.com,2026-08-31T15:53:47+00:00
duval,10/14/2026,09:00 AM ET,027846-0000,2026-0487TD,03734-2024,,"0 C ST, JACKSONVILLE, FL- 32209",,,1905.3,13250.0,10/14/2026 09:00 AM ET,TAXDEED,https://www.duval.realtaxdeed.com/index.cfm?zaction=auction&zmethod=details&AID=1516162&bypassPage=1,https://paopropertysearch.coj.net/Basic/Detail.aspx?RE=0278460000,,www.duval.realtaxdeed.com,2026-08-31T15:53:47+00:00
duval,10/14/2026,09:00 AM ET,028106-0000,2026-0454TD,03771-2024,,"5728 HOLLYHOCK RD, JACKSONVILLE, FL- 32209",,,8555.04,127378.0,10/14/2026 09:00 AM ET,TAXDEED,https://www.duval.realtaxdeed.com/index.cfm?zaction=auction&zmethod=details&AID=1516107&bypassPage=1,https://paopropertysearch.coj.net/Basic/Detail.aspx?RE=0281060000,,www.duval.realtaxdeed.com,2026-08-31T15:53:47+00:00
duval,10/14/2026,09:00 AM ET,028273-0000,2026-0571TD,03797-2024,,"3629 N ARDISIA RD, JACKSONVILLE, FL- 32209",,,8026.13,105422.0,10/14/2026 09:00 AM ET,TAXDEED,https://www.duval.realtaxdeed.com/index.cfm?zaction=auction&zmethod=details&AID=1518133&bypassPage=1,https://paopropertysearch.coj.net/Basic/Detail.aspx?RE=0282730000,,www.duval.realtaxdeed.com,2026-08-31T15:53:47+00:00
duval,10/14/2026,09:00 AM ET,028789-0000,2026-0532TD,03883-2024,,"5604 E SUNNY ACRES DR, JACKSONVILLE, FL- 32209",,,7724.23,93981.0,10/14/2026 09:00 AM ET,TAXDEED,https://www.duval.realtaxdeed.com/index.cfm?zaction=auction&zmethod=details&AID=1518170&bypassPage=1,https://paopropertysearch.coj.net/Basic/Detail.aspx?RE=0287890000,,www.duval.realtaxdeed.com,2026-08-31T15:53:47+00:00
duval,10/14/2026,09:00 AM ET,029430-1230,2026-0575TD,03999-2024,,"3914 N VICTORIA LANDING DR, JACKSONVILLE, FL- 32208",,,15396.02,194712.0,10/14/2026 09:00 AM ET,TAXDEED,https://www.duval.realtaxdeed.com/index.cfm?zaction=auction&zmethod=details&AID=1518147&bypassPage=1,https://paopropertysearch.coj.net/Basic/Detail.aspx?RE=0294301230,,www.duval.realtaxdeed.com,2026-08-31T15:53:47+00:00
duval,10/14/2026,09:00 AM ET,029439-0000,2026-0346TD,04002-2024,,"9841 BAYVIEW AVE, JACKSONVILLE, FL- 32208",,,12701.05,216244.0,10/14/2026 09:00 AM ET,TAXDEED,https://www.duval.realtaxdeed.com/index.cfm?zaction=auction&zmethod=details&AID=1514176&bypassPage=1,https://paopropertysearch.coj.net/Basic/Detail.aspx?RE=0294390000,,www.duval.realtaxdeed.com,2026-08-31T15:53:47+00:00
duval,10/14/2026,09:00 AM ET,029446-0000,2026-0419TD,04003-2024,,"9804 BAYVIEW AVE, JACKSONVILLE, FL- 32208",,,2432.34,22032.0,10/14/2026 09:00 AM ET,TAXDEED,https://www.duval.realtaxdeed.com/index.cfm?zaction=auction&zmethod=details&AID=1516135&bypassPage=1,https://paopropertysearch.coj.net/Basic/Detail.aspx?RE=0294460000,,www.duval.realtaxdeed.com,2026-08-31T15:53:47+00:00
duval,10/14/2026,09:00 AM ET,031020-0000,2026-0619TD,04264-2024,,"5601 POITIER DR, JACKSONVILLE, FL- 32209",,,4475.82,69158.0,10/14/2026 09:00 AM ET,TAXDEED,https://www.duval.realtaxdeed.com/index.cfm?zaction=auction&zmethod=details&AID=1516085&bypassPage=1,https://paopropertysearch.coj.net/Basic/Detail.aspx?RE=0310200000,,www.duval.realtaxdeed.com,2026-08-31T15:53:47+00:00
duval,10/14/2026,09:00 AM ET,031376-0000,2026-0488TD,04309-2024,,"0 E 45TH ST, JACKSONVILLE, FL- 32208",,,2178.43,17298.0,10/14/2026 09:00 AM ET,TAXDEED,https://www.duval.realtaxdeed.com/index.cfm?zaction=auction&zmethod=details&AID=1516161&bypassPage=1,https://paopropertysearch.coj.net/Basic/Detail.aspx?RE=0313760000,,www.duval.realtaxdeed.com,2026-08-31T15:53:47+00:00
duval,10/14/2026,09:00 AM ET,031825-0000,2026-0598TD,04361-2024,,"844 LYNTON ST, JACKSONVILLE, FL- 32208",,,12939.19,117475.0,10/14/2026 09:00 AM ET,TAXDEED,https://www.duval.realtaxdeed.com/index.cfm?zaction=auction&zmethod=details&AID=1516855&bypassPage=1,https://paopropertysearch.coj.net/Basic/Detail.aspx?RE=0318250000,,www.duval.realtaxdeed.com,2026-08-31T15:53:47+00:00
duval,10/14/2026,,031840-0000,2026-0433TD,04367-2024,,"CRESTWOOD ST, JACKSONVILLE, FL- 32208",,,2157.75,10902.0,Redeemed,TAXDEED,https://www.duval.realtaxdeed.com/index.cfm?zaction=auction&zmethod=details&AID=1516125&bypassPage=1,https://paopropertysearch.coj.net/Basic/Detail.aspx?RE=0318400000,,www.duval.realtaxdeed.com,2026-08-31T15:53:47+00:00
duval,10/14/2026,09:00 AM ET,033149-0010,2026-0437TD,04500-2024,,"W 65TH ST, JACKSONVILLE, FL- 32208",,,2528.55,23273.0,10/14/2026 09:00 AM ET,TAXDEED,https://www.duval.realtaxdeed.com/index.cfm?zaction=auction&zmethod=details&AID=1516121&bypassPage=1,https://paopropertysearch.coj.net/Basic/Detail.aspx?RE=0331490010,,www.duval.realtaxdeed.com,2026-08-31T15:53:47+00:00
duval,10/14/2026,09:00 AM ET,033798-0005,2026-0426TD,04579-2024,,"534 E 63RD ST, JACKSONVILLE, FL- 32208",,,3649.6,49043.0,10/14/2026 09:00 AM ET,TAXDEED,https://www.duval.realtaxdeed.com/index.cfm?zaction=auction&zmethod=details&AID=1516129&bypassPage=1,https://paopropertysearch.coj.net/Basic/Detail.aspx?RE=0337980005,,www.duval.realtaxdeed.com,2026-08-31T15:53:47+00:00
duval,10/14/2026,09:00 AM ET,035848-0000,2026-0572TD,17214-2024,,"2019 BELVEDERE ST, JACKSONVILLE, FL- 32208",,,11272.32,96690.0,10/14/2026 09:00 AM ET,TAXDEED,https://www.duval.realtaxdeed.com/index.cfm?zaction=auction&zmethod=details&AID=1518132&bypassPage=1,https://paopropertysearch.coj.net/Basic/Detail.aspx?RE=0358480000,,www.duval.realtaxdeed.com,2026-08-31T15:53:47+00:00
duval,10/14/2026,09:00 AM ET,035977-0000,2026-0538TD,17217-2024,,"9168 5TH AVE, JACKSONVILLE, FL- 32208",,,10316.56,97994.0,10/14/2026 09:00 AM ET,TAXDEED,https://www.duval.realtaxdeed.com/index.cfm?zaction=auction&zmethod=details&AID=1518164&bypassPage=1,https://paopropertysearch.coj.net/Basic/Detail.aspx?RE=0359770000,,www.duval.realtaxdeed.com,2026-08-31T15:53:47+00:00
duval,10/14/2026,09:00 AM ET,035997-0000,2026-0557TD,04801-2024,,"9148 4TH AVE, JACKSONVILLE, FL- 32208",,,7522.25,93263.0,10/14/2026 09:00 AM ET,TAXDEED,https://www.duval.realtaxdeed.com/index.cfm?zaction=auction&zmethod=details&AID=1518188&bypassPage=1,https://paopropertysearch.coj.net/Basic/Detail.aspx?RE=0359970000,,www.duval.realtaxdeed.com,2026-08-31T15:53:47+00:00
duval,10/14/2026,09:00 AM ET,036357-0000,2026-0491TD,17224-2024,,"9121 14TH AVE, JACKSONVILLE, FL- 32208",,,7658.09,63925.0,10/14/2026 09:00 AM ET,TAXDEED,https://www.duval.realtaxdeed.com/index.cfm?zaction=auction&zmethod=details&AID=1516158&bypassPage=1,https://paopropertysearch.coj.net/Basic/Detail.aspx?RE=0363570000,,www.duval.realtaxdeed.com,2026-08-31T15:53:47+00:00
duval,10/14/2026,09:00 AM ET,036603-0000,2026-0435TD,04874-2024,,"2507 CLYDE DR, JACKSONVILLE, FL- 32208",,,2414.93,19705.0,10/14/2026 09:00 AM ET,TAXDEED,https://www.duval.realtaxdeed.com/index.cfm?zaction=auction&zmethod=details&AID=1516123&bypassPage=1,https://paopropertysearch.coj.net/Basic/Detail.aspx?RE=0366030000,,www.duval.realtaxdeed.com,2026-08-31T15:53:47+00:00
duval,10/14/2026,09:00 AM ET,036846-0000,2026-0444TD,04910-2024,,"8710 5TH AVE, JACKSONVILLE, FL- 32208",,,2438.67,21132.0,10/14/2026 09:00 AM ET,TAXDEED,https://www.duval.realtaxdeed.com/index.cfm?zaction=auction&zmethod=details&AID=1516116&bypassPage=1,https://paopropertysearch.coj.net/Basic/Detail.aspx?RE=0368460000,,www.duval.realtaxdeed.com,2026-08-31T15:53:47+00:00
duval,10/14/2026,09:00 AM ET,036865-0000,2026-0595TD,04912-2024,,"8607 2ND AVE, JACKSONVILLE, FL- 32208",,,5677.37,41385.0,10/14/2026 09:00 AM ET,TAXDEED,https://www.duval.realtaxdeed.com/index.cfm?zaction=auction&zmethod=details&AID=1514869&bypassPage=1,https://paopropertysearch.coj.net/Basic/Detail.aspx?RE=0368650000,,www.duval.realtaxdeed.com,2026-08-31T15:53:47+00:00
duval,10/14/2026,09:00 AM ET,037486-0010,2026-0498TD,04980-2024,,"1922 RIVERVIEW ST, JACKSONVILLE, FL- 32208",,,5997.96,66027.0,10/14/2026 09:00 AM ET,TAXDEED,https://www.duval.realtaxdeed.com/index.cfm?zaction=auction&zmethod=details&AID=1516152&bypassPage=1,https://paopropertysearch.coj.net/Basic/Detail.aspx?RE=0374860010,,www.duval.realtaxdeed.com,2026-08-31T15:53:47+00:00
duval,10/14/2026,09:00 AM ET,037889-0000,2026-0446TD,05034-2024,,"4669 PORTSMOUTH AVE, JACKSONVILLE, FL- 32208",,,2161.82,23494.0,10/14/2026 09:00 AM ET,TAXDEED,https://www.duval.realtaxdeed.com/index.cfm?zaction=auction&zmethod=details&AID=1516114&bypassPage=1,https://paopropertysearch.coj.net/Basic/Detail.aspx?RE=0378890000,,www.duval.realtaxdeed.com,2026-08-31T15:53:47+00:00
duval,10/14/2026,09:00 AM ET,037982-0000,2026-0423TD,17230-2024,,"8928 CASTLE BLVD, JACKSONVILLE, FL- 32208",,,4250.76,30921.0,10/14/2026 09:00 AM ET,TAXDEED,https://www.duval.realtaxdeed.com/index.cfm?zaction=auction&zmethod=details&AID=1516131&bypassPage=1,https://paopropertysearch.coj.net/Basic/Detail.aspx?RE=0379820000,,www.duval.realtaxdeed.com,2026-08-31T15:53:47+00:00
duval,10/14/2026,,038003-0000,2026-0493TD,05046-2024,,"8915 CASTLE BLVD, JACKSONVILLE, FL- 32208",,,3345.32,112315.0,Redeemed,TAXDEED,https://www.duval.realtaxdeed.com/index.cfm?zaction=auction&zmethod=details&AID=1516156&bypassPage=1,https://paopropertysearch.coj.net/Basic/Detail.aspx?RE=0380030000,,www.duval.realtaxdeed.com,2026-08-31T15:53:47+00:00
duval,10/14/2026,09:00 AM ET,038961-0000,2026-0490TD,05148-2024,,"9515 SCADLOCKE RD, JACKSONVILLE, FL- 32208",,,79953.11,142526.0,10/14/2026 09:00 AM ET,TAXDEED,https://www.duval.realtaxdeed.com/index.cfm?zaction=auction&zmethod=details&AID=1516159&bypassPage=1,https://paopropertysearch.coj.net/Basic/Detail.aspx?RE=0389610000,,www.duval.realtaxdeed.com,2026-08-31T15:53:47+00:00
duval,10/14/2026,,039928-0084,2026-0604TD,05267-2024,,"9158 SIBBALD RD, JACKSONVILLE, FL- 32208",,,9410.35,131506.0,Redeemed,TAXDEED,https://www.duval.realtaxdeed.com/index.cfm?zaction=auction&zmethod=details&AID=1515284&bypassPage=1,https://paopropertysearch.coj.net/Basic/Detail.aspx?RE=0399280084,,www.duval.realtaxdeed.com,2026-08-31T15:53:47+00:00
duval,10/14/2026,,041390-0000,2026-0474TD,05552-2024,,"4116 N KATANGA DR, JACKSONVILLE, FL- 32209",,,6718.86,80738.0,Redeemed,TAXDEED,https://www.duval.realtaxdeed.com/index.cfm?zaction=auction&zmethod=details&AID=1516174&bypassPage=1,https://paopropertysearch.coj.net/Basic/Detail.aspx?RE=0413900000,,www.duval.realtaxdeed.com,2026-08-31T15:53:47+00:00
duval,10/14/2026,09:00 AM ET,044235-0010,2026-0476TD,05834-2024,,"ARMSDALE RD, JACKSONVILLE, FL- 32218",,,1900.43,17486.0,10/14/2026 09:00 AM ET,TAXDEED,https://www.duval.realtaxdeed.com/index.cfm?zaction=auction&zmethod=details&AID=1516172&bypassPage=1,https://paopropertysearch.coj.net/Basic/Detail.aspx?RE=0442350010,,www.duval.realtaxdeed.com,2026-08-31T15:53:47+00:00
duval,10/14/2026,09:00 AM ET,044273-0165,2026-0563TD,05840-2024,,"2350 S ISLAND SHORE DR, JACKSONVILLE, FL- 32218",,,55331.63,102451.0,10/14/2026 09:00 AM ET,TAXDEED,https://www.duval.realtaxdeed.com/index.cfm?zaction=auction&zmethod=details&AID=1518182&bypassPage=1,https://paopropertysearch.coj.net/Basic/Detail.aspx?RE=0442730165,,www.duval.realtaxdeed.com,2026-08-31T15:53:47+00:00
duval,10/14/2026,09:00 AM ET,044444-0000,2026-0449TD,05892-2024,,"133 W 16TH ST, JACKSONVILLE, FL- 32206",,,7339.43,96174.0,10/14/2026 09:00 AM ET,TAXDEED,https://www.duval.realtaxdeed.com/index.cfm?zaction=auction&zmethod=details&AID=1516111&bypassPage=1,https://paopropertysearch.coj.net/Basic/Detail.aspx?RE=0444440000,,www.duval.realtaxdeed.com,2026-08-31T15:53:47+00:00
duval,10/14/2026,09:00 AM ET,044521-0000,2026-0492TD,05901-2024,,"114 W 16TH ST, JACKSONVILLE, FL- 32206",,,5338.04,78343.0,10/14/2026 09:00 AM ET,TAXDEED,https://www.duval.realtaxdeed.com/index.cfm?zaction=auction&zmethod=details&AID=1516157&bypassPage=1,https://paopropertysearch.coj.net/Basic/Detail.aspx?RE=0445210000,,www.duval.realtaxdeed.com,2026-08-31T15:53:47+00:00
duval,10/14/2026,09:00 AM ET,044636-0000,2026-0445TD,05916-2024,,"231 E 18TH ST, JACKSONVILLE, FL- 32206",,,11546.33,188515.0,10/14/2026 09:00 AM ET,TAXDEED,https://www.duval.realtaxdeed.com/index.cfm?zaction=auction&zmethod=details&AID=1516115&bypassPage=1,https://paopropertysearch.coj.net/Basic/Detail.aspx?RE=0446360000,,www.duval.realtaxdeed.com,2026-08-31T15:53:47+00:00
duval,10/14/2026,09:00 AM ET,044863-0000,2026-0499TD,05943-2024,,"218 E 16TH ST, JACKSONVILLE, FL- 32206",,,22289.57,38984.0,10/14/2026 09:00 AM ET,TAXDEED,https://www.duval.realtaxdeed.com/index.cfm?zaction=auction&zmethod=details&AID=1516201&bypassPage=1,https://paopropertysearch.coj.net/Basic/Detail.aspx?RE=0448630000,,www.duval.realtaxdeed.com,2026-08-31T15:53:47+00:00
duval,10/14/2026,09:00 AM ET,045769-0010,2026-0409TD,06074-2023,,"1354 W 21ST ST, JACKSONVILLE, FL- 32209",,,5436.91,38593.0,10/14/2026 09:00 AM ET,TAXDEED,https://www.duval.realtaxdeed.com/index.cfm?zaction=auction&zmethod=details&AID=1516097&bypassPage=1,https://paopropertysearch.coj.net/Basic/Detail.aspx?RE=0457690010,,www.duval.realtaxdeed.com,2026-08-31T15:53:47+00:00
duval,10/14/2026,09:00 AM ET,046282-0000,2023-0007TD,08330-2016,,"1982 W 16TH ST, JACKSONVILLE, FL- 32209",,,11401.66,8663.0,10/14/2026 09:00 AM ET,TAXDEED,https://www.duval.realtaxdeed.com/index.cfm?zaction=auction&zmethod=details&AID=1514872&bypassPage=1,https://paopropertysearch.coj.net/Basic/Detail.aspx?RE=0462820000,,www.duval.realtaxdeed.com,2026-08-31T15:53:47+00:00
duval,10/14/2026,,046513-0000,2026-0416TD,06274-2024,,"1964 W 15TH ST, JACKSONVILLE, FL- 32209",,,4308.04,20350.0,Redeemed,TAXDEED,https://www.duval.realtaxdeed.com/index.cfm?zaction=auction&zmethod=details&AID=1516093&bypassPage=1,https://paopropertysearch.coj.net/Basic/Detail.aspx?RE=0465130000,,www.duval.realtaxdeed.com,2026-08-31T15:53:47+00:00
duval,10/14/2026,09:00 AM ET,046987-0000,2026-0457TD,06350-2024,,"2157 W 16TH ST, JACKSONVILLE, FL- 32209",,,5958.66,62512.0,10/14/2026 09:00 AM ET,TAXDEED,https://www.duval.realtaxdeed.com/index.cfm?zaction=auction&zmethod=details&AID=1516188&bypassPage=1,https://paopropertysearch.coj.net/Basic/Detail.aspx?RE=0469870000,,www.duval.realtaxdeed.com,2026-08-31T15:53:47+00:00
duval,10/14/2026,09:00 AM ET,047142-0000,2026-0564TD,17266-2024,,"2265 W 14TH ST, JACKSONVILLE, FL- 32209",,,9376.59,79635.0,10/14/2026 09:00 AM ET,TAXDEED,https://www.duval.realtaxdeed.com/index.cfm?zaction=auction&zmethod=details&AID=1518181&bypassPage=1,https://paopropertysearch.coj.net/Basic/Detail.aspx?RE=0471420000,,www.duval.realtaxdeed.com,2026-08-31T15:53:47+00:00
duval,10/14/2026,,047291-0010,2026-0483TD,06405-2024,,"2324 SHERRINGTON ST, JACKSONVILLE, FL- 32209",,,21371.75,38213.0,Redeemed,TAXDEED,https://www.duval.realtaxdeed.com/index.cfm?zaction=auction&zmethod=details&AID=1516166&bypassPage=1,https://paopropertysearch.coj.net/Basic/Detail.aspx?RE=0472910010,,www.duval.realtaxdeed.com,2026-08-31T15:53:47+00:00
duval,10/14/2026,09:00 AM ET,047297-0000,2026-0553TD,06406-2024,,"2323 W 11TH ST, JACKSONVILLE, FL- 32209",,,36333.55,67198.0,10/14/2026 09:00 AM ET,TAXDEED,https://www.duval.realtaxdeed.com/index.cfm?zaction=auction&zmethod=details&AID=1518191&bypassPage=1,https://paopropertysearch.coj.net/Basic/Detail.aspx?RE=0472970000,,www.duval.realtaxdeed.com,2026-08-31T15:53:47+00:00
duval,10/14/2026,09:00 AM ET,047586-0000,2026-0556TD,17272-2024,,"2473 W 28TH ST, JACKSONVILLE, FL- 32209",,,10070.41,90020.0,10/14/2026 09:00 AM ET,TAXDEED,https://www.duval.realtaxdeed.com/index.cfm?zaction=auction&zmethod=details&AID=1518189&bypassPage=1,https://paopropertysearch.coj.net/Basic/Detail.aspx?RE=0475860000,,www.duval.realtaxdeed.com,2026-08-31T15:53:47+00:00
duval,10/14/2026,09:00 AM ET,048367-0000,2026-0544TD,06600-2024,,"2954 W 16TH ST, JACKSONVILLE, FL- 32254",,,3987.73,107076.0,10/14/2026 09:00 AM ET,TAXDEED,https://www.duval.realtaxdeed.com/index.cfm?zaction=auction&zmethod=details&AID=1518177&bypassPage=1,https://paopropertysearch.coj.net/Basic/Detail.aspx?RE=0483670000,,www.duval.realtaxdeed.com,2026-08-31T15:53:47+00:00
duval,10/14/2026,09:00 AM ET,048415-0000,2026-0424TD,06609-2024,,"3110 W 20TH ST, JACKSONVILLE, FL- 32254",,,6054.75,88347.0,10/14/2026 09:00 AM ET,TAXDEED,https://www.duval.realtaxdeed.com/index.cfm?zaction=auction&zmethod=details&AID=1516130&bypassPage=1,https://paopropertysearch.coj.net/Basic/Detail.aspx?RE=0484150000,,www.duval.realtaxdeed.com,2026-08-31T15:53:47+00:00
duval,10/14/2026,09:00 AM ET,048742-0000,2026-0468TD,06657-2024,,"3034 W 19TH ST, JACKSONVILLE, FL- 32254",,,54074.53,99380.0,10/14/2026 09:00 AM ET,TAXDEED,https://www.duval.realtaxdeed.com/index.cfm?zaction=auction&zmethod=details&AID=1516179&bypassPage=1,https://paopropertysearch.coj.net/Basic/Detail.aspx?RE=0487420000,,www.duval.realtaxdeed.com,2026-08-31T15:53:47+00:00
duval,10/14/2026,09:00 AM ET,049211-0000,2026-0587TD,06711-2024,,"3526 PINECREST ST, JACKSONVILLE, FL- 32254",,,7137.9,65513.0,10/14/2026 09:00 AM ET,TAXDEED,https://www.duval.realtaxdeed.com/index.cfm?zaction=auction&zmethod=details&AID=1518134&bypassPage=1,https://paopropertysearch.coj.net/Basic/Detail.aspx?RE=0492110000,,www.duval.realtaxdeed.com,2026-08-31T15:53:47+00:00
duval,10/14/2026,09:00 AM ET,049235-0000,2026-0589TD,17276-2024,,"3533 SHADOW ST, JACKSONVILLE, FL- 32254",,,8274.45,61102.0,10/14/2026 09:00 AM ET,TAXDEED,https://www.duval.realtaxdeed.com/index.cfm?zaction=auction&zmethod=details&AID=1518157&bypassPage=1,https://paopropertysearch.coj.net/Basic/Detail.aspx?RE=0492350000,,www.duval.realtaxdeed.com,2026-08-31T15:53:47+00:00
duval,10/14/2026,09:00 AM ET,049475-0000,2026-0448TD,06743-2024,,"1088 WOODSTOCK AVE, JACKSONVILLE, FL- 32254",,,7246.8,86690.0,10/14/2026 09:00 AM ET,TAXDEED,https://www.duval.realtaxdeed.com/index.cfm?zaction=auction&zmethod=details&AID=1516112&bypassPage=1,https://paopropertysearch.coj.net/Basic/Detail.aspx?RE=0494750000,,www.duval.realtaxdeed.com,2026-08-31T15:53:47+00:00
duval,10/14/2026,09:00 AM ET,050425-0000,2026-0420TD,06857-2024,,"2433 W 1ST ST, JACKSONVILLE, FL- 32254",,,2275.05,18000.0,10/14/2026 09:00 AM ET,TAXDEED,https://www.duval.realtaxdeed.com/index.cfm?zaction=auction&zmethod=details&AID=1516134&bypassPage=1,https://paopropertysearch.coj.net/Basic/Detail.aspx?RE=0504250000,,www.duval.realtaxdeed.com,2026-08-31T15:53:47+00:00
duval,10/14/2026,09:00 AM ET,050715-0000,2026-0415TD,06837-2023,,"1406 POWHATTAN ST, JACKSONVILLE, FL- 32209",,,5012.3,34146.0,10/14/2026 09:00 AM ET,TAXDEED,https://www.duval.realtaxdeed.com/index.cfm?zaction=auction&zmethod=details&AID=1516094&bypassPage=1,https://paopropertysearch.coj.net/Basic/Detail.aspx?RE=0507150000,,www.duval.realtaxdeed.com,2026-08-31T15:53:47+00:00
duval,10/14/2026,09:00 AM ET,051116-0000,2026-0614TD,06986-2024,,"1533 W 6TH ST, JACKSONVILLE, FL- 32209",,,2722.19,29675.0,10/14/2026 09:00 AM ET,TAXDEED,https://www.duval.realtaxdeed.com/index.cfm?zaction=auction&zmethod=details&AID=1516194&bypassPage=1,https://paopropertysearch.coj.net/Basic/Detail.aspx?RE=0511160000,,www.duval.realtaxdeed.com,2026-08-31T15:53:47+00:00
duval,10/14/2026,09:00 AM ET,051541-0140,2026-0465TD,07048-2024,,"2033 W 10TH ST, JACKSONVILLE, FL- 32209",,,4249.51,37508.0,10/14/2026 09:00 AM ET,TAXDEED,https://www.duval.realtaxdeed.com/index.cfm?zaction=auction&zmethod=details&AID=1516181&bypassPage=1,https://paopropertysearch.coj.net/Basic/Detail.aspx?RE=0515410140,,www.duval.realtaxdeed.com,2026-08-31T15:53:47+00:00
duval,10/14/2026,09:00 AM ET,051739-0000,2026-0472TD,07083-2024,,"1924 W 11TH ST, JACKSONVILLE, FL- 32209",,,6244.68,73910.0,10/14/2026 09:00 AM ET,TAXDEED,https://www.duval.realtaxdeed.com/index.cfm?zaction=auction&zmethod=details&AID=1516175&bypassPage=1,https://paopropertysearch.coj.net/Basic/Detail.aspx?RE=0517390000,,www.duval.realtaxdeed.com,2026-08-31T15:53:47+00:00
duval,10/14/2026,09:00 AM ET,052166-0000,2026-0583TD,07166-2024,,"1873 W 10TH ST, JACKSONVILLE, FL- 32209",,,7677.24,100031.0,10/14/2026 09:00 AM ET,TAXDEED,https://www.duval.realtaxdeed.com/index.cfm?zaction=auction&zmethod=details&AID=1518137&bypassPage=1,https://paopropertysearch.coj.net/Basic/Detail.aspx?RE=0521660000,,www.duval.realtaxdeed.com,2026-08-31T15:53:47+00:00
duval,10/14/2026,09:00 AM ET,052467-0000,2026-0406TD,07108-2023,,"1681 FAIRFAX ST, JACKSONVILLE, FL- 32209",,,2586.01,16477.0,10/14/2026 09:00 AM ET,TAXDEED,https://www.duval.realtaxdeed.com/index.cfm?zaction=auction&zmethod=details&AID=1516086&bypassPage=1,https://paopropertysearch.coj.net/Basic/Detail.aspx?RE=0524670000,,www.duval.realtaxdeed.com,2026-08-31T15:53:47+00:00
duval,10/14/2026,09:00 AM ET,052490-0010,2026-0471TD,07213-2024,,"0 KINGS PARK DR, JACKSONVILLE, FL- 32209",,,3890.94,41569.0,10/14/2026 09:00 AM ET,TAXDEED,https://www.duval.realtaxdeed.com/index.cfm?zaction=auction&zmethod=details&AID=1516176&bypassPage=1,https://paopropertysearch.coj.net/Basic/Detail.aspx?RE=0524900010,,www.duval.realtaxdeed.com,2026-08-31T15:53:47+00:00
duval,10/14/2026,09:00 AM ET,054219-0000,2026-0500TD,07505-2024,,"1424 W 5TH ST, JACKSONVILLE, FL- 32209",,,4854.13,51104.0,10/14/2026 09:00 AM ET,TAXDEED,https://www.duval.realtaxdeed.com/index.cfm?zaction=auction&zmethod=details&AID=1516200&bypassPage=1,https://paopropertysearch.coj.net/Basic/Detail.aspx?RE=0542190000,,www.duval.realtaxdeed.com,2026-08-31T15:53:47+00:00
duval,10/14/2026,09:00 AM ET,054252-0000,2026-0558TD,07517-2024,,"1465 GROTHE ST, JACKSONVILLE, FL- 32209",,,9528.82,83141.0,10/14/2026 09:00 AM ET,TAXDEED,https://www.duval.realtaxdeed.com/index.cfm?zaction=auction&zmethod=details&AID=1518187&bypassPage=1,https://paopropertysearch.coj.net/Basic/Detail.aspx?RE=0542520000,,www.duval.realtaxdeed.com,2026-08-31T15:53:47+00:00
duval,10/14/2026,09:00 AM ET,054566-0000,2026-0482TD,07537-2024,,"1065 W 4TH ST, JACKSONVILLE, FL- 32209",,,3095.67,22915.0,10/14/2026 09:00 AM ET,TAXDEED,https://www.duval.realtaxdeed.com/index.cfm?zaction=auction&zmethod=details&AID=1516167&bypassPage=1,https://paopropertysearch.coj.net/Basic/Detail.aspx?RE=0545660000,,www.duval.realtaxdeed.com,2026-08-31T15:53:47+00:00
duval,10/14/2026,09:00 AM ET,055543-0000,2026-0428TD,07637-2024,,"2514 HILAND ST, JACKSONVILLE, FL- 32204",,,2842.82,27048.0,10/14/2026 09:00 AM ET,TAXDEED,https://www.duval.realtaxdeed.com/index.cfm?zaction=auction&zmethod=details&AID=1516128&bypassPage=1,https://paopropertysearch.coj.net/Basic/Detail.aspx?RE=0555430000,,www.duval.realtaxdeed.com,2026-08-31T15:53:47+00:00
duval,10/14/2026,,056643-0050,2026-0612TD,07799-2024,,"271 S MCDUFF AVE, JACKSONVILLE, FL- 32254",,,5387.77,57706.0,Redeemed,TAXDEED,https://www.duval.realtaxdeed.com/index.cfm?zaction=auction&zmethod=details&AID=1516196&bypassPage=1,https://paopropertysearch.coj.net/Basic/Detail.aspx?RE=0566430050,,www.duval.realtaxdeed.com,2026-08-31T15:53:47+00:00
duval,10/14/2026,,056886-0000,2026-0455TD,07830-2024,,"3209 LENOX AVE, JACKSONVILLE, FL- 32254",,,7781.35,119031.0,Redeemed,TAXDEED,https://www.duval.realtaxdeed.com/index.cfm?zaction=auction&zmethod=details&AID=1516189&bypassPage=1,https://paopropertysearch.coj.net/Basic/Detail.aspx?RE=0568860000,,www.duval.realtaxdeed.com,2026-08-31T15:53:47+00:00
duval,10/14/2026,09:00 AM ET,057157-0000,2026-0453TD,07863-2024,,"3239 DILLON ST, JACKSONVILLE, FL- 32254",,,4983.31,48270.0,10/14/2026 09:00 AM ET,TAXDEED,https://www.duval.realtaxdeed.com/index.cfm?zaction=auction&zmethod=details&AID=1516108&bypassPage=1,https://paopropertysearch.coj.net/Basic/Detail.aspx?RE=0571570000,,www.duval.realtaxdeed.com,2026-08-31T15:53:47+00:00
duval,10/14/2026,09:00 AM ET,059408-0000,2026-0401TD,08141-2024,,"536 ROBERTS ST, JACKSONVILLE, FL- 32254",,,5519.6,60767.0,10/14/2026 09:00 AM ET,TAXDEED,https://www.duval.realtaxdeed.com/index.cfm?zaction=auction&zmethod=details&AID=1516102&bypassPage=1,https://paopropertysearch.coj.net/Basic/Detail.aspx?RE=0594080000,,www.duval.realtaxdeed.com,2026-08-31T15:53:47+00:00
duval,10/14/2026,09:00 AM ET,060771-0000,2026-0630TD,08234-2024,,"4838 ROSSELLE ST, JACKSONVILLE, FL- 32254",,,9175.29,129484.0,10/14/2026 09:00 AM ET,TAXDEED,https://www.duval.realtaxdeed.com/index.cfm?zaction=auction&zmethod=details&AID=1516865&bypassPage=1,https://paopropertysearch.coj.net/Basic/Detail.aspx?RE=0607710000,,www.duval.realtaxdeed.com,2026-08-31T15:53:47+00:00
duval,10/14/2026,09:00 AM ET,060856-0000,2026-0588TD,08242-2024,,"3329 WALLER ST, JACKSONVILLE, FL- 32254",,,10056.24,131322.0,10/14/2026 09:00 AM ET,TAXDEED,https://www.duval.realtaxdeed.com/index.cfm?zaction=auction&zmethod=details&AID=1518149&bypassPage=1,https://paopropertysearch.coj.net/Basic/Detail.aspx?RE=0608560000,,www.duval.realtaxdeed.com,2026-08-31T15:53:47+00:00
duval,10/14/2026,09:00 AM ET,063382-0100,2026-0580TD,08347-2024,,"2971 PHYLLIS ST, JACKSONVILLE, FL- 32205",,,84912.63,150498.0,10/14/2026 09:00 AM ET,TAXDEED,https://www.duval.realtaxdeed.com/index.cfm?zaction=auction&zmethod=details&AID=1518143&bypassPage=1,https://paopropertysearch.coj.net/Basic/Detail.aspx?RE=0633820100,,www.duval.realtaxdeed.com,2026-08-31T15:53:47+00:00
duval,10/14/2026,09:00 AM ET,067001-0000,2026-0593TD,08527-2024,,"1309 S ELLIS RD, JACKSONVILLE, FL- 32205",,,66344.36,117460.0,10/14/2026 09:00 AM ET,TAXDEED,https://www.duval.realtaxdeed.com/index.cfm?zaction=auction&zmethod=details&AID=1518152&bypassPage=1,https://paopropertysearch.coj.net/Basic/Detail.aspx?RE=0670010000,,www.duval.realtaxdeed.com,2026-08-31T15:53:47+00:00
duval,10/14/2026,09:00 AM ET,067225-0000,2026-0545TD,08544-2024,,"PARK ST, JACKSONVILLE, FL- 32205",,,3609.33,40097.0,10/14/2026 09:00 AM ET,TAXDEED,https://www.duval.realtaxdeed.com/index.cfm?zaction=auction&zmethod=details&AID=1518176&bypassPage=1,https://paopropertysearch.coj.net/Basic/Detail.aspx?RE=0672250000,,www.duval.realtaxdeed.com,2026-08-31T15:53:47+00:00
duval,10/14/2026,,069818-0000,2026-0443TD,08671-2024,,"3490 ST AUGUSTINE RD, JACKSONVILLE, FL- 32207",,,17429.98,242576.0,Redeemed,TAXDEED,https://www.duval.realtaxdeed.com/index.cfm?zaction=auction&zmethod=details&AID=1516117&bypassPage=1,https://paopropertysearch.coj.net/Basic/Detail.aspx?RE=0698180000,,www.duval.realtaxdeed.com,2026-08-31T15:53:47+00:00
duval,10/14/2026,09:00 AM ET,070321-0000,2026-0535TD,08710-2024,,"1846 BREWSTER RD, JACKSONVILLE, FL- 32207",,,38198.04,68518.0,10/14/2026 09:00 AM ET,TAXDEED,https://www.duval.realtaxdeed.com/index.cfm?zaction=auction&zmethod=details&AID=1518167&bypassPage=1,https://paopropertysearch.coj.net/Basic/Detail.aspx?RE=0703210000,,www.duval.realtaxdeed.com,2026-08-31T15:53:47+00:00
duval,10/14/2026,09:00 AM ET,072203-0000,2026-0442TD,08863-2024,,"447 E 8TH ST, JACKSONVILLE, FL- 32206",,,3133.02,25177.0,10/14/2026 09:00 AM ET,TAXDEED,https://www.duval.realtaxdeed.com/index.cfm?zaction=auction&zmethod=details&AID=1516118&bypassPage=1,https://paopropertysearch.coj.net/Basic/Detail.aspx?RE=0722030000,,www.duval.realtaxdeed.com,2026-08-31T15:53:47+00:00
duval,10/14/2026,09:00 AM ET,073589-0000,2026-0628TD,08992-2024,,"29 E ADAMS ST, JACKSONVILLE, FL- 32202",,,33110.9,477296.0,10/14/2026 09:00 AM ET,TAXDEED,https://www.duval.realtaxdeed.com/index.cfm?zaction=auction&zmethod=details&AID=1516867&bypassPage=1,https://paopropertysearch.coj.net/Basic/Detail.aspx?RE=0735890000,,www.duval.realtaxdeed.com,2026-08-31T15:53:47+00:00
duval,10/14/2026,09:00 AM ET,073629-0000,2026-0641TD,08993-2024,,"411 N LIBERTY ST, JACKSONVILLE, FL- 32202",,,11691.27,132279.0,10/14/2026 09:00 AM ET,TAXDEED,https://www.duval.realtaxdeed.com/index.cfm?zaction=auction&zmethod=details&AID=1516908&bypassPage=1,https://paopropertysearch.coj.net/Basic/Detail.aspx?RE=0736290000,,www.duval.realtaxdeed.com,2026-08-31T15:53:47+00:00
duval,10/14/2026,09:00 AM ET,073630-0000,2026-0642TD,08994-2024,,"403 N LIBERTY ST, JACKSONVILLE, FL- 32202",,,10482.78,80438.0,10/14/2026 09:00 AM ET,TAXDEED,https://www.duval.realtaxdeed.com/index.cfm?zaction=auction&zmethod=details&AID=1516936&bypassPage=1,https://paopropertysearch.coj.net/Basic/Detail.aspx?RE=0736300000,,www.duval.realtaxdeed.com,2026-08-31T15:53:47+00:00
duval,10/14/2026,09:00 AM ET,073793-0005,2026-0607TD,09004-2024,,"W ADAMS ST, JACKSONVILLE, FL- 32202",,,53126.03,751948.0,10/14/2026 09:00 AM ET,TAXDEED,https://www.duval.realtaxdeed.com/index.cfm?zaction=auction&zmethod=details&AID=1514886&bypassPage=1,https://paopropertysearch.coj.net/Basic/Detail.aspx?RE=0737930005,,www.duval.realtaxdeed.com,2026-08-31T15:53:47+00:00
duval,10/14/2026,09:00 AM ET,076041-0000,2026-0658TD,09116-2024,,"1482 WINDLE ST, JACKSONVILLE, FL- 32209",,,4333.63,36696.0,10/14/2026 09:00 AM ET,TAXDEED,https://www.duval.realtaxdeed.com/index.cfm?zaction=auction&zmethod=details&AID=1517123&bypassPage=1,https://paopropertysearch.coj.net/Basic/Detail.aspx?RE=0760410000,,www.duval.realtaxdeed.com,2026-08-31T15:53:47+00:00
duval,10/14/2026,09:00 AM ET,076453-0000,2026-0657TD,09181-2024,,"1694 W 2ND ST, JACKSONVILLE, FL- 32209",,,4117.52,57447.0,10/14/2026 09:00 AM ET,TAXDEED,https://www.duval.realtaxdeed.com/index.cfm?zaction=auction&zmethod=details&AID=1517124&bypassPage=1,https://paopropertysearch.coj.net/Basic/Detail.aspx?RE=0764530000,,www.duval.realtaxdeed.com,2026-08-31T15:53:47+00:00
duval,10/14/2026,09:00 AM ET,077546-0000,2026-0413TD,09185-2023,,"1992 MCQUADE ST, JACKSONVILLE, FL- 32209",,,5341.15,37596.0,10/14/2026 09:00 AM ET,TAXDEED,https://www.duval.realtaxdeed.com/index.cfm?zaction=auction&zmethod=details&AID=1516096&bypassPage=1,https://paopropertysearch.coj.net/Basic/Detail.aspx?RE=0775460000,,www.duval.realtaxdeed.com,2026-08-31T15:53:47+00:00
duval,10/14/2026,09:00 AM ET,086372-0000,2026-0501TD,10054-2024,,"5115 AVENUE B, JACKSONVILLE, FL- 32209",,,49098.41,85602.0,10/14/2026 09:00 AM ET,TAXDEED,https://www.duval.realtaxdeed.com/index.cfm?zaction=auction&zmethod=details&AID=1518200&bypassPage=1,https://paopropertysearch.coj.net/Basic/Detail.aspx?RE=0863720000,,www.duval.realtaxdeed.com,2026-08-31T15:53:47+00:00
duval,10/14/2026,09:00 AM ET,086596-0000,2026-0616TD,10104-2024,,"1336 W 23RD ST, JACKSONVILLE, FL- 32209",,,2893.44,29481.0,10/14/2026 09:00 AM ET,TAXDEED,https://www.duval.realtaxdeed.com/index.cfm?zaction=auction&zmethod=details&AID=1516192&bypassPage=1,https://paopropertysearch.coj.net/Basic/Detail.aspx?RE=0865960000,,www.duval.realtaxdeed.com,2026-08-31T15:53:47+00:00
duval,10/14/2026,09:00 AM ET,087350-0000,2026-0504TD,10254-2024,,"1996 ERLINE DR, JACKSONVILLE, FL- 32209",,,6900.22,86419.0,10/14/2026 09:00 AM ET,TAXDEED,https://www.duval.realtaxdeed.com/index.cfm?zaction=auction&zmethod=details&AID=1518197&bypassPage=1,https://paopropertysearch.coj.net/Basic/Detail.aspx?RE=0873500000,,www.duval.realtaxdeed.com,2026-08-31T15:53:47+00:00
duval,10/14/2026,09:00 AM ET,087563-0000,2026-0546TD,10292-2024,,"3525 PERRY ST, JACKSONVILLE, FL- 32206",,,24183.61,42024.0,10/14/2026 09:00 AM ET,TAXDEED,https://www.duval.realtaxdeed.com/index.cfm?zaction=auction&zmethod=details&AID=1518175&bypassPage=1,https://paopropertysearch.coj.net/Basic/Detail.aspx?RE=0875630000,,www.duval.realtaxdeed.com,2026-08-31T15:53:47+00:00
duval,10/14/2026,09:00 AM ET,087964-0000,2026-0647TD,10364-2024,,"529 BASSWOOD ST, JACKSONVILLE, FL- 32206",,,5966.55,68460.0,10/14/2026 09:00 AM ET,TAXDEED,https://www.duval.realtaxdeed.com/index.cfm?zaction=auction&zmethod=details&AID=1517114&bypassPage=1,https://paopropertysearch.coj.net/Basic/Detail.aspx?RE=0879640000,,www.duval.realtaxdeed.com,2026-08-31T15:53:47+00:00
duval,10/14/2026,09:00 AM ET,088559-0000,2026-0475TD,10484-2024,,"1264 W 31ST ST, JACKSONVILLE, FL- 32209",,,5293.38,54785.0,10/14/2026 09:00 AM ET,TAXDEED,https://www.duval.realtaxdeed.com/index.cfm?zaction=auction&zmethod=details&AID=1516173&bypassPage=1,https://paopropertysearch.coj.net/Basic/Detail.aspx?RE=0885590000,,www.duval.realtaxdeed.com,2026-08-31T15:53:47+00:00
duval,10/14/2026,,094036-0000,2026-0646TD,10718-2024,,"2103 BLANDING BLVD, JACKSONVILLE, FL- 32210",,,32800.15,433131.0,Redeemed,TAXDEED,https://www.duval.realtaxdeed.com/index.cfm?zaction=auction&zmethod=details&AID=1516932&bypassPage=1,https://paopropertysearch.coj.net/Basic/Detail.aspx?RE=0940360000,,www.duval.realtaxdeed.com,2026-08-31T15:53:47+00:00
duval,10/14/2026,09:00 AM ET,094815-0000,2026-0531TD,10753-2024,,"5033 BLACKBURN ST, JACKSONVILLE, FL- 32210",,,69794.54,125660.0,10/14/2026 09:00 AM ET,TAXDEED,https://www.duval.realtaxdeed.com/index.cfm?zaction=auction&zmethod=details&AID=1518158&bypassPage=1,https://paopropertysearch.coj.net/Basic/Detail.aspx?RE=0948150000,,www.duval.realtaxdeed.com,2026-08-31T15:53:47+00:00
duval,10/14/2026,,094951-0000,2026-0639TD,10765-2024,,"5332 COLONIAL AVE, JACKSONVILLE, FL- 32210",,,12413.29,155879.0,Redeemed,TAXDEED,https://www.duval.realtaxdeed.com/index.cfm?zaction=auction&zmethod=details&AID=1516879&bypassPage=1,https://paopropertysearch.coj.net/Basic/Detail.aspx?RE=0949510000,,www.duval.realtaxdeed.com,2026-08-31T15:53:47+00:00
duval,10/14/2026,09:00 AM ET,096751-0000,2026-0542TD,10849-2024,,"7006 S TAMPICO RD, JACKSONVILLE, FL- 32244",,,16091.86,177893.0,10/14/2026 09:00 AM ET,TAXDEED,https://www.duval.realtaxdeed.com/index.cfm?zaction=auction&zmethod=details&AID=1518161&bypassPage=1,https://paopropertysearch.coj.net/Basic/Detail.aspx?RE=0967510000,,www.duval.realtaxdeed.com,2026-08-31T15:53:47+00:00
duval,10/14/2026,09:00 AM ET,100368-0000,2026-0569TD,11088-2024,,"COLLINS RD, JACKSONVILLE, FL- 32244",,,8270.12,70378.0,10/14/2026 09:00 AM ET,TAXDEED,https://www.duval.realtaxdeed.com/index.cfm?zaction=auction&zmethod=details&AID=1518196&bypassPage=1,https://paopropertysearch.coj.net/Basic/Detail.aspx?RE=1003680000,,www.duval.realtaxdeed.com,2026-08-31T15:53:47+00:00
duval,10/14/2026,,102996-0000,2026-0460TD,11155-2024,,"3978 NAZWORTH RD, JACKSONVILLE, FL- 32210",,,3876.62,31733.0,Redeemed,TAXDEED,https://www.duval.realtaxdeed.com/index.cfm?zaction=auction&zmethod=details&AID=1516186&bypassPage=1,https://paopropertysearch.coj.net/Basic/Detail.aspx?RE=1029960000,,www.duval.realtaxdeed.com,2026-08-31T15:53:47+00:00
duval,10/14/2026,09:00 AM ET,104524-0000,2026-0586TD,11287-2024,,"5734 N CEDAR FOREST DR, JACKSONVILLE, FL- 32210",,,8883.74,52000.0,10/14/2026 09:00 AM ET,TAXDEED,https://www.duval.realtaxdeed.com/index.cfm?zaction=auction&zmethod=details&AID=1518135&bypassPage=1,https://paopropertysearch.coj.net/Basic/Detail.aspx?RE=1045240000,,www.duval.realtaxdeed.com,2026-08-31T15:53:47+00:00
duval,10/14/2026,09:00 AM ET,106578-4025,2026-0620TD,11507-2024,,"3427 GLENN HOLLOW CT, JACKSONVILLE, FL- 32226",,,93763.6,173828.0,10/14/2026 09:00 AM ET,TAXDEED,https://www.duval.realtaxdeed.com/index.cfm?zaction=auction&zmethod=details&AID=1516090&bypassPage=1,https://paopropertysearch.coj.net/Basic/Detail.aspx?RE=1065784025,,www.duval.realtaxdeed.com,2026-08-31T15:53:47+00:00
duval,10/14/2026,09:00 AM ET,107778-0550,2026-0609TD,11658-2024,,"142 E EUBANKS ST, JACKSONVILLE, FL- 32218",,,4210.96,31523.0,10/14/2026 09:00 AM ET,TAXDEED,https://www.duval.realtaxdeed.com/index.cfm?zaction=auction&zmethod=details&AID=1516199&bypassPage=1,https://paopropertysearch.coj.net/Basic/Detail.aspx?RE=1077780550,,www.duval.realtaxdeed.com,2026-08-31T15:53:47+00:00
duval,10/14/2026,09:00 AM ET,108040-0000,2026-0404TD,11697-2024,,"209 VERNIS AVE, JACKSONVILLE, FL- 32218",,,1989.23,16076.0,10/14/2026 09:00 AM ET,TAXDEED,https://www.duval.realtaxdeed.com/index.cfm?zaction=auction&zmethod=details&AID=1516099&bypassPage=1,https://paopropertysearch.coj.net/Basic/Detail.aspx?RE=1080400000,,www.duval.realtaxdeed.com,2026-08-31T15:53:47+00:00
duval,10/14/2026,09:00 AM ET,110913-0050,2026-0479TD,11974-2024,,"S SR9A EXPY, JACKSONVILLE, FL- 32218",,,5427.83,60000.0,10/14/2026 09:00 AM ET,TAXDEED,https://www.duval.realtaxdeed.com/index.cfm?zaction=auction&zmethod=details&AID=1516169&bypassPage=1,https://paopropertysearch.coj.net/Basic/Detail.aspx?RE=1109130050,,www.duval.realtaxdeed.com,2026-08-31T15:53:47+00:00
duval,10/14/2026,09:00 AM ET,111137-0000,2026-0436TD,11995-2024,,"5424 BUFFALO AVE, JACKSONVILLE, FL- 32208",,,1878.15,13272.0,10/14/2026 09:00 AM ET,TAXDEED,https://www.duval.realtaxdeed.com/index.cfm?zaction=auction&zmethod=details&AID=1516122&bypassPage=1,https://paopropertysearch.coj.net/Basic/Detail.aspx?RE=1111370000,,www.duval.realtaxdeed.com,2026-08-31T15:53:47+00:00
duval,10/14/2026,09:00 AM ET,111149-0000,2026-0421TD,12002-2024,,"610 E 46TH ST, JACKSONVILLE, FL- 32208",,,2158.57,17578.0,10/14/2026 09:00 AM ET,TAXDEED,https://www.duval.realtaxdeed.com/index.cfm?zaction=auction&zmethod=details&AID=1516133&bypassPage=1,https://paopropertysearch.coj.net/Basic/Detail.aspx?RE=1111490000,,www.duval.realtaxdeed.com,2026-08-31T15:53:47+00:00
duval,10/14/2026,09:00 AM ET,113014-8755,2026-0534TD,12115-2024,,"7725 W LYNCHBURG CT, JACKSONVILLE, FL- 32277",,,6959.76,182020.0,10/14/2026 09:00 AM ET,TAXDEED,https://www.duval.realtaxdeed.com/index.cfm?zaction=auction&zmethod=details&AID=1518168&bypassPage=1,https://paopropertysearch.coj.net/Basic/Detail.aspx?RE=1130148755,,www.duval.realtaxdeed.com,2026-08-31T15:53:47+00:00
duval,10/14/2026,09:00 AM ET,113015-0075,2026-0541TD,12117-2024,,"7258 LAWN TENNIS LN, JACKSONVILLE, FL- 32277",,,15742.31,228183.0,10/14/2026 09:00 AM ET,TAXDEED,https://www.duval.realtaxdeed.com/index.cfm?zaction=auction&zmethod=details&AID=1518162&bypassPage=1,https://paopropertysearch.coj.net/Basic/Detail.aspx?RE=1130150075,,www.duval.realtaxdeed.com,2026-08-31T15:53:47+00:00
duval,10/14/2026,09:00 AM ET,114816-0000,2026-0447TD,12336-2024,,"1578 FLORIDA AVE, JACKSONVILLE, FL- 32206",,,5981.3,59418.0,10/14/2026 09:00 AM ET,TAXDEED,https://www.duval.realtaxdeed.com/index.cfm?zaction=auction&zmethod=details&AID=1516113&bypassPage=1,https://paopropertysearch.coj.net/Basic/Detail.aspx?RE=1148160000,,www.duval.realtaxdeed.com,2026-08-31T15:53:47+00:00
duval,10/14/2026,09:00 AM ET,114876-0000,2026-0402TD,12348-2024,,"1116 E 10TH ST, JACKSONVILLE, FL- 32206",,,1965.66,12659.0,10/14/2026 09:00 AM ET,TAXDEED,https://www.duval.realtaxdeed.com/index.cfm?zaction=auction&zmethod=details&AID=1516101&bypassPage=1,https://paopropertysearch.coj.net/Basic/Detail.aspx?RE=1148760000,,www.duval.realtaxdeed.com,2026-08-31T15:53:47+00:00
duval,10/14/2026,,114909-0000,2026-0434TD,12358-2024,,"2141 PHOENIX AVE, JACKSONVILLE, FL- 32206",,,4737.94,54477.0,Redeemed,TAXDEED,https://www.duval.realtaxdeed.com/index.cfm?zaction=auction&zmethod=details&AID=1516124&bypassPage=1,https://paopropertysearch.coj.net/Basic/Detail.aspx?RE=1149090000,,www.duval.realtaxdeed.com,2026-08-31T15:53:47+00:00
duval,10/14/2026,09:00 AM ET,119244-0000,2026-0634TD,12639-2024,,"3147 CATHEDRAL LN, JACKSONVILLE, FL- 32277",,,11206.95,158638.0,10/14/2026 09:00 AM ET,TAXDEED,https://www.duval.realtaxdeed.com/index.cfm?zaction=auction&zmethod=details&AID=1516884&bypassPage=1,https://paopropertysearch.coj.net/Basic/Detail.aspx?RE=1192440000,,www.duval.realtaxdeed.com,2026-08-31T15:53:47+00:00
duval,10/14/2026,09:00 AM ET,120888-1008,2026-0611TD,12716-2024,,"8588 ARLINGTON EXPY D, JACKSONVILLE, FL- 32211",,,2764.56,20000.0,10/14/2026 09:00 AM ET,TAXDEED,https://www.duval.realtaxdeed.com/index.cfm?zaction=auction&zmethod=details&AID=1516197&bypassPage=1,https://paopropertysearch.coj.net/Basic/Detail.aspx?RE=1208881008,,www.duval.realtaxdeed.com,2026-08-31T15:53:47+00:00
duval,10/14/2026,09:00 AM ET,123741-0000,2026-0629TD,12924-2024,,"9729 LILY RD, JACKSONVILLE, FL- 32246",,,101678.66,182618.0,10/14/2026 09:00 AM ET,TAXDEED,https://www.duval.realtaxdeed.com/index.cfm?zaction=auction&zmethod=details&AID=1516866&bypassPage=1,https://paopropertysearch.coj.net/Basic/Detail.aspx?RE=1237410000,,www.duval.realtaxdeed.com,2026-08-31T15:53:47+00:00
duval,10/14/2026,09:00 AM ET,124146-0000,2026-0506TD,12957-2024,,"0 LIVE OAK DR, JACKSONVILLE, FL- 32246",,,4082.4,40397.0,10/14/2026 09:00 AM ET,TAXDEED,https://www.duval.realtaxdeed.com/index.cfm?zaction=auction&zmethod=details&AID=1518205&bypassPage=1,https://paopropertysearch.coj.net/Basic/Detail.aspx?RE=1241460000,,www.duval.realtaxdeed.com,2026-08-31T15:53:47+00:00
duval,10/14/2026,09:00 AM ET,124147-0000,2026-0507TD,12958-2024,,"0 LIVE OAK DR, JACKSONVILLE, FL- 32246",,,4082.4,40397.0,10/14/2026 09:00 AM ET,TAXDEED,https://www.duval.realtaxdeed.com/index.cfm?zaction=auction&zmethod=details&AID=1518204&bypassPage=1,https://paopropertysearch.coj.net/Basic/Detail.aspx?RE=1241470000,,www.duval.realtaxdeed.com,2026-08-31T15:53:47+00:00
duval,10/14/2026,09:00 AM ET,124148-0000,2026-0508TD,12959-2024,,"0 LIVE OAK DR, JACKSONVILLE, FL- 32246",,,4082.4,40397.0,10/14/2026 09:00 AM ET,TAXDEED,https://www.duval.realtaxdeed.com/index.cfm?zaction=auction&zmethod=details&AID=1518203&bypassPage=1,https://paopropertysearch.coj.net/Basic/Detail.aspx?RE=1241480000,,www.duval.realtaxdeed.com,2026-08-31T15:53:47+00:00
duval,10/14/2026,09:00 AM ET,124149-0000,2026-0509TD,12960-2024,,"0 LIVE OAK DR, JACKSONVILLE, FL- 32246",,,4082.4,40397.0,10/14/2026 09:00 AM ET,TAXDEED,https://www.duval.realtaxdeed.com/index.cfm?zaction=auction&zmethod=details&AID=1518202&bypassPage=1,https://paopropertysearch.coj.net/Basic/Detail.aspx?RE=1241490000,,www.duval.realtaxdeed.com,2026-08-31T15:53:47+00:00
duval,10/14/2026,09:00 AM ET,124150-0000,2026-0510TD,12961-2024,,"0 LIVE OAK DR, JACKSONVILLE, FL- 32246",,,4856.6,50501.0,10/14/2026 09:00 AM ET,TAXDEED,https://www.duval.realtaxdeed.com/index.cfm?zaction=auction&zmethod=details&AID=1518201&bypassPage=1,https://paopropertysearch.coj.net/Basic/Detail.aspx?RE=1241500000,,www.duval.realtaxdeed.com,2026-08-31T15:53:47+00:00
duval,10/14/2026,09:00 AM ET,124871-0000,2026-0559TD,12992-2024,,"4003 BUNNELL DR, JACKSONVILLE, FL- 32246",,,10699.1,156510.0,10/14/2026 09:00 AM ET,TAXDEED,https://www.duval.realtaxdeed.com/index.cfm?zaction=auction&zmethod=details&AID=1518186&bypassPage=1,https://paopropertysearch.coj.net/Basic/Detail.aspx?RE=1248710000,,www.duval.realtaxdeed.com,2026-08-31T15:53:47+00:00
duval,10/14/2026,09:00 AM ET,126195-0000,2026-0551TD,13062-2024,,"2054 THOMAS CT, JACKSONVILLE, FL- 32207",,,7594.67,92314.0,10/14/2026 09:00 AM ET,TAXDEED,https://www.duval.realtaxdeed.com/index.cfm?zaction=auction&zmethod=details&AID=1518192&bypassPage=1,https://paopropertysearch.coj.net/Basic/Detail.aspx?RE=1261950000,,www.duval.realtaxdeed.com,2026-08-31T15:53:47+00:00
duval,10/14/2026,09:00 AM ET,127769-0000,2026-0548TD,13192-2024,,"4520 DE KALB AVE, JACKSONVILLE, FL- 32207",,,2251.3,50000.0,10/14/2026 09:00 AM ET,TAXDEED,https://www.duval.realtaxdeed.com/index.cfm?zaction=auction&zmethod=details&AID=1518173&bypassPage=1,https://paopropertysearch.coj.net/Basic/Detail.aspx?RE=1277690000,,www.duval.realtaxdeed.com,2026-08-31T15:53:47+00:00
duval,10/14/2026,09:00 AM ET,131597-0000,2026-0441TD,13399-2024,,"1811 E 24TH ST, JACKSONVILLE, FL- 32206",,,3702.52,21498.0,10/14/2026 09:00 AM ET,TAXDEED,https://www.duval.realtaxdeed.com/index.cfm?zaction=auction&zmethod=details&AID=1516119&bypassPage=1,https://paopropertysearch.coj.net/Basic/Detail.aspx?RE=1315970000,,www.duval.realtaxdeed.com,2026-08-31T15:53:47+00:00
duval,10/14/2026,,132657-0000,2026-0458TD,13542-2024,,"3425 PLATEAU ST, JACKSONVILLE, FL- 32206",,,4345.09,27379.0,Redeemed,TAXDEED,https://www.duval.realtaxdeed.com/index.cfm?zaction=auction&zmethod=details&AID=1516187&bypassPage=1,https://paopropertysearch.coj.net/Basic/Detail.aspx?RE=1326570000,,www.duval.realtaxdeed.com,2026-08-31T15:53:47+00:00
duval,10/14/2026,09:00 AM ET,132706-0000,2026-0486TD,13549-2024,,"0 E 27TH ST, JACKSONVILLE, FL- 32206",,,1920.82,11479.0,10/14/2026 09:00 AM ET,TAXDEED,https://www.duval.realtaxdeed.com/index.cfm?zaction=auction&zmethod=details&AID=1516163&bypassPage=1,https://paopropertysearch.coj.net/Basic/Detail.aspx?RE=1327060000,,www.duval.realtaxdeed.com,2026-08-31T15:53:47+00:00
duval,10/14/2026,09:00 AM ET,134012-0015,2026-0608TD,13676-2024,,"0 HINELY LANE, JACKSONVILLE, FL- 32216",,,15779.42,271223.0,10/14/2026 09:00 AM ET,TAXDEED,https://www.duval.realtaxdeed.com/index.cfm?zaction=auction&zmethod=details&AID=1514885&bypassPage=1,https://paopropertysearch.coj.net/Basic/Detail.aspx?RE=1340120015,,www.duval.realtaxdeed.com,2026-08-31T15:53:47+00:00
duval,10/14/2026,09:00 AM ET,135885-0000,2026-0503TD,13762-2024,,"3245 BYO RD, JACKSONVILLE, FL- 32207",,,3138.2,94749.0,10/14/2026 09:00 AM ET,TAXDEED,https://www.duval.realtaxdeed.com/index.cfm?zaction=auction&zmethod=details&AID=1518198&bypassPage=1,https://paopropertysearch.coj.net/Basic/Detail.aspx?RE=1358850000,,www.duval.realtaxdeed.com,2026-08-31T15:53:47+00:00
duval,10/14/2026,09:00 AM ET,137119-0010,2026-0470TD,13850-2024,,"0 E WEBER LN, JACKSONVILLE, FL- 32207",,,4504.51,78515.0,10/14/2026 09:00 AM ET,TAXDEED,https://www.duval.realtaxdeed.com/index.cfm?zaction=auction&zmethod=details&AID=1516177&bypassPage=1,https://paopropertysearch.coj.net/Basic/Detail.aspx?RE=1371190010,,www.duval.realtaxdeed.com,2026-08-31T15:53:47+00:00
duval,10/14/2026,09:00 AM ET,138251-0000,2026-0568TD,13896-2024,,"2164 GOLTARE DR, JACKSONVILLE, FL- 32216",,,16495.37,245839.0,10/14/2026 09:00 AM ET,TAXDEED,https://www.duval.realtaxdeed.com/index.cfm?zaction=auction&zmethod=details&AID=1518179&bypassPage=1,https://paopropertysearch.coj.net/Basic/Detail.aspx?RE=1382510000,,www.duval.realtaxdeed.com,2026-08-31T15:53:47+00:00
duval,10/14/2026,09:00 AM ET,142483-0142,2026-0656TD,14051-2024,,"712 OAKS FIELD RD F1-2, JACKSONVILLE, FL- 32211",,,5517.6,53750.0,10/14/2026 09:00 AM ET,TAXDEED,https://www.duval.realtaxdeed.com/index.cfm?zaction=auction&zmethod=details&AID=1516938&bypassPage=1,https://paopropertysearch.coj.net/Basic/Detail.aspx?RE=1424830142,,www.duval.realtaxdeed.com,2026-08-31T15:53:47+00:00
duval,10/14/2026,09:00 AM ET,142483-0200,2026-0597TD,14058-2024,,"706 OAKS MANOR CT N3-2, JACKSONVILLE, FL- 32211",,,4647.36,53750.0,10/14/2026 09:00 AM ET,TAXDEED,https://www.duval.realtaxdeed.com/index.cfm?zaction=auction&zmethod=details&AID=1516845&bypassPage=1,https://paopropertysearch.coj.net/Basic/Detail.aspx?RE=1424830200,,www.duval.realtaxdeed.com,2026-08-31T15:53:47+00:00
duval,10/14/2026,09:00 AM ET,146036-4418,2026-0637TD,14255-2024,,"9745 TOUCHTON RD 2224, JACKSONVILLE, FL- 32246",,,10652.07,163500.0,10/14/2026 09:00 AM ET,TAXDEED,https://www.duval.realtaxdeed.com/index.cfm?zaction=auction&zmethod=details&AID=1516881&bypassPage=1,https://paopropertysearch.coj.net/Basic/Detail.aspx?RE=1460364418,,www.duval.realtaxdeed.com,2026-08-31T15:53:47+00:00
duval,10/14/2026,,146452-0000,2026-0651TD,14295-2024,,"1933 S LAKEWOOD CIR, JACKSONVILLE, FL- 32207",,,12447.16,179341.0,Redeemed,TAXDEED,https://www.duval.realtaxdeed.com/index.cfm?zaction=auction&zmethod=details&AID=1516930&bypassPage=1,https://paopropertysearch.coj.net/Basic/Detail.aspx?RE=1464520000,,www.duval.realtaxdeed.com,2026-08-31T15:53:47+00:00
duval,10/14/2026,09:00 AM ET,147623-0000,2026-0631TD,14367-2024,,"2025 JERNIGAN RD, JACKSONVILLE, FL- 32207",,,11827.67,154253.0,10/14/2026 09:00 AM ET,TAXDEED,https://www.duval.realtaxdeed.com/index.cfm?zaction=auction&zmethod=details&AID=1516864&bypassPage=1,https://paopropertysearch.coj.net/Basic/Detail.aspx?RE=1476230000,,www.duval.realtaxdeed.com,2026-08-31T15:53:47+00:00
duval,10/14/2026,09:00 AM ET,147624-0000,2026-0632TD,14368-2024,,"2011 JERNIGAN RD, JACKSONVILLE, FL- 32207",,,8137.68,112735.0,10/14/2026 09:00 AM ET,TAXDEED,https://www.duval.realtaxdeed.com/index.cfm?zaction=auction&zmethod=details&AID=1516863&bypassPage=1,https://paopropertysearch.coj.net/Basic/Detail.aspx?RE=1476240000,,www.duval.realtaxdeed.com,2026-08-31T15:53:47+00:00
duval,10/14/2026,,148657-1838,2026-0636TD,14558-2024,,"8849 S OLD KINGS RD 168, JACKSONVILLE, FL- 32257",,,5449.98,83500.0,Redeemed,TAXDEED,https://www.duval.realtaxdeed.com/index.cfm?zaction=auction&zmethod=details&AID=1516882&bypassPage=1,https://paopropertysearch.coj.net/Basic/Detail.aspx?RE=1486571838,,www.duval.realtaxdeed.com,2026-08-31T15:53:47+00:00
duval,10/14/2026,09:00 AM ET,149044-0150,2026-0649TD,14628-2024,,"0 SHELLIE RD 3, JACKSONVILLE, FL- 32257",,,7957.65,105415.0,10/14/2026 09:00 AM ET,TAXDEED,https://www.duval.realtaxdeed.com/index.cfm?zaction=auction&zmethod=details&AID=1516877&bypassPage=1,https://paopropertysearch.coj.net/Basic/Detail.aspx?RE=1490440150,,www.duval.realtaxdeed.com,2026-08-31T15:53:47+00:00
duval,10/14/2026,09:00 AM ET,154399-0000,2026-0581TD,14993-2024,,"BELFORT RD, JACKSONVILLE, FL- 32216",,,7795.65,104359.0,10/14/2026 09:00 AM ET,TAXDEED,https://www.duval.realtaxdeed.com/index.cfm?zaction=auction&zmethod=details&AID=1518142&bypassPage=1,https://paopropertysearch.coj.net/Basic/Detail.aspx?RE=1543990000,,www.duval.realtaxdeed.com,2026-08-31T15:53:47+00:00
duval,10/14/2026,09:00 AM ET,156133-0000,2026-0562TD,15144-2024,,"0 LORETTO RD, JACKSONVILLE, FL- 32223",,,6121.76,88000.0,10/14/2026 09:00 AM ET,TAXDEED,https://www.duval.realtaxdeed.com/index.cfm?zaction=auction&zmethod=details&AID=1518183&bypassPage=1,https://paopropertysearch.coj.net/Basic/Detail.aspx?RE=1561330000,,www.duval.realtaxdeed.com,2026-08-31T15:53:47+00:00
duval,10/14/2026,09:00 AM ET,156332-1036,2026-0590TD,15162-2024,,"11523 E MANDARIN WOODS DR, JACKSONVILLE, FL- 32223",,,19837.15,297731.0,10/14/2026 09:00 AM ET,TAXDEED,https://www.duval.realtaxdeed.com/index.cfm?zaction=auction&zmethod=details&AID=1518155&bypassPage=1,https://paopropertysearch.coj.net/Basic/Detail.aspx?RE=1563321036,,www.duval.realtaxdeed.com,2026-08-31T15:53:47+00:00
duval,10/14/2026,,156643-0000,2026-0414TD,14932-2023,,"0 ELM ST, JACKSONVILLE, FL- 32258",,,5373.1,48000.0,Redeemed,TAXDEED,https://www.duval.realtaxdeed.com/index.cfm?zaction=auction&zmethod=details&AID=1516095&bypassPage=1,https://paopropertysearch.coj.net/Basic/Detail.aspx?RE=1566430000,,www.duval.realtaxdeed.com,2026-08-31T15:53:47+00:00
duval,10/14/2026,09:00 AM ET,158763-0682,2026-0578TD,15369-2024,,"12700 BARTRAM PARK BLVD 2311, JACKSONVILLE, FL- 32258",,,138638.58,253575.0,10/14/2026 09:00 AM ET,TAXDEED,https://www.duval.realtaxdeed.com/index.cfm?zaction=auction&zmethod=details&AID=1518144&bypassPage=1,https://paopropertysearch.coj.net/Basic/Detail.aspx?RE=1587630682,,www.duval.realtaxdeed.com,2026-08-31T15:53:47+00:00
duval,10/14/2026,09:00 AM ET,158927-1066,2026-0582TD,15408-2024,,"3737 LORETTO RD 402, JACKSONVILLE, FL- 32223",,,8483.19,123253.0,10/14/2026 09:00 AM ET,TAXDEED,https://www.duval.realtaxdeed.com/index.cfm?zaction=auction&zmethod=details&AID=1518139&bypassPage=1,https://paopropertysearch.coj.net/Basic/Detail.aspx?RE=1589271066,,www.duval.realtaxdeed.com,2026-08-31T15:53:47+00:00
duval,10/14/2026,,159130-1135,2026-0652TD,15432-2024,,"12627 SAN JOSE BLVD 503, JACKSONVILLE, FL- 32223",,,5132.66,200288.0,Redeemed,TAXDEED,https://www.duval.realtaxdeed.com/index.cfm?zaction=auction&zmethod=details&AID=1516929&bypassPage=1,https://paopropertysearch.coj.net/Basic/Detail.aspx?RE=1591301135,,www.duval.realtaxdeed.com,2026-08-31T15:53:47+00:00
duval,10/14/2026,,159568-0024,2026-0655TD,15439-2024,,"12276 SAN JOSE BLVD 607, JACKSONVILLE, FL- 32223",,,11696.91,185000.0,Redeemed,TAXDEED,https://www.duval.realtaxdeed.com/index.cfm?zaction=auction&zmethod=details&AID=1516939&bypassPage=1,https://paopropertysearch.coj.net/Basic/Detail.aspx?RE=1595680024,,www.duval.realtaxdeed.com,2026-08-31T15:53:47+00:00
duval,10/14/2026,09:00 AM ET,160354-0000,2026-0343TD,15549-2024,,"13218 HUGUENOT LN, JACKSONVILLE, FL- 32225",,,20938.04,355171.0,10/14/2026 09:00 AM ET,TAXDEED,https://www.duval.realtaxdeed.com/index.cfm?zaction=auction&zmethod=details&AID=1514177&bypassPage=1,https://paopropertysearch.coj.net/Basic/Detail.aspx?RE=1603540000,,www.duval.realtaxdeed.com,2026-08-31T15:53:47+00:00
duval,10/14/2026,09:00 AM ET,160671-0110,2026-0585TD,15560-2024,,"11883 HIDDEN HILLS DR, JACKSONVILLE, FL- 32225",,,140957.33,260213.0,10/14/2026 09:00 AM ET,TAXDEED,https://www.duval.realtaxdeed.com/index.cfm?zaction=auction&zmethod=details&AID=1518136&bypassPage=1,https://paopropertysearch.coj.net/Basic/Detail.aspx?RE=1606710110,,www.duval.realtaxdeed.com,2026-08-31T15:53:47+00:00
duval,10/14/2026,09:00 AM ET,160953-1030,2026-0348TD,15602-2024,,"14126 TOMAS POINT LN, JACKSONVILLE, FL- 32225",,,95440.54,171172.0,10/14/2026 09:00 AM ET,TAXDEED,https://www.duval.realtaxdeed.com/index.cfm?zaction=auction&zmethod=details&AID=1514182&bypassPage=1,https://paopropertysearch.coj.net/Basic/Detail.aspx?RE=1609531030,,www.duval.realtaxdeed.com,2026-08-31T15:53:47+00:00
duval,10/14/2026,09:00 AM ET,161674-0000,2026-0599TD,15673-2024,,"2164 SUNSET RIVER DR, JACKSONVILLE, FL- 32225",,,15492.97,202811.0,10/14/2026 09:00 AM ET,TAXDEED,https://www.duval.realtaxdeed.com/index.cfm?zaction=auction&zmethod=details&AID=1516854&bypassPage=1,https://paopropertysearch.coj.net/Basic/Detail.aspx?RE=1616740000,,www.duval.realtaxdeed.com,2026-08-31T15:53:47+00:00
duval,10/14/2026,09:00 AM ET,162883-0124,2026-0549TD,15797-2024,,"309 GREENCASTLE RD 62, JACKSONVILLE, FL- 32225",,,38648.74,71252.0,10/14/2026 09:00 AM ET,TAXDEED,https://www.duval.realtaxdeed.com/index.cfm?zaction=auction&zmethod=details&AID=1518172&bypassPage=1,https://paopropertysearch.coj.net/Basic/Detail.aspx?RE=1628830124,,www.duval.realtaxdeed.com,2026-08-31T15:53:47+00:00
duval,10/14/2026,09:00 AM ET,165261-3070,2026-0645TD,15972-2024,,"10738 S KUSAIE DR, JACKSONVILLE, FL- 32246",,,8488.9,149452.0,10/14/2026 09:00 AM ET,TAXDEED,https://www.duval.realtaxdeed.com/index.cfm?zaction=auction&zmethod=details&AID=1516933&bypassPage=1,https://paopropertysearch.coj.net/Basic/Detail.aspx?RE=1652613070,,www.duval.realtaxdeed.com,2026-08-31T15:53:47+00:00
duval,10/14/2026,09:00 AM ET,165287-9920,2026-0539TD,16038-2024,,"11731 SAINTS RD 2, JACKSONVILLE, FL- 32246",,,11738.34,167014.0,10/14/2026 09:00 AM ET,TAXDEED,https://www.duval.realtaxdeed.com/index.cfm?zaction=auction&zmethod=details&AID=1518163&bypassPage=1,https://paopropertysearch.coj.net/Basic/Detail.aspx?RE=1652879920,,www.duval.realtaxdeed.com,2026-08-31T15:53:47+00:00
duval,10/14/2026,09:00 AM ET,167726-0790,2026-0644TD,16361-2024,,"10075 N GATE PKWY 3006, JACKSONVILLE, FL- 32246",,,6623.35,131000.0,10/14/2026 09:00 AM ET,TAXDEED,https://www.duval.realtaxdeed.com/index.cfm?zaction=auction&zmethod=details&AID=1516934&bypassPage=1,https://paopropertysearch.coj.net/Basic/Detail.aspx?RE=1677260790,,www.duval.realtaxdeed.com,2026-08-31T15:53:47+00:00
duval,10/14/2026,09:00 AM ET,167734-1735,2026-0537TD,16386-2024,,"13810 N SUTTON PARK DR 623, JACKSONVILLE, FL- 32224",,,77304.99,141095.0,10/14/2026 09:00 AM ET,TAXDEED,https://www.duval.realtaxdeed.com/index.cfm?zaction=auction&zmethod=details&AID=1518165&bypassPage=1,https://paopropertysearch.coj.net/Basic/Detail.aspx?RE=1677341735,,www.duval.realtaxdeed.com,2026-08-31T15:53:47+00:00
duval,10/14/2026,09:00 AM ET,167772-9135,2026-0635TD,16495-2024,,"4309 PABLO OAKS CT, JACKSONVILLE, FL- 32224",,,91649.97,1485660.0,10/14/2026 09:00 AM ET,TAXDEED,https://www.duval.realtaxdeed.com/index.cfm?zaction=auction&zmethod=details&AID=1516883&bypassPage=1,https://paopropertysearch.coj.net/Basic/Detail.aspx?RE=1677729135,,www.duval.realtaxdeed.com,2026-08-31T15:53:47+00:00
duval,10/14/2026,09:00 AM ET,167820-2380,2026-0638TD,16514-2024,,"7613 SUNWOOD DR, JACKSONVILLE, FL- 32256",,,9635.56,212299.0,10/14/2026 09:00 AM ET,TAXDEED,https://www.duval.realtaxdeed.com/index.cfm?zaction=auction&zmethod=details&AID=1516880&bypassPage=1,https://paopropertysearch.coj.net/Basic/Detail.aspx?RE=1678202380,,www.duval.realtaxdeed.com,2026-08-31T15:53:47+00:00
duval,10/14/2026,09:00 AM ET,168136-6335,2026-0606TD,16599-2024,,"14645 BARTRAM CREEK BLVD, JACKSONVILLE, FL- 32259",,,22247.82,329683.0,10/14/2026 09:00 AM ET,TAXDEED,https://www.duval.realtaxdeed.com/index.cfm?zaction=auction&zmethod=details&AID=1514878&bypassPage=1,https://paopropertysearch.coj.net/Basic/Detail.aspx?RE=1681366335,,www.duval.realtaxdeed.com,2026-08-31T15:53:47+00:00
duval,10/14/2026,,168441-0220,2026-0627TD,16634-2024,,"1147 MAYPORT LANDING CIR, JACKSONVILLE, FL- 32233",,,9273.41,111162.0,Redeemed,TAXDEED,https://www.duval.realtaxdeed.com/index.cfm?zaction=auction&zmethod=details&AID=1516852&bypassPage=1,https://paopropertysearch.coj.net/Basic/Detail.aspx?RE=1684410220,,www.duval.realtaxdeed.com,2026-08-31T15:53:47+00:00
duval,10/14/2026,,168441-0336,2026-0600TD,16636-2024,,"1219 MAYPORT LANDING DR, JACKSONVILLE, FL- 32233",,,9285.48,108806.0,Redeemed,TAXDEED,https://www.duval.realtaxdeed.com/index.cfm?zaction=auction&zmethod=details&AID=1516853&bypassPage=1,https://paopropertysearch.coj.net/Basic/Detail.aspx?RE=1684410336,,www.duval.realtaxdeed.com,2026-08-31T15:53:47+00:00
duval,10/14/2026,09:00 AM ET,168674-0000,2026-0594TD,16348-2023,,"1157 N PANUCO AVE, JACKSONVILLE, FL- 32233",,,20309.45,236399.0,10/14/2026 09:00 AM ET,TAXDEED,https://www.duval.realtaxdeed.com/index.cfm?zaction=auction&zmethod=details&AID=1516846&bypassPage=1,https://paopropertysearch.coj.net/Basic/Detail.aspx?RE=1686740000,,www.duval.realtaxdeed.com,2026-08-31T15:53:47+00:00
duval,10/14/2026,09:00 AM ET,168740-0000,2026-0570TD,16653-2024,,"2563 MONTREAL ST, JACKSONVILLE, FL- 32233",,,171849.26,307425.0,10/14/2026 09:00 AM ET,TAXDEED,https://www.duval.realtaxdeed.com/index.cfm?zaction=auction&zmethod=details&AID=1518195&bypassPage=1,https://paopropertysearch.coj.net/Basic/Detail.aspx?RE=1687400000,,www.duval.realtaxdeed.com,2026-08-31T15:53:47+00:00
duval,10/14/2026,09:00 AM ET,172129-0305,2026-0601TD,16789-2024,,"0 STANLEY RD, ATLANTIC BEACH, FL- 32233",,,2839.1,20324.0,10/14/2026 09:00 AM ET,TAXDEED,https://www.duval.realtaxdeed.com/index.cfm?zaction=auction&zmethod=details&AID=1514868&bypassPage=1,https://paopropertysearch.coj.net/Basic/Detail.aspx?RE=1721290305,,www.duval.realtaxdeed.com,2026-08-31T15:53:47+00:00
duval,10/14/2026,09:00 AM ET,172129-0320,2026-0602TD,16790-2024,,"0 STANLEY RD, ATLANTIC BEACH, FL- 32233",,,2950.65,20324.0,10/14/2026 09:00 AM ET,TAXDEED,https://www.duval.realtaxdeed.com/index.cfm?zaction=auction&zmethod=details&AID=1514867&bypassPage=1,https://paopropertysearch.coj.net/Basic/Detail.aspx?RE=1721290320,,www.duval.realtaxdeed.com,2026-08-31T15:53:47+00:00
duval,10/14/2026,09:00 AM ET,172241-0010,2026-0633TD,16813-2024,,"65 EDGAR ST, ATLANTIC BEACH, FL- 32233",,,10835.33,178222.0,10/14/2026 09:00 AM ET,TAXDEED,https://www.duval.realtaxdeed.com/index.cfm?zaction=auction&zmethod=details&AID=1516862&bypassPage=1,https://paopropertysearch.coj.net/Basic/Detail.aspx?RE=1722410010,,www.duval.realtaxdeed.com,2026-08-31T15:53:47+00:00
duval,10/14/2026,09:00 AM ET,172912-0450,2026-0648TD,16836-2024,,"444 3RD ST 2, NEPTUNE BEACH, FL- 32266",,,21031.75,337700.0,10/14/2026 09:00 AM ET,TAXDEED,https://www.duval.realtaxdeed.com/index.cfm?zaction=auction&zmethod=details&AID=1516878&bypassPage=1,https://paopropertysearch.coj.net/Basic/Detail.aspx?RE=1729120450,,www.duval.realtaxdeed.com,2026-08-31T15:53:47+00:00
duval,10/14/2026,09:00 AM ET,172992-0000,2026-0577TD,16838-2024,,"1401 STRAND ST, NEPTUNE BEACH, FL- 32266",,,123220.71,1852059.0,10/14/2026 09:00 AM ET,TAXDEED,https://www.duval.realtaxdeed.com/index.cfm?zaction=auction&zmethod=details&AID=1518145&bypassPage=1,https://paopropertysearch.coj.net/Basic/Detail.aspx?RE=1729920000,,www.duval.realtaxdeed.com,2026-08-31T15:53:47+00:00
duval,10/14/2026,09:00 AM ET,173436-1066,2026-0643TD,16847-2024,,"1126 N 1ST ST 705, JACKSONVILLE BEACH, FL- 32250",,,18583.32,798600.0,10/14/2026 09:00 AM ET,TAXDEED,https://www.duval.realtaxdeed.com/index.cfm?zaction=auction&zmethod=details&AID=1516935&bypassPage=1,https://paopropertysearch.coj.net/Basic/Detail.aspx?RE=1734361066,,www.duval.realtaxdeed.com,2026-08-31T15:53:47+00:00
duval,10/14/2026,09:00 AM ET,175361-0000,2026-0347TD,16904-2024,,"1103 N 15TH AVE, JACKSONVILLE BEACH, FL- 32250",,,36613.23,614776.0,10/14/2026 09:00 AM ET,TAXDEED,https://www.duval.realtaxdeed.com/index.cfm?zaction=auction&zmethod=details&AID=1514183&bypassPage=1,https://paopropertysearch.coj.net/Basic/Detail.aspx?RE=1753610000,,www.duval.realtaxdeed.com,2026-08-31T15:53:47+00:00
duval,10/14/2026,09:00 AM ET,176044-0000,2026-0547TD,16929-2024,,"630 S 3RD ST, JACKSONVILLE BEACH, FL- 32250",,,68335.34,1075165.0,10/14/2026 09:00 AM ET,TAXDEED,https://www.duval.realtaxdeed.com/index.cfm?zaction=auction&zmethod=details&AID=1518174&bypassPage=1,https://paopropertysearch.coj.net/Basic/Detail.aspx?RE=1760440000,,www.duval.realtaxdeed.com,2026-08-31T15:53:47+00:00
duval,10/14/2026,09:00 AM ET,178158-0000,2026-0533TD,17017-2024,,"1919 GROVE ST, JACKSONVILLE BEACH, FL- 32250",,,27953.8,446484.0,10/14/2026 09:00 AM ET,TAXDEED,https://www.duval.realtaxdeed.com/index.cfm?zaction=auction&zmethod=details&AID=1518169&bypassPage=1,https://paopropertysearch.coj.net/Basic/Detail.aspx?RE=1781580000,,www.duval.realtaxdeed.com,2026-08-31T15:53:47+00:00
duval,10/14/2026,09:00 AM ET,180521-0100,2026-0605TD,17085-2024,,"403 ST AUGUSTINE BLVD, JACKSONVILLE BEACH, FL- 32250",,,27751.87,692037.0,10/14/2026 09:00 AM ET,TAXDEED,https://www.duval.realtaxdeed.com/index.cfm?zaction=auction&zmethod=details&AID=1514879&bypassPage=1,https://paopropertysearch.coj.net/Basic/Detail.aspx?RE=1805210100,,www.duval.realtaxdeed.com,2026-08-31T15:53:47+00:00
