county,sale_date,sale_time,parcel_id,case_number,certificate_number,owner_name,property_address,property_use,acreage,opening_bid,assessed_value,auction_status,auction_type,auction_url,appraiser_url,clerk_case_url,source_host,scraped_at
lee,10/20/2026,10:00 AM ET,01-45-26-11-00118.0130,2026000337,24-15924,,"2604 27TH ST SW, LEHIGH ACRES, FL- 33976",,,2277.69,,10/20/2026 10:00 AM ET,TAXDEED,https://www.lee.realtaxdeed.com/index.cfm?zaction=auction&zmethod=details&AID=1521945&bypassPage=1,http://www.leepa.org/Scripts/PropertyQuery/PropertyQuery.aspx?STRAP=01-45-26-11-00118.0130,,www.lee.realtaxdeed.com,2026-10-07T10:34:08+00:00
lee,10/20/2026,10:00 AM ET,02-44-23-C3-02678.0160,2026000326,24-02582,,"1131 NW 1ST PL, CAPE CORAL, FL- 33993",,,4013.08,,10/20/2026 10:00 AM ET,TAXDEED,https://www.lee.realtaxdeed.com/index.cfm?zaction=auction&zmethod=details&AID=1521943&bypassPage=1,http://www.leepa.org/Scripts/PropertyQuery/PropertyQuery.aspx?STRAP=02-44-23-C3-02678.0160,,www.lee.realtaxdeed.com,2026-10-07T10:34:08+00:00
lee,10/20/2026,10:00 AM ET,02-44-26-01-00008.0140,2026000404,19-003403,,"3612 72ND ST W, LEHIGH ACRES, FL- 33971",,,3760.14,17281.0,10/20/2026 10:00 AM ET,TAXDEED,https://www.lee.realtaxdeed.com/index.cfm?zaction=auction&zmethod=details&AID=1515582&bypassPage=1,http://www.leepa.org/Scripts/PropertyQuery/PropertyQuery.aspx?STRAP=02-44-26-01-00008.0140,,www.lee.realtaxdeed.com,2026-10-07T10:34:08+00:00
lee,10/20/2026,10:00 AM ET,02-44-26-07-00066.0050,2026000405,19-003541,,"3311 66TH ST W, LEHIGH ACRES, FL- 33971",,,3885.23,16150.0,10/20/2026 10:00 AM ET,TAXDEED,https://www.lee.realtaxdeed.com/index.cfm?zaction=auction&zmethod=details&AID=1515583&bypassPage=1,http://www.leepa.org/Scripts/PropertyQuery/PropertyQuery.aspx?STRAP=02-44-26-07-00066.0050,,www.lee.realtaxdeed.com,2026-10-07T10:34:08+00:00
lee,10/20/2026,,02-45-26-01-00011.0100,2026000389,24-15967,,"3503 17TH ST SW, LEHIGH ACRES, FL- 33976",,,11385.64,,Redeemed,TAXDEED,https://www.lee.realtaxdeed.com/index.cfm?zaction=auction&zmethod=details&AID=1516595&bypassPage=1,http://www.leepa.org/Scripts/PropertyQuery/PropertyQuery.aspx?STRAP=02-45-26-01-00011.0100,,www.lee.realtaxdeed.com,2026-10-07T10:34:08+00:00
lee,10/20/2026,10:00 AM ET,02-45-26-04-00030.0110,2026000348,24-15990,,"3504 28TH ST SW, LEHIGH ACRES, FL- 33976",,,2245.43,,10/20/2026 10:00 AM ET,TAXDEED,https://www.lee.realtaxdeed.com/index.cfm?zaction=auction&zmethod=details&AID=1521946&bypassPage=1,http://www.leepa.org/Scripts/PropertyQuery/PropertyQuery.aspx?STRAP=02-45-26-04-00030.0110,,www.lee.realtaxdeed.com,2026-10-07T10:34:08+00:00
lee,10/20/2026,10:00 AM ET,03-44-26-13-00074.0170,2026000406,19-003843,,"6025 LACOTA AVE, FORT MYERS, FL- 33905",,,4164.39,16150.0,10/20/2026 10:00 AM ET,TAXDEED,https://www.lee.realtaxdeed.com/index.cfm?zaction=auction&zmethod=details&AID=1515584&bypassPage=1,http://www.leepa.org/Scripts/PropertyQuery/PropertyQuery.aspx?STRAP=03-44-26-13-00074.0170,,www.lee.realtaxdeed.com,2026-10-07T10:34:08+00:00
lee,10/20/2026,10:00 AM ET,11-44-26-01-00005.0030,2026000407,19-003930,,"6004 TENA AVE N, LEHIGH ACRES, FL- 33971",,,3809.04,16150.0,10/20/2026 10:00 AM ET,TAXDEED,https://www.lee.realtaxdeed.com/index.cfm?zaction=auction&zmethod=details&AID=1515585&bypassPage=1,http://www.leepa.org/Scripts/PropertyQuery/PropertyQuery.aspx?STRAP=11-44-26-01-00005.0030,,www.lee.realtaxdeed.com,2026-10-07T10:34:08+00:00
lee,10/20/2026,10:00 AM ET,11-44-26-10-00092.0140,2026000408,19-004140,,"3220 58TH ST W, LEHIGH ACRES, FL- 33971",,,3734.77,16150.0,10/20/2026 10:00 AM ET,TAXDEED,https://www.lee.realtaxdeed.com/index.cfm?zaction=auction&zmethod=details&AID=1515586&bypassPage=1,http://www.leepa.org/Scripts/PropertyQuery/PropertyQuery.aspx?STRAP=11-44-26-10-00092.0140,,www.lee.realtaxdeed.com,2026-10-07T10:34:08+00:00
lee,10/20/2026,10:00 AM ET,12-44-26-07-00066.0190,2026000409,19-004348,,"2716 51ST ST W, LEHIGH ACRES, FL- 33971",,,3836.49,16150.0,10/20/2026 10:00 AM ET,TAXDEED,https://www.lee.realtaxdeed.com/index.cfm?zaction=auction&zmethod=details&AID=1515587&bypassPage=1,http://www.leepa.org/Scripts/PropertyQuery/PropertyQuery.aspx?STRAP=12-44-26-07-00066.0190,,www.lee.realtaxdeed.com,2026-10-07T10:34:08+00:00
lee,10/20/2026,,12-44-27-07-00025.0180,2026000433,24-19169,,"1811 JOHNS AVE, LEHIGH ACRES, FL- 33972",,,35584.15,,Redeemed,TAXDEED,https://www.lee.realtaxdeed.com/index.cfm?zaction=auction&zmethod=details&AID=1515481&bypassPage=1,http://www.leepa.org/Scripts/PropertyQuery/PropertyQuery.aspx?STRAP=12-44-27-07-00025.0180,,www.lee.realtaxdeed.com,2026-10-07T10:34:08+00:00
lee,10/20/2026,10:00 AM ET,13-44-26-01-00011.0080,2026000410,19-004483,,"2905 46TH ST W, LEHIGH ACRES, FL- 33971",,,3905.8,16150.0,10/20/2026 10:00 AM ET,TAXDEED,https://www.lee.realtaxdeed.com/index.cfm?zaction=auction&zmethod=details&AID=1515588&bypassPage=1,http://www.leepa.org/Scripts/PropertyQuery/PropertyQuery.aspx?STRAP=13-44-26-01-00011.0080,,www.lee.realtaxdeed.com,2026-10-07T10:34:08+00:00
lee,10/20/2026,10:00 AM ET,13-44-26-06-00056.0200,2026000411,19-004585,,"2818 40TH ST W, LEHIGH ACRES, FL- 33971",,,3884.66,16150.0,10/20/2026 10:00 AM ET,TAXDEED,https://www.lee.realtaxdeed.com/index.cfm?zaction=auction&zmethod=details&AID=1515589&bypassPage=1,http://www.leepa.org/Scripts/PropertyQuery/PropertyQuery.aspx?STRAP=13-44-26-06-00056.0200,,www.lee.realtaxdeed.com,2026-10-07T10:34:08+00:00
lee,10/20/2026,10:00 AM ET,13-44-26-10-00099.0080,2026000413,19-004669,,"2607 39TH ST W, LEHIGH ACRES, FL- 33971",,,3897.02,16150.0,10/20/2026 10:00 AM ET,TAXDEED,https://www.lee.realtaxdeed.com/index.cfm?zaction=auction&zmethod=details&AID=1515591&bypassPage=1,http://www.leepa.org/Scripts/PropertyQuery/PropertyQuery.aspx?STRAP=13-44-26-10-00099.0080,,www.lee.realtaxdeed.com,2026-10-07T10:34:08+00:00
lee,10/20/2026,10:00 AM ET,13-44-26-10-00099.0090,2026000412,19-004670,,"2605 39TH ST W, LEHIGH ACRES, FL- 33971",,,3747.06,16150.0,10/20/2026 10:00 AM ET,TAXDEED,https://www.lee.realtaxdeed.com/index.cfm?zaction=auction&zmethod=details&AID=1515590&bypassPage=1,http://www.leepa.org/Scripts/PropertyQuery/PropertyQuery.aspx?STRAP=13-44-26-10-00099.0090,,www.lee.realtaxdeed.com,2026-10-07T10:34:08+00:00
lee,10/20/2026,10:00 AM ET,13-44-26-10-00103.0240,2026000414,19-004683,,"2520 38TH ST W, LEHIGH ACRES, FL- 33971",,,3709.98,16150.0,10/20/2026 10:00 AM ET,TAXDEED,https://www.lee.realtaxdeed.com/index.cfm?zaction=auction&zmethod=details&AID=1515592&bypassPage=1,http://www.leepa.org/Scripts/PropertyQuery/PropertyQuery.aspx?STRAP=13-44-26-10-00103.0240,,www.lee.realtaxdeed.com,2026-10-07T10:34:08+00:00
lee,10/20/2026,10:00 AM ET,13-44-26-11-00110.0190,2026000415,19-004707,,"3403 SUNSHINE BLVD N, LEHIGH ACRES, FL- 33971",,,3880.43,16150.0,10/20/2026 10:00 AM ET,TAXDEED,https://www.lee.realtaxdeed.com/index.cfm?zaction=auction&zmethod=details&AID=1515593&bypassPage=1,http://www.leepa.org/Scripts/PropertyQuery/PropertyQuery.aspx?STRAP=13-44-26-11-00110.0190,,www.lee.realtaxdeed.com,2026-10-07T10:34:08+00:00
lee,10/20/2026,10:00 AM ET,13-44-27-06-00015.0140,2026000305,24-19321,,"1303 MONROE AVE, LEHIGH ACRES, FL- 33972",,,2679.24,,10/20/2026 10:00 AM ET,TAXDEED,https://www.lee.realtaxdeed.com/index.cfm?zaction=auction&zmethod=details&AID=1521688&bypassPage=1,http://www.leepa.org/Scripts/PropertyQuery/PropertyQuery.aspx?STRAP=13-44-27-06-00015.0140,,www.lee.realtaxdeed.com,2026-10-07T10:34:08+00:00
lee,10/20/2026,10:00 AM ET,13-45-26-01-00005.0060,2026000317,24-16772,,"3011 48TH ST SW, LEHIGH ACRES, FL- 33976",,,2449.56,,10/20/2026 10:00 AM ET,TAXDEED,https://www.lee.realtaxdeed.com/index.cfm?zaction=auction&zmethod=details&AID=1521942&bypassPage=1,http://www.leepa.org/Scripts/PropertyQuery/PropertyQuery.aspx?STRAP=13-45-26-01-00005.0060,,www.lee.realtaxdeed.com,2026-10-07T10:34:08+00:00
lee,10/20/2026,,14-44-26-01-00002.0010,2026000416,19-004713,,"4606 TERRY AVE N, LEHIGH ACRES, FL- 33971",,,4206.01,,Redeemed,TAXDEED,https://www.lee.realtaxdeed.com/index.cfm?zaction=auction&zmethod=details&AID=1515594&bypassPage=1,http://www.leepa.org/Scripts/PropertyQuery/PropertyQuery.aspx?STRAP=14-44-26-01-00002.0010,,www.lee.realtaxdeed.com,2026-10-07T10:34:08+00:00
lee,10/20/2026,10:00 AM ET,14-44-26-03-00028.0100,2026000399,19-004786,,"3201 37TH ST W, LEHIGH ACRES, FL- 33971",,,3835.22,16150.0,10/20/2026 10:00 AM ET,TAXDEED,https://www.lee.realtaxdeed.com/index.cfm?zaction=auction&zmethod=details&AID=1515577&bypassPage=1,http://www.leepa.org/Scripts/PropertyQuery/PropertyQuery.aspx?STRAP=14-44-26-03-00028.0100,,www.lee.realtaxdeed.com,2026-10-07T10:34:08+00:00
lee,10/20/2026,10:00 AM ET,14-45-27-05-00028.0250,2026000398,23-19896,,"546 COTTONWOOD AVE S, LEHIGH ACRES, FL- 33974",,,2571.8,15343.0,10/20/2026 10:00 AM ET,TAXDEED,https://www.lee.realtaxdeed.com/index.cfm?zaction=auction&zmethod=details&AID=1515576&bypassPage=1,http://www.leepa.org/Scripts/PropertyQuery/PropertyQuery.aspx?STRAP=14-45-27-05-00028.0250,,www.lee.realtaxdeed.com,2026-10-07T10:34:08+00:00
lee,10/20/2026,10:00 AM ET,15-44-27-08-00029.0060,2026000390,24-19573,,"1412 BROADWAY AVE, LEHIGH ACRES, FL- 33972",,,2718.87,24225.0,10/20/2026 10:00 AM ET,TAXDEED,https://www.lee.realtaxdeed.com/index.cfm?zaction=auction&zmethod=details&AID=1516602&bypassPage=1,http://www.leepa.org/Scripts/PropertyQuery/PropertyQuery.aspx?STRAP=15-44-27-08-00029.0060,,www.lee.realtaxdeed.com,2026-10-07T10:34:08+00:00
lee,10/20/2026,,16-46-25-07-00103.0060,2026000434,24-11688,,"8325 BUTTERNUT RD, FORT MYERS, FL- 33967",,,140394.91,,Redeemed,TAXDEED,https://www.lee.realtaxdeed.com/index.cfm?zaction=auction&zmethod=details&AID=1515482&bypassPage=1,http://www.leepa.org/Scripts/PropertyQuery/PropertyQuery.aspx?STRAP=16-46-25-07-00103.0060,,www.lee.realtaxdeed.com,2026-10-07T10:34:08+00:00
lee,10/20/2026,,19-43-26-04-0000D.021D,2026000427,24-12732,,"2193 SANTIAGO AVE, FORT MYERS, FL- 33905",,,121859.31,379547.0,Redeemed,TAXDEED,https://www.lee.realtaxdeed.com/index.cfm?zaction=auction&zmethod=details&AID=1515479&bypassPage=1,http://www.leepa.org/Scripts/PropertyQuery/PropertyQuery.aspx?STRAP=19-43-26-04-0000D.021D,,www.lee.realtaxdeed.com,2026-10-07T10:34:08+00:00
lee,10/20/2026,,19-46-24-00-00010.0000,2026000395,24-09394,,"786 OAK ST, FORT MYERS BEACH, FL- 33931",,,14041.11,,Redeemed,TAXDEED,https://www.lee.realtaxdeed.com/index.cfm?zaction=auction&zmethod=details&AID=1515171&bypassPage=1,http://www.leepa.org/Scripts/PropertyQuery/PropertyQuery.aspx?STRAP=19-46-24-00-00010.0000,,www.lee.realtaxdeed.com,2026-10-07T10:34:08+00:00
lee,10/20/2026,10:00 AM ET,21-45-27-L2-02009.0090,2026000352,24-23900,,"722 DUDLEY AVE S, LEHIGH ACRES, FL- 33974",,,2223.88,,10/20/2026 10:00 AM ET,TAXDEED,https://www.lee.realtaxdeed.com/index.cfm?zaction=auction&zmethod=details&AID=1521947&bypassPage=1,http://www.leepa.org/Scripts/PropertyQuery/PropertyQuery.aspx?STRAP=21-45-27-L2-02009.0090,,www.lee.realtaxdeed.com,2026-10-07T10:34:08+00:00
lee,10/20/2026,10:00 AM ET,21-45-27-L2-02009.0100,2026000353,24-23901,,"720 DUDLEY AVE S, LEHIGH ACRES, FL- 33974",,,2202.88,,10/20/2026 10:00 AM ET,TAXDEED,https://www.lee.realtaxdeed.com/index.cfm?zaction=auction&zmethod=details&AID=1521957&bypassPage=1,http://www.leepa.org/Scripts/PropertyQuery/PropertyQuery.aspx?STRAP=21-45-27-L2-02009.0100,,www.lee.realtaxdeed.com,2026-10-07T10:34:08+00:00
lee,10/20/2026,,21-47-25-B3-0300E.0102,2026000426,24-12196,,"3471 POINTE CREEK CT 102, BONITA SPRINGS, FL- 34134",,,116537.57,,Redeemed,TAXDEED,https://www.lee.realtaxdeed.com/index.cfm?zaction=auction&zmethod=details&AID=1515478&bypassPage=1,http://www.leepa.org/Scripts/PropertyQuery/PropertyQuery.aspx?STRAP=21-47-25-B3-0300E.0102,,www.lee.realtaxdeed.com,2026-10-07T10:34:08+00:00
lee,10/20/2026,10:00 AM ET,22-45-27-L1-02010.0010,2026000382,24-24002,,"735 DELRIDGE AVE S, LEHIGH ACRES, FL- 33974",,,1768.01,15343.0,10/20/2026 10:00 AM ET,TAXDEED,https://www.lee.realtaxdeed.com/index.cfm?zaction=auction&zmethod=details&AID=1514880&bypassPage=1,http://www.leepa.org/Scripts/PropertyQuery/PropertyQuery.aspx?STRAP=22-45-27-L1-02010.0010,,www.lee.realtaxdeed.com,2026-10-07T10:34:08+00:00
lee,10/20/2026,,22-45-27-L1-02010.0120,2026000383,24-24005,,"711 DELRIDGE AVE S, LEHIGH ACRES, FL- 33974",,,2266.47,,Redeemed,TAXDEED,https://www.lee.realtaxdeed.com/index.cfm?zaction=auction&zmethod=details&AID=1514881&bypassPage=1,http://www.leepa.org/Scripts/PropertyQuery/PropertyQuery.aspx?STRAP=22-45-27-L1-02010.0120,,www.lee.realtaxdeed.com,2026-10-07T10:34:08+00:00
lee,10/20/2026,,25-44-25-P2-00300.0080,2026000430,24-11082,,"8538 PEGASUS DR, LEHIGH ACRES, FL- 33971",,,24150.14,355692.0,Redeemed,TAXDEED,https://www.lee.realtaxdeed.com/index.cfm?zaction=auction&zmethod=details&AID=1515480&bypassPage=1,http://www.leepa.org/Scripts/PropertyQuery/PropertyQuery.aspx?STRAP=25-44-25-P2-00300.0080,,www.lee.realtaxdeed.com,2026-10-07T10:34:08+00:00
lee,10/20/2026,10:00 AM ET,25-45-27-05-00030.0030,2026000401,19-019987,,"1109 EASTON ST E, LEHIGH ACRES, FL- 33974",,,3851.46,15343.0,10/20/2026 10:00 AM ET,TAXDEED,https://www.lee.realtaxdeed.com/index.cfm?zaction=auction&zmethod=details&AID=1515579&bypassPage=1,http://www.leepa.org/Scripts/PropertyQuery/PropertyQuery.aspx?STRAP=25-45-27-05-00030.0030,,www.lee.realtaxdeed.com,2026-10-07T10:34:08+00:00
lee,10/20/2026,10:00 AM ET,25-45-27-05-00030.0040,2026000400,19-019988,,"1111 EASTON ST E, LEHIGH ACRES, FL- 33974",,,3842.19,15343.0,10/20/2026 10:00 AM ET,TAXDEED,https://www.lee.realtaxdeed.com/index.cfm?zaction=auction&zmethod=details&AID=1515578&bypassPage=1,http://www.leepa.org/Scripts/PropertyQuery/PropertyQuery.aspx?STRAP=25-45-27-05-00030.0040,,www.lee.realtaxdeed.com,2026-10-07T10:34:08+00:00
lee,10/20/2026,,25-45-27-07-00042.0110,2026000402,19-020016,,"1217 NIMITZ BLVD, LEHIGH ACRES, FL- 33974",,,3895.04,15343.0,Redeemed,TAXDEED,https://www.lee.realtaxdeed.com/index.cfm?zaction=auction&zmethod=details&AID=1515580&bypassPage=1,http://www.leepa.org/Scripts/PropertyQuery/PropertyQuery.aspx?STRAP=25-45-27-07-00042.0110,,www.lee.realtaxdeed.com,2026-10-07T10:34:08+00:00
lee,10/20/2026,10:00 AM ET,25-45-27-09-00054.0190,2026000417,19-020047,,"1011 MARK AVE S, LEHIGH ACRES, FL- 33974",,,3869.85,15343.0,10/20/2026 10:00 AM ET,TAXDEED,https://www.lee.realtaxdeed.com/index.cfm?zaction=auction&zmethod=details&AID=1515595&bypassPage=1,http://www.leepa.org/Scripts/PropertyQuery/PropertyQuery.aspx?STRAP=25-45-27-09-00054.0190,,www.lee.realtaxdeed.com,2026-10-07T10:34:08+00:00
lee,10/20/2026,,26-45-21-26-0000C.3030,2026000437,24-00120,,"2233 BEACH VILLAS, CAPTIVA, FL- 33924",,,19273.68,,Redeemed,TAXDEED,https://www.lee.realtaxdeed.com/index.cfm?zaction=auction&zmethod=details&AID=1515483&bypassPage=1,http://www.leepa.org/Scripts/PropertyQuery/PropertyQuery.aspx?STRAP=26-45-21-26-0000C.3030,,www.lee.realtaxdeed.com,2026-10-07T10:34:08+00:00
lee,10/20/2026,10:00 AM ET,26-47-25-B3-00541.0000,2026000421,24-12336,,"10661 ROGERS LN, BONITA SPRINGS, FL- 34135",,,11369.34,268079.0,10/20/2026 10:00 AM ET,TAXDEED,https://www.lee.realtaxdeed.com/index.cfm?zaction=auction&zmethod=details&AID=1515476&bypassPage=1,http://www.leepa.org/Scripts/PropertyQuery/PropertyQuery.aspx?STRAP=26-47-25-B3-00541.0000,,www.lee.realtaxdeed.com,2026-10-07T10:34:08+00:00
lee,10/20/2026,10:00 AM ET,27-43-23-C3-02991.0320,2026000333,24-01563,,"2722 NELSON RD N, CAPE CORAL, FL- 33993",,,4231.9,,10/20/2026 10:00 AM ET,TAXDEED,https://www.lee.realtaxdeed.com/index.cfm?zaction=auction&zmethod=details&AID=1521944&bypassPage=1,http://www.leepa.org/Scripts/PropertyQuery/PropertyQuery.aspx?STRAP=27-43-23-C3-02991.0320,,www.lee.realtaxdeed.com,2026-10-07T10:34:08+00:00
lee,10/20/2026,10:00 AM ET,29-43-26-06-00067.0120,2026000396,24-12836,,"13841 FIFTH ST, FORT MYERS, FL- 33905",,,10985.28,179496.0,10/20/2026 10:00 AM ET,TAXDEED,https://www.lee.realtaxdeed.com/index.cfm?zaction=auction&zmethod=details&AID=1515172&bypassPage=1,http://www.leepa.org/Scripts/PropertyQuery/PropertyQuery.aspx?STRAP=29-43-26-06-00067.0120,,www.lee.realtaxdeed.com,2026-10-07T10:34:08+00:00
lee,10/20/2026,,32-44-25-P4-19000.2260,2026000422,24-11191,,"4295 LEMONGRASS DR, FORT MYERS, FL- 33916",,,20675.55,,Redeemed,TAXDEED,https://www.lee.realtaxdeed.com/index.cfm?zaction=auction&zmethod=details&AID=1515477&bypassPage=1,http://www.leepa.org/Scripts/PropertyQuery/PropertyQuery.aspx?STRAP=32-44-25-P4-19000.2260,,www.lee.realtaxdeed.com,2026-10-07T10:34:08+00:00
lee,10/20/2026,10:00 AM ET,34-45-24-02-00000.0230,2026000397,24-09045,,"3731 LIBERTY SQ, FORT MYERS, FL- 33908",,,151083.22,651347.0,10/20/2026 10:00 AM ET,TAXDEED,https://www.lee.realtaxdeed.com/index.cfm?zaction=auction&zmethod=details&AID=1515173&bypassPage=1,http://www.leepa.org/Scripts/PropertyQuery/PropertyQuery.aspx?STRAP=34-45-24-02-00000.0230,,www.lee.realtaxdeed.com,2026-10-07T10:34:08+00:00
lee,10/20/2026,10:00 AM ET,35-44-26-03-00022.0100,2026000403,19-006961,,"3602 10TH ST SW, LEHIGH ACRES, FL- 33976",,,4141.81,21803.0,10/20/2026 10:00 AM ET,TAXDEED,https://www.lee.realtaxdeed.com/index.cfm?zaction=auction&zmethod=details&AID=1515581&bypassPage=1,http://www.leepa.org/Scripts/PropertyQuery/PropertyQuery.aspx?STRAP=35-44-26-03-00022.0100,,www.lee.realtaxdeed.com,2026-10-07T10:34:08+00:00
lee,10/20/2026,10:00 AM ET,35-44-26-03-00023.0010,2026000418,19-006963,,"3615 10TH ST SW, LEHIGH ACRES, FL- 33976",,,4605.1,42079.0,10/20/2026 10:00 AM ET,TAXDEED,https://www.lee.realtaxdeed.com/index.cfm?zaction=auction&zmethod=details&AID=1515596&bypassPage=1,http://www.leepa.org/Scripts/PropertyQuery/PropertyQuery.aspx?STRAP=35-44-26-03-00023.0010,,www.lee.realtaxdeed.com,2026-10-07T10:34:08+00:00
lee,10/20/2026,10:00 AM ET,35-44-27-07-00027.0230,2026000438,24-21239,,"221 JEFFERSON AVE, LEHIGH ACRES, FL- 33936",,,13966.85,260335.0,10/20/2026 10:00 AM ET,TAXDEED,https://www.lee.realtaxdeed.com/index.cfm?zaction=auction&zmethod=details&AID=1515484&bypassPage=1,http://www.leepa.org/Scripts/PropertyQuery/PropertyQuery.aspx?STRAP=35-44-27-07-00027.0230,,www.lee.realtaxdeed.com,2026-10-07T10:34:08+00:00
lee,10/20/2026,,36-43-23-C3-02500.0170,2026000386,24-02322,,"1913 NE 5TH AVE, CAPE CORAL, FL- 33909",,,1702.01,34723.0,Redeemed,TAXDEED,https://www.lee.realtaxdeed.com/index.cfm?zaction=auction&zmethod=details&AID=1514882&bypassPage=1,http://www.leepa.org/Scripts/PropertyQuery/PropertyQuery.aspx?STRAP=36-43-23-C3-02500.0170,,www.lee.realtaxdeed.com,2026-10-07T10:34:08+00:00
lee,10/27/2026,10:00 AM ET,01-44-23-C4-02411.0630,2026000506,24-02441,,"321 TROPICANA PKWY E, CAPE CORAL, FL- 33909",,,54108.61,249112.0,10/27/2026 10:00 AM ET,TAXDEED,https://www.lee.realtaxdeed.com/index.cfm?zaction=auction&zmethod=details&AID=1517484&bypassPage=1,http://www.leepa.org/Scripts/PropertyQuery/PropertyQuery.aspx?STRAP=01-44-23-C4-02411.0630,,www.lee.realtaxdeed.com,2026-10-07T10:34:25+00:00
lee,10/27/2026,10:00 AM ET,01-44-27-L1-12046.0160,2026000500,24-17513,,"2307 MONROE AVE, ALVA, FL- 33920",,,7419.41,234576.0,10/27/2026 10:00 AM ET,TAXDEED,https://www.lee.realtaxdeed.com/index.cfm?zaction=auction&zmethod=details&AID=1517740&bypassPage=1,http://www.leepa.org/Scripts/PropertyQuery/PropertyQuery.aspx?STRAP=01-44-27-L1-12046.0160,,www.lee.realtaxdeed.com,2026-10-07T10:34:25+00:00
lee,10/27/2026,,01-46-24-20-00014.1401,2026000507,24-09111,,"16181 FAIRWAY WOODS DR 1401, FORT MYERS, FL- 33908",,,15554.03,,Redeemed,TAXDEED,https://www.lee.realtaxdeed.com/index.cfm?zaction=auction&zmethod=details&AID=1517485&bypassPage=1,http://www.leepa.org/Scripts/PropertyQuery/PropertyQuery.aspx?STRAP=01-46-24-20-00014.1401,,www.lee.realtaxdeed.com,2026-10-07T10:34:25+00:00
lee,10/27/2026,,02-46-22-10-00000.2000,2026000509,24-00969,,"3780 COCONUT DR, SAINT JAMES CITY, FL- 33956",,,20175.73,,Redeemed,TAXDEED,https://www.lee.realtaxdeed.com/index.cfm?zaction=auction&zmethod=details&AID=1517486&bypassPage=1,http://www.leepa.org/Scripts/PropertyQuery/PropertyQuery.aspx?STRAP=02-46-22-10-00000.2000,,www.lee.realtaxdeed.com,2026-10-07T10:34:25+00:00
lee,10/27/2026,,03-45-27-L4-07027.0020,2026000491,24-21852,,"183 CASTLE AVE S, LEHIGH ACRES, FL- 33974",,,118436.66,,Redeemed,TAXDEED,https://www.lee.realtaxdeed.com/index.cfm?zaction=auction&zmethod=details&AID=1517734&bypassPage=1,http://www.leepa.org/Scripts/PropertyQuery/PropertyQuery.aspx?STRAP=03-45-27-L4-07027.0020,,www.lee.realtaxdeed.com,2026-10-07T10:34:25+00:00
lee,10/27/2026,,03-48-25-B1-01101.1040,2026000443,24-12684,,"9070 PALMAS GRANDES BLVD 104, BONITA SPRINGS, FL- 34135",,,8018.52,,Redeemed,TAXDEED,https://www.lee.realtaxdeed.com/index.cfm?zaction=auction&zmethod=details&AID=1517715&bypassPage=1,http://www.leepa.org/Scripts/PropertyQuery/PropertyQuery.aspx?STRAP=03-48-25-B1-01101.1040,,www.lee.realtaxdeed.com,2026-10-07T10:34:25+00:00
lee,10/27/2026,,04-44-25-01-0000B.0240,2026000519,24-10077,,"4441 BESSIE AVE, FORT MYERS, FL- 33905",,,5907.16,,Redeemed,TAXDEED,https://www.lee.realtaxdeed.com/index.cfm?zaction=auction&zmethod=details&AID=1517084&bypassPage=1,http://www.leepa.org/Scripts/PropertyQuery/PropertyQuery.aspx?STRAP=04-44-25-01-0000B.0240,,www.lee.realtaxdeed.com,2026-10-07T10:34:25+00:00
lee,10/27/2026,,04-44-25-22-00000.0140,2026000492,24-10174,,"4435 SEMINOLE ST, FORT MYERS, FL- 33905",,,9794.79,,Redeemed,TAXDEED,https://www.lee.realtaxdeed.com/index.cfm?zaction=auction&zmethod=details&AID=1517735&bypassPage=1,http://www.leepa.org/Scripts/PropertyQuery/PropertyQuery.aspx?STRAP=04-44-25-22-00000.0140,,www.lee.realtaxdeed.com,2026-10-07T10:34:25+00:00
lee,10/27/2026,,04-45-25-P1-00600.4241,2026000493,24-11242,,"10350 WASHINGTONIA PALM WAY 42, FORT MYERS, FL- 33966",,,16314.9,,Redeemed,TAXDEED,https://www.lee.realtaxdeed.com/index.cfm?zaction=auction&zmethod=details&AID=1517736&bypassPage=1,http://www.leepa.org/Scripts/PropertyQuery/PropertyQuery.aspx?STRAP=04-45-25-P1-00600.4241,,www.lee.realtaxdeed.com,2026-10-07T10:34:25+00:00
lee,10/27/2026,,04-45-25-P2-01100.2110,2026000547,24-11247,,"8168 PACIFIC BEACH DR, FORT MYERS, FL- 33966",,,72107.81,,Redeemed,TAXDEED,https://www.lee.realtaxdeed.com/index.cfm?zaction=auction&zmethod=details&AID=1517982&bypassPage=1,http://www.leepa.org/Scripts/PropertyQuery/PropertyQuery.aspx?STRAP=04-45-25-P2-01100.2110,,www.lee.realtaxdeed.com,2026-10-07T10:34:25+00:00
lee,10/27/2026,,05-45-25-P3-01450.5025,2026000494,24-11254,,"10411 WINE PALM RD 5025, FORT MYERS, FL- 33966",,,19825.08,,Redeemed,TAXDEED,https://www.lee.realtaxdeed.com/index.cfm?zaction=auction&zmethod=details&AID=1517737&bypassPage=1,http://www.leepa.org/Scripts/PropertyQuery/PropertyQuery.aspx?STRAP=05-45-25-P3-01450.5025,,www.lee.realtaxdeed.com,2026-10-07T10:34:25+00:00
lee,10/27/2026,,05-45-25-P3-01837.3724,2026000548,24-11255,,"10497 WASHINGTONIA PALM WAY 37, FORT MYERS, FL- 33966",,,18382.64,,Redeemed,TAXDEED,https://www.lee.realtaxdeed.com/index.cfm?zaction=auction&zmethod=details&AID=1517983&bypassPage=1,http://www.leepa.org/Scripts/PropertyQuery/PropertyQuery.aspx?STRAP=05-45-25-P3-01837.3724,,www.lee.realtaxdeed.com,2026-10-07T10:34:25+00:00
lee,10/27/2026,10:00 AM ET,06-46-24-32-00000.0140,2026000533,24-09235,,"16204 COCO HAMMOCK WAY, FORT MYERS, FL- 33908",,,23887.71,468574.0,10/27/2026 10:00 AM ET,TAXDEED,https://www.lee.realtaxdeed.com/index.cfm?zaction=auction&zmethod=details&AID=1517091&bypassPage=1,http://www.leepa.org/Scripts/PropertyQuery/PropertyQuery.aspx?STRAP=06-46-24-32-00000.0140,,www.lee.realtaxdeed.com,2026-10-07T10:34:25+00:00
lee,10/27/2026,,08-44-23-C3-03972.0310,2026000534,24-03204,,"2514 NW EMBERS TER, CAPE CORAL, FL- 33993",,,14501.2,251694.0,Redeemed,TAXDEED,https://www.lee.realtaxdeed.com/index.cfm?zaction=auction&zmethod=details&AID=1517092&bypassPage=1,http://www.leepa.org/Scripts/PropertyQuery/PropertyQuery.aspx?STRAP=08-44-23-C3-03972.0310,,www.lee.realtaxdeed.com,2026-10-07T10:34:25+00:00
lee,10/27/2026,,10-44-25-04-00000.0400,2026000445,24-10491,,"5346 COUNTRYDALE CT, FORT MYERS, FL- 33905",,,64690.3,,Redeemed,TAXDEED,https://www.lee.realtaxdeed.com/index.cfm?zaction=auction&zmethod=details&AID=1517716&bypassPage=1,http://www.leepa.org/Scripts/PropertyQuery/PropertyQuery.aspx?STRAP=10-44-25-04-00000.0400,,www.lee.realtaxdeed.com,2026-10-07T10:34:25+00:00
lee,10/27/2026,10:00 AM ET,11-45-23-C2-01621.0330,2026000432,24-04589,,"4024 SW 2ND AVE, CAPE CORAL, FL- 33914",,,15958.2,185816.0,10/27/2026 10:00 AM ET,TAXDEED,https://www.lee.realtaxdeed.com/index.cfm?zaction=auction&zmethod=details&AID=1517712&bypassPage=1,http://www.leepa.org/Scripts/PropertyQuery/PropertyQuery.aspx?STRAP=11-45-23-C2-01621.0330,,www.lee.realtaxdeed.com,2026-10-07T10:34:25+00:00
lee,10/27/2026,10:00 AM ET,11-45-23-C4-01738.0050,2026000531,24-04626,,"422 SW 44TH ST, CAPE CORAL, FL- 33914",,,183898.16,327186.0,10/27/2026 10:00 AM ET,TAXDEED,https://www.lee.realtaxdeed.com/index.cfm?zaction=auction&zmethod=details&AID=1517090&bypassPage=1,http://www.leepa.org/Scripts/PropertyQuery/PropertyQuery.aspx?STRAP=11-45-23-C4-01738.0050,,www.lee.realtaxdeed.com,2026-10-07T10:34:25+00:00
lee,10/27/2026,,11-46-27-00-00001.1690,2026000472,24-25456,,"17200 SILVER PANTHER LN, FORT MYERS, FL- 33913",,,30312.18,,Redeemed,TAXDEED,https://www.lee.realtaxdeed.com/index.cfm?zaction=auction&zmethod=details&AID=1517729&bypassPage=1,http://www.leepa.org/Scripts/PropertyQuery/PropertyQuery.aspx?STRAP=11-46-27-00-00001.1690,,www.lee.realtaxdeed.com,2026-10-07T10:34:25+00:00
lee,10/27/2026,,12-45-24-01-0000B.00A0,2026000555,24-08382,,"11225 S CLEVELAND AVE, FORT MYERS, FL- 33907",,,22963.16,,Redeemed,TAXDEED,https://www.lee.realtaxdeed.com/index.cfm?zaction=auction&zmethod=details&AID=1517984&bypassPage=1,http://www.leepa.org/Scripts/PropertyQuery/PropertyQuery.aspx?STRAP=12-45-24-01-0000B.00A0,,www.lee.realtaxdeed.com,2026-10-07T10:34:25+00:00
lee,10/27/2026,,12-46-23-05-00000.4310,2026000512,24-05134,,"19681 SUMMERLIN RD 431, FORT MYERS, FL- 33908",,,4279.3,,Redeemed,TAXDEED,https://www.lee.realtaxdeed.com/index.cfm?zaction=auction&zmethod=details&AID=1517487&bypassPage=1,http://www.leepa.org/Scripts/PropertyQuery/PropertyQuery.aspx?STRAP=12-46-23-05-00000.4310,,www.lee.realtaxdeed.com,2026-10-07T10:34:25+00:00
lee,10/27/2026,10:00 AM ET,13-44-24-P2-03400.0301,2026000447,24-07178,,"2743 FIRST ST 301, FORT MYERS, FL- 33916",,,20716.79,332367.0,10/27/2026 10:00 AM ET,TAXDEED,https://www.lee.realtaxdeed.com/index.cfm?zaction=auction&zmethod=details&AID=1517717&bypassPage=1,http://www.leepa.org/Scripts/PropertyQuery/PropertyQuery.aspx?STRAP=13-44-24-P2-03400.0301,,www.lee.realtaxdeed.com,2026-10-07T10:34:25+00:00
lee,10/27/2026,10:00 AM ET,13-44-24-P3-00606.0200,2026000543,24-07189,,"2663 DR ELLA PIPER WAY, FORT MYERS, FL- 33916",,,17166.48,137884.0,10/27/2026 10:00 AM ET,TAXDEED,https://www.lee.realtaxdeed.com/index.cfm?zaction=auction&zmethod=details&AID=1517981&bypassPage=1,http://www.leepa.org/Scripts/PropertyQuery/PropertyQuery.aspx?STRAP=13-44-24-P3-00606.0200,,www.lee.realtaxdeed.com,2026-10-07T10:34:25+00:00
lee,10/27/2026,10:00 AM ET,13-44-24-P4-00404.008B,2026000524,24-07206,,"2485 FIRST ST, FORT MYERS, FL- 33901",,,47427.13,900874.0,10/27/2026 10:00 AM ET,TAXDEED,https://www.lee.realtaxdeed.com/index.cfm?zaction=auction&zmethod=details&AID=1517978&bypassPage=1,http://www.leepa.org/Scripts/PropertyQuery/PropertyQuery.aspx?STRAP=13-44-24-P4-00404.008B,,www.lee.realtaxdeed.com,2026-10-07T10:34:25+00:00
lee,10/27/2026,10:00 AM ET,13-45-23-C2-00105.0190,2026000442,24-04715,,"5110 MANOR CT, CAPE CORAL, FL- 33904",,,23376.94,479982.0,10/27/2026 10:00 AM ET,TAXDEED,https://www.lee.realtaxdeed.com/index.cfm?zaction=auction&zmethod=details&AID=1517714&bypassPage=1,http://www.leepa.org/Scripts/PropertyQuery/PropertyQuery.aspx?STRAP=13-45-23-C2-00105.0190,,www.lee.realtaxdeed.com,2026-10-07T10:34:25+00:00
lee,10/27/2026,,13-45-27-L4-00079.0270,2026000463,24-23227,,"638 COLUMBUS BLVD, LEHIGH ACRES, FL- 33974",,,10137.74,,Redeemed,TAXDEED,https://www.lee.realtaxdeed.com/index.cfm?zaction=auction&zmethod=details&AID=1517725&bypassPage=1,http://www.leepa.org/Scripts/PropertyQuery/PropertyQuery.aspx?STRAP=13-45-27-L4-00079.0270,,www.lee.realtaxdeed.com,2026-10-07T10:34:25+00:00
lee,10/27/2026,,14-44-23-C3-00100.2070,2026000525,24-03602,,"278 SW 3RD ST 207, CAPE CORAL, FL- 33991",,,6753.85,,Redeemed,TAXDEED,https://www.lee.realtaxdeed.com/index.cfm?zaction=auction&zmethod=details&AID=1517085&bypassPage=1,http://www.leepa.org/Scripts/PropertyQuery/PropertyQuery.aspx?STRAP=14-44-23-C3-00100.2070,,www.lee.realtaxdeed.com,2026-10-07T10:34:25+00:00
lee,10/27/2026,,14-45-23-C3-00180.0120,2026000557,24-04773,,"149 SW 52ND ST, CAPE CORAL, FL- 33914",,,25302.27,,Redeemed,TAXDEED,https://www.lee.realtaxdeed.com/index.cfm?zaction=auction&zmethod=details&AID=1517985&bypassPage=1,http://www.leepa.org/Scripts/PropertyQuery/PropertyQuery.aspx?STRAP=14-45-23-C3-00180.0120,,www.lee.realtaxdeed.com,2026-10-07T10:34:25+00:00
lee,10/27/2026,,14-45-23-C4-04541.0300,2026000513,24-04785,,"401 SW 52ND ST, CAPE CORAL, FL- 33914",,,8460.06,,Redeemed,TAXDEED,https://www.lee.realtaxdeed.com/index.cfm?zaction=auction&zmethod=details&AID=1517488&bypassPage=1,http://www.leepa.org/Scripts/PropertyQuery/PropertyQuery.aspx?STRAP=14-45-23-C4-04541.0300,,www.lee.realtaxdeed.com,2026-10-07T10:34:25+00:00
lee,10/27/2026,,14-45-24-30-00100.0030,2026000558,24-08481,,"3364 ALOUETTE CIR 3, FORT MYERS, FL- 33907",,,8105.77,,Redeemed,TAXDEED,https://www.lee.realtaxdeed.com/index.cfm?zaction=auction&zmethod=details&AID=1517986&bypassPage=1,http://www.leepa.org/Scripts/PropertyQuery/PropertyQuery.aspx?STRAP=14-45-24-30-00100.0030,,www.lee.realtaxdeed.com,2026-10-07T10:34:25+00:00
lee,10/27/2026,,14-47-25-B4-00700.0040,2026000448,24-12125,,"24924 FAIRWINDS LN, BONITA SPRINGS, FL- 34135",,,10817.64,,Redeemed,TAXDEED,https://www.lee.realtaxdeed.com/index.cfm?zaction=auction&zmethod=details&AID=1517718&bypassPage=1,http://www.leepa.org/Scripts/PropertyQuery/PropertyQuery.aspx?STRAP=14-47-25-B4-00700.0040,,www.lee.realtaxdeed.com,2026-10-07T10:34:25+00:00
lee,10/27/2026,10:00 AM ET,15-47-25-B4-0020H.7950,2026000561,24-12142,,"9295 STRIKE LN, BONITA SPRINGS, FL- 34135",,,9746.11,171271.0,10/27/2026 10:00 AM ET,TAXDEED,https://www.lee.realtaxdeed.com/index.cfm?zaction=auction&zmethod=details&AID=1517987&bypassPage=1,http://www.leepa.org/Scripts/PropertyQuery/PropertyQuery.aspx?STRAP=15-47-25-B4-0020H.7950,,www.lee.realtaxdeed.com,2026-10-07T10:34:25+00:00
lee,10/27/2026,10:00 AM ET,17-44-25-P1-0190F.0060,2026000528,24-10624,,"212 MARIA ST, FORT MYERS, FL- 33916",,,6391.25,87341.0,10/27/2026 10:00 AM ET,TAXDEED,https://www.lee.realtaxdeed.com/index.cfm?zaction=auction&zmethod=details&AID=1517087&bypassPage=1,http://www.leepa.org/Scripts/PropertyQuery/PropertyQuery.aspx?STRAP=17-44-25-P1-0190F.0060,,www.lee.realtaxdeed.com,2026-10-07T10:34:25+00:00
lee,10/27/2026,,17-44-25-P1-0240E.0040,2026000529,24-10632,,"110 WILLIAM ST, FORT MYERS, FL- 33916",,,69800.94,,Redeemed,TAXDEED,https://www.lee.realtaxdeed.com/index.cfm?zaction=auction&zmethod=details&AID=1517088&bypassPage=1,http://www.leepa.org/Scripts/PropertyQuery/PropertyQuery.aspx?STRAP=17-44-25-P1-0240E.0040,,www.lee.realtaxdeed.com,2026-10-07T10:34:25+00:00
lee,10/27/2026,10:00 AM ET,18-44-23-C3-05325.0350,2026000530,24-03836,,"3532 CEITUS PKWY, CAPE CORAL, FL- 33991",,,9619.97,80750.0,10/27/2026 10:00 AM ET,TAXDEED,https://www.lee.realtaxdeed.com/index.cfm?zaction=auction&zmethod=details&AID=1517089&bypassPage=1,http://www.leepa.org/Scripts/PropertyQuery/PropertyQuery.aspx?STRAP=18-44-23-C3-05325.0350,,www.lee.realtaxdeed.com,2026-10-07T10:34:25+00:00
lee,10/27/2026,,18-45-24-C3-00032.0310,2026000496,24-08651,,"5363 NAUTILUS DR, CAPE CORAL, FL- 33904",,,43110.92,,Redeemed,TAXDEED,https://www.lee.realtaxdeed.com/index.cfm?zaction=auction&zmethod=details&AID=1517738&bypassPage=1,http://www.leepa.org/Scripts/PropertyQuery/PropertyQuery.aspx?STRAP=18-45-24-C3-00032.0310,,www.lee.realtaxdeed.com,2026-10-07T10:34:25+00:00
lee,10/27/2026,10:00 AM ET,19-44-25-P1-00219.0010,2026000563,24-10835,,"2101-2107 PALM AVE, FORT MYERS, FL- 33916",,,17056.42,293091.0,10/27/2026 10:00 AM ET,TAXDEED,https://www.lee.realtaxdeed.com/index.cfm?zaction=auction&zmethod=details&AID=1517988&bypassPage=1,http://www.leepa.org/Scripts/PropertyQuery/PropertyQuery.aspx?STRAP=19-44-25-P1-00219.0010,,www.lee.realtaxdeed.com,2026-10-07T10:34:25+00:00
lee,10/27/2026,10:00 AM ET,20-44-26-07-00044.0080,2026000431,24-14223,,"5210/5212 BRISTO ST, LEHIGH ACRES, FL- 33971",,,5646.47,34375.0,10/27/2026 10:00 AM ET,TAXDEED,https://www.lee.realtaxdeed.com/index.cfm?zaction=auction&zmethod=details&AID=1517711&bypassPage=1,http://www.leepa.org/Scripts/PropertyQuery/PropertyQuery.aspx?STRAP=20-44-26-07-00044.0080,,www.lee.realtaxdeed.com,2026-10-07T10:34:25+00:00
lee,10/27/2026,,20-45-24-23-00000.0050,2026000497,24-08676,,"928 DEEP LAGOON LN, FORT MYERS, FL- 33919",,,14589.08,294579.0,Redeemed,TAXDEED,https://www.lee.realtaxdeed.com/index.cfm?zaction=auction&zmethod=details&AID=1517739&bypassPage=1,http://www.leepa.org/Scripts/PropertyQuery/PropertyQuery.aspx?STRAP=20-45-24-23-00000.0050,,www.lee.realtaxdeed.com,2026-10-07T10:34:25+00:00
lee,10/27/2026,,21-45-24-33-00000.1060,2026000514,24-08725,,"6824 SANDTRAP DR 4, FORT MYERS, FL- 33919",,,4592.69,,Redeemed,TAXDEED,https://www.lee.realtaxdeed.com/index.cfm?zaction=auction&zmethod=details&AID=1517489&bypassPage=1,http://www.leepa.org/Scripts/PropertyQuery/PropertyQuery.aspx?STRAP=21-45-24-33-00000.1060,,www.lee.realtaxdeed.com,2026-10-07T10:34:25+00:00
lee,10/27/2026,,22-44-23-C4-04434.0410,2026000526,24-03942,,"1412 SW 15TH PL, CAPE CORAL, FL- 33991",,,19554.3,,Redeemed,TAXDEED,https://www.lee.realtaxdeed.com/index.cfm?zaction=auction&zmethod=details&AID=1517086&bypassPage=1,http://www.leepa.org/Scripts/PropertyQuery/PropertyQuery.aspx?STRAP=22-44-23-C4-04434.0410,,www.lee.realtaxdeed.com,2026-10-07T10:34:25+00:00
lee,10/27/2026,10:00 AM ET,22-45-24-34-00002.00C0,2026000537,24-08767,,"6300 SOUTH POINTE BLVD 302, FORT MYERS, FL- 33919",,,6990.83,139974.0,10/27/2026 10:00 AM ET,TAXDEED,https://www.lee.realtaxdeed.com/index.cfm?zaction=auction&zmethod=details&AID=1517979&bypassPage=1,http://www.leepa.org/Scripts/PropertyQuery/PropertyQuery.aspx?STRAP=22-45-24-34-00002.00C0,,www.lee.realtaxdeed.com,2026-10-07T10:34:25+00:00
lee,10/27/2026,10:00 AM ET,22-47-25-B2-00200.6990,2026000466,24-12208,,"25380 STILLWELL PKWY, BONITA SPRINGS, FL- 34135",,,237855.33,987509.0,10/27/2026 10:00 AM ET,TAXDEED,https://www.lee.realtaxdeed.com/index.cfm?zaction=auction&zmethod=details&AID=1517726&bypassPage=1,http://www.leepa.org/Scripts/PropertyQuery/PropertyQuery.aspx?STRAP=22-47-25-B2-00200.6990,,www.lee.realtaxdeed.com,2026-10-07T10:34:25+00:00
lee,10/27/2026,,22-47-25-B3-01606.0204,2026000564,24-12220,,"25730 LAKE AMELIA WAY 204, BONITA SPRINGS, FL- 34135",,,5595.85,,Redeemed,TAXDEED,https://www.lee.realtaxdeed.com/index.cfm?zaction=auction&zmethod=details&AID=1517989&bypassPage=1,http://www.leepa.org/Scripts/PropertyQuery/PropertyQuery.aspx?STRAP=22-47-25-B3-01606.0204,,www.lee.realtaxdeed.com,2026-10-07T10:34:25+00:00
lee,10/27/2026,10:00 AM ET,23-43-25-00-00011.017A,2026000489,24-09836,,"10671 AQUA VISTA LN, NORTH FORT MYERS, FL- 33917",,,10615.92,159300.0,10/27/2026 10:00 AM ET,TAXDEED,https://www.lee.realtaxdeed.com/index.cfm?zaction=auction&zmethod=details&AID=1517733&bypassPage=1,http://www.leepa.org/Scripts/PropertyQuery/PropertyQuery.aspx?STRAP=23-43-25-00-00011.017A,,www.lee.realtaxdeed.com,2026-10-07T10:34:25+00:00
lee,10/27/2026,10:00 AM ET,23-44-24-P2-02600.0202,2026000467,24-07481,,"1901 CLIFFORD ST 202, FORT MYERS, FL- 33901",,,14439.35,182253.0,10/27/2026 10:00 AM ET,TAXDEED,https://www.lee.realtaxdeed.com/index.cfm?zaction=auction&zmethod=details&AID=1517727&bypassPage=1,http://www.leepa.org/Scripts/PropertyQuery/PropertyQuery.aspx?STRAP=23-44-24-P2-02600.0202,,www.lee.realtaxdeed.com,2026-10-07T10:34:25+00:00
lee,10/27/2026,10:00 AM ET,23-47-25-B4-0090D.2140,2026000565,24-12258,,"25808 COCKLESHELL DR 214, BONITA SPRINGS, FL- 34135",,,8684.46,216814.0,10/27/2026 10:00 AM ET,TAXDEED,https://www.lee.realtaxdeed.com/index.cfm?zaction=auction&zmethod=details&AID=1517990&bypassPage=1,http://www.leepa.org/Scripts/PropertyQuery/PropertyQuery.aspx?STRAP=23-47-25-B4-0090D.2140,,www.lee.realtaxdeed.com,2026-10-07T10:34:25+00:00
lee,10/27/2026,,25-45-27-L4-10059.0130,2026000569,24-24718,,"1147 EMORY ST E, LEHIGH ACRES, FL- 33974",,,12448.42,,Redeemed,TAXDEED,https://www.lee.realtaxdeed.com/index.cfm?zaction=auction&zmethod=details&AID=1517991&bypassPage=1,http://www.leepa.org/Scripts/PropertyQuery/PropertyQuery.aspx?STRAP=25-45-27-L4-10059.0130,,www.lee.realtaxdeed.com,2026-10-07T10:34:25+00:00
lee,10/27/2026,10:00 AM ET,25-46-22-T4-01113.0060,2026000570,24-01027,,"475 PEACHTREE RD, SANIBEL, FL- 33957",,,11207.33,175274.0,10/27/2026 10:00 AM ET,TAXDEED,https://www.lee.realtaxdeed.com/index.cfm?zaction=auction&zmethod=details&AID=1517992&bypassPage=1,http://www.leepa.org/Scripts/PropertyQuery/PropertyQuery.aspx?STRAP=25-46-22-T4-01113.0060,,www.lee.realtaxdeed.com,2026-10-07T10:34:25+00:00
lee,10/27/2026,,25-47-25-B4-00203.0100,2026000441,24-12274,,"11111 WAGON TRL, BONITA SPRINGS, FL- 34135",,,6290.6,,Redeemed,TAXDEED,https://www.lee.realtaxdeed.com/index.cfm?zaction=auction&zmethod=details&AID=1517713&bypassPage=1,http://www.leepa.org/Scripts/PropertyQuery/PropertyQuery.aspx?STRAP=25-47-25-B4-00203.0100,,www.lee.realtaxdeed.com,2026-10-07T10:34:25+00:00
lee,10/27/2026,10:00 AM ET,26-47-25-B4-0020D.0110,2026000485,24-12342,,"26801 PINE AVE, BONITA SPRINGS, FL- 34135",,,22851.72,165298.0,10/27/2026 10:00 AM ET,TAXDEED,https://www.lee.realtaxdeed.com/index.cfm?zaction=auction&zmethod=details&AID=1517731&bypassPage=1,http://www.leepa.org/Scripts/PropertyQuery/PropertyQuery.aspx?STRAP=26-47-25-B4-0020D.0110,,www.lee.realtaxdeed.com,2026-10-07T10:34:25+00:00
lee,10/27/2026,,27-47-25-B1-02220.0101,2026000574,24-12357,,"26210 CLARKSTON DR 101, BONITA SPRINGS, FL- 34135",,,96681.31,,Redeemed,TAXDEED,https://www.lee.realtaxdeed.com/index.cfm?zaction=auction&zmethod=details&AID=1517993&bypassPage=1,http://www.leepa.org/Scripts/PropertyQuery/PropertyQuery.aspx?STRAP=27-47-25-B1-02220.0101,,www.lee.realtaxdeed.com,2026-10-07T10:34:25+00:00
lee,10/27/2026,,27-47-25-B1-02225.0201,2026000453,24-12359,,"26160 CLARKSTON DR 201, BONITA SPRINGS, FL- 34135",,,10945.85,,Redeemed,TAXDEED,https://www.lee.realtaxdeed.com/index.cfm?zaction=auction&zmethod=details&AID=1517719&bypassPage=1,http://www.leepa.org/Scripts/PropertyQuery/PropertyQuery.aspx?STRAP=27-47-25-B1-02225.0201,,www.lee.realtaxdeed.com,2026-10-07T10:34:25+00:00
lee,10/27/2026,10:00 AM ET,29-43-24-C3-02251.0070,2026000504,24-06127,,"2501 NE 22ND PL, CAPE CORAL, FL- 33909",,,4399.19,38663.0,10/27/2026 10:00 AM ET,TAXDEED,https://www.lee.realtaxdeed.com/index.cfm?zaction=auction&zmethod=details&AID=1517483&bypassPage=1,http://www.leepa.org/Scripts/PropertyQuery/PropertyQuery.aspx?STRAP=29-43-24-C3-02251.0070,,www.lee.realtaxdeed.com,2026-10-07T10:34:25+00:00
lee,10/27/2026,,29-45-24-00-00003.0240,2026000487,24-08885,,"7438 WILLEMS DR, FORT MYERS, FL- 33908",,,70855.44,144553.0,Redeemed,TAXDEED,https://www.lee.realtaxdeed.com/index.cfm?zaction=auction&zmethod=details&AID=1517732&bypassPage=1,http://www.leepa.org/Scripts/PropertyQuery/PropertyQuery.aspx?STRAP=29-45-24-00-00003.0240,,www.lee.realtaxdeed.com,2026-10-07T10:34:25+00:00
lee,10/27/2026,,29-46-25-E2-20002.1040,2026000483,24-11921,,"20121 IAN CT 104, ESTERO, FL- 33928",,,9769.1,,Redeemed,TAXDEED,https://www.lee.realtaxdeed.com/index.cfm?zaction=auction&zmethod=details&AID=1517730&bypassPage=1,http://www.leepa.org/Scripts/PropertyQuery/PropertyQuery.aspx?STRAP=29-46-25-E2-20002.1040,,www.lee.realtaxdeed.com,2026-10-07T10:34:25+00:00
lee,10/27/2026,,31-44-25-P1-01013.1070,2026000456,24-11123,,"3642 PINE OAK CIR 107, FORT MYERS, FL- 33916",,,12889.66,,Redeemed,TAXDEED,https://www.lee.realtaxdeed.com/index.cfm?zaction=auction&zmethod=details&AID=1517720&bypassPage=1,http://www.leepa.org/Scripts/PropertyQuery/PropertyQuery.aspx?STRAP=31-44-25-P1-01013.1070,,www.lee.realtaxdeed.com,2026-10-07T10:34:25+00:00
lee,10/27/2026,,31-44-25-P3-01402.0214,2026000471,24-11150,,"4125 BELLASOL CIR 214, FORT MYERS, FL- 33916",,,6799.54,,Redeemed,TAXDEED,https://www.lee.realtaxdeed.com/index.cfm?zaction=auction&zmethod=details&AID=1517728&bypassPage=1,http://www.leepa.org/Scripts/PropertyQuery/PropertyQuery.aspx?STRAP=31-44-25-P3-01402.0214,,www.lee.realtaxdeed.com,2026-10-07T10:34:25+00:00
lee,10/27/2026,10:00 AM ET,31-45-24-20-0000E.0130,2026000577,24-08944,,"5479 PEPPERTREE DR 13, FORT MYERS, FL- 33908",,,9695.38,140909.0,10/27/2026 10:00 AM ET,TAXDEED,https://www.lee.realtaxdeed.com/index.cfm?zaction=auction&zmethod=details&AID=1517994&bypassPage=1,http://www.leepa.org/Scripts/PropertyQuery/PropertyQuery.aspx?STRAP=31-45-24-20-0000E.0130,,www.lee.realtaxdeed.com,2026-10-07T10:34:25+00:00
lee,10/27/2026,,32-43-24-C1-02193.0200,2026000578,24-06310,,"1921 NE 20TH ST, CAPE CORAL, FL- 33909",,,18460.06,,Redeemed,TAXDEED,https://www.lee.realtaxdeed.com/index.cfm?zaction=auction&zmethod=details&AID=1517995&bypassPage=1,http://www.leepa.org/Scripts/PropertyQuery/PropertyQuery.aspx?STRAP=32-43-24-C1-02193.0200,,www.lee.realtaxdeed.com,2026-10-07T10:34:25+00:00
lee,10/27/2026,,33-44-24-C1-01235.0070,2026000457,24-07892,,"2722 SE 24TH PL, CAPE CORAL, FL- 33904",,,15612.68,,Redeemed,TAXDEED,https://www.lee.realtaxdeed.com/index.cfm?zaction=auction&zmethod=details&AID=1517721&bypassPage=1,http://www.leepa.org/Scripts/PropertyQuery/PropertyQuery.aspx?STRAP=33-44-24-C1-01235.0070,,www.lee.realtaxdeed.com,2026-10-07T10:34:25+00:00
lee,10/27/2026,10:00 AM ET,33-44-27-08-00030.0070,2026000423,24-21138,,"315 LINCOLN AVE, LEHIGH ACRES, FL- 33936",,,41655.0,123571.0,10/27/2026 10:00 AM ET,TAXDEED,https://www.lee.realtaxdeed.com/index.cfm?zaction=auction&zmethod=details&AID=1517710&bypassPage=1,http://www.leepa.org/Scripts/PropertyQuery/PropertyQuery.aspx?STRAP=33-44-27-08-00030.0070,,www.lee.realtaxdeed.com,2026-10-07T10:34:25+00:00
lee,10/27/2026,,33-47-25-B3-00257.0010,2026000458,24-12492,,"27731 S TAMIAMI TRL, BONITA SPRINGS, FL- 34134",,,40313.28,,Redeemed,TAXDEED,https://www.lee.realtaxdeed.com/index.cfm?zaction=auction&zmethod=details&AID=1517722&bypassPage=1,http://www.leepa.org/Scripts/PropertyQuery/PropertyQuery.aspx?STRAP=33-47-25-B3-00257.0010,,www.lee.realtaxdeed.com,2026-10-07T10:34:25+00:00
lee,10/27/2026,,34-43-24-02-00024.0010,2026000580,24-06488,,"1830 PACIFIC AVE, NORTH FORT MYERS, FL- 33903",,,6168.18,,Redeemed,TAXDEED,https://www.lee.realtaxdeed.com/index.cfm?zaction=auction&zmethod=details&AID=1517996&bypassPage=1,http://www.leepa.org/Scripts/PropertyQuery/PropertyQuery.aspx?STRAP=34-43-24-02-00024.0010,,www.lee.realtaxdeed.com,2026-10-07T10:34:25+00:00
lee,10/27/2026,,34-43-25-03-00015.0090,2026000459,24-09950,,"112 GIBSON ST, FORT MYERS, FL- 33905",,,108651.9,,Redeemed,TAXDEED,https://www.lee.realtaxdeed.com/index.cfm?zaction=auction&zmethod=details&AID=1517723&bypassPage=1,http://www.leepa.org/Scripts/PropertyQuery/PropertyQuery.aspx?STRAP=34-43-25-03-00015.0090,,www.lee.realtaxdeed.com,2026-10-07T10:34:25+00:00
lee,10/27/2026,,35-46-22-T1-00700.2010,2026000461,24-01058,,"2501 WEST GULF DR 201, SANIBEL, FL- 33957",,,9915.11,,Redeemed,TAXDEED,https://www.lee.realtaxdeed.com/index.cfm?zaction=auction&zmethod=details&AID=1517724&bypassPage=1,http://www.leepa.org/Scripts/PropertyQuery/PropertyQuery.aspx?STRAP=35-46-22-T1-00700.2010,,www.lee.realtaxdeed.com,2026-10-07T10:34:25+00:00
lee,10/27/2026,,35-46-25-E3-13000.1320,2026000541,24-11999,,"10736 MAUI CIR, ESTERO, FL- 33928",,,15213.98,,Redeemed,TAXDEED,https://www.lee.realtaxdeed.com/index.cfm?zaction=auction&zmethod=details&AID=1517980&bypassPage=1,http://www.leepa.org/Scripts/PropertyQuery/PropertyQuery.aspx?STRAP=35-46-25-E3-13000.1320,,www.lee.realtaxdeed.com,2026-10-07T10:34:25+00:00
lee,11/03/2026,10:00 AM ET,26-43-24-04-00000.0070,2026000516,24-06045,,"926 LAZY LN, NORTH FORT MYERS, FL- 33917",,,5485.8,72560.0,11/03/2026 10:00 AM ET,TAXDEED,https://www.lee.realtaxdeed.com/index.cfm?zaction=auction&zmethod=details&AID=1518916&bypassPage=1,http://www.leepa.org/Scripts/PropertyQuery/PropertyQuery.aspx?STRAP=26-43-24-04-00000.0070,,www.lee.realtaxdeed.com,2026-10-07T10:34:28+00:00
lee,11/03/2026,,27-45-25-22-0000E.0E20,2026000591,24-11437,,"14702 TARMAC CT E20, FORT MYERS, FL- 33913",,,8245.42,,Redeemed,TAXDEED,https://www.lee.realtaxdeed.com/index.cfm?zaction=auction&zmethod=details&AID=1518566&bypassPage=1,http://www.leepa.org/Scripts/PropertyQuery/PropertyQuery.aspx?STRAP=27-45-25-22-0000E.0E20,,www.lee.realtaxdeed.com,2026-10-07T10:34:28+00:00
lee,11/03/2026,10:00 AM ET,32-44-23-C2-05974.0190,2026000518,24-04142,,"2533 SW 27TH PL, CAPE CORAL, FL- 33914",,,26494.48,497917.0,11/03/2026 10:00 AM ET,TAXDEED,https://www.lee.realtaxdeed.com/index.cfm?zaction=auction&zmethod=details&AID=1518917&bypassPage=1,http://www.leepa.org/Scripts/PropertyQuery/PropertyQuery.aspx?STRAP=32-44-23-C2-05974.0190,,www.lee.realtaxdeed.com,2026-10-07T10:34:28+00:00
lee,11/03/2026,,34-43-24-02-00024.0030,2026000581,24-06489,,"331 CAPITOL ST, NORTH FORT MYERS, FL- 33903",,,5292.94,,Redeemed,TAXDEED,https://www.lee.realtaxdeed.com/index.cfm?zaction=auction&zmethod=details&AID=1518561&bypassPage=1,http://www.leepa.org/Scripts/PropertyQuery/PropertyQuery.aspx?STRAP=34-43-24-02-00024.0030,,www.lee.realtaxdeed.com,2026-10-07T10:34:28+00:00
lee,11/03/2026,10:00 AM ET,34-45-24-16-00000.0010,2026000583,24-09054,,"8130 GLADIOLUS DR, FORT MYERS, FL- 33908",,,72256.57,2718529.0,11/03/2026 10:00 AM ET,TAXDEED,https://www.lee.realtaxdeed.com/index.cfm?zaction=auction&zmethod=details&AID=1518562&bypassPage=1,http://www.leepa.org/Scripts/PropertyQuery/PropertyQuery.aspx?STRAP=34-45-24-16-00000.0010,,www.lee.realtaxdeed.com,2026-10-07T10:34:28+00:00
lee,11/03/2026,,34-46-22-T1-00703.3010,2026000584,24-01051,,"3131 WEST GULF DR 301, SANIBEL, FL- 33957",,,955546.74,,Redeemed,TAXDEED,https://www.lee.realtaxdeed.com/index.cfm?zaction=auction&zmethod=details&AID=1518563&bypassPage=1,http://www.leepa.org/Scripts/PropertyQuery/PropertyQuery.aspx?STRAP=34-46-22-T1-00703.3010,,www.lee.realtaxdeed.com,2026-10-07T10:34:28+00:00
lee,11/03/2026,10:00 AM ET,34-47-25-B2-05309.0201,2026000586,24-12541,,"27032 ADRIANA CIR 201, BONITA SPRINGS, FL- 34135",,,18859.49,344076.0,11/03/2026 10:00 AM ET,TAXDEED,https://www.lee.realtaxdeed.com/index.cfm?zaction=auction&zmethod=details&AID=1518564&bypassPage=1,http://www.leepa.org/Scripts/PropertyQuery/PropertyQuery.aspx?STRAP=34-47-25-B2-05309.0201,,www.lee.realtaxdeed.com,2026-10-07T10:34:28+00:00
lee,11/03/2026,,36-43-25-07-00005.0502,2026000419,23-06899,,"3221 COTTONWOOD BND 502, FORT MYERS, FL- 33905",,,19044.37,,Redeemed,TAXDEED,https://www.lee.realtaxdeed.com/index.cfm?zaction=auction&zmethod=details&AID=1518911&bypassPage=1,http://www.leepa.org/Scripts/PropertyQuery/PropertyQuery.aspx?STRAP=36-43-25-07-00005.0502,,www.lee.realtaxdeed.com,2026-10-07T10:34:28+00:00
lee,11/03/2026,,36-44-24-P4-00600.2204,2026000589,24-07992,,"2366 E MALL DR 204, FORT MYERS, FL- 33901",,,7861.52,,Redeemed,TAXDEED,https://www.lee.realtaxdeed.com/index.cfm?zaction=auction&zmethod=details&AID=1518565&bypassPage=1,http://www.leepa.org/Scripts/PropertyQuery/PropertyQuery.aspx?STRAP=36-44-24-P4-00600.2204,,www.lee.realtaxdeed.com,2026-10-07T10:34:28+00:00
lee,11/17/2026,10:00 AM ET,02-45-24-P2-00800.0140,2026000790,24-08038,,"1637 MERRIMACK CT, FORT MYERS, FL- 33907",,,16284.26,,11/17/2026 10:00 AM ET,TAXDEED,https://www.lee.realtaxdeed.com/index.cfm?zaction=auction&zmethod=details&AID=1520547&bypassPage=1,http://www.leepa.org/Scripts/PropertyQuery/PropertyQuery.aspx?STRAP=02-45-24-P2-00800.0140,,www.lee.realtaxdeed.com,2026-10-07T10:34:39+00:00
lee,11/17/2026,10:00 AM ET,15-43-27-00-00003.0070,2026000783,24-17343,,ACCESS UNDETERMINED,,,7496.6,,11/17/2026 10:00 AM ET,TAXDEED,https://www.lee.realtaxdeed.com/index.cfm?zaction=auction&zmethod=details&AID=1520542&bypassPage=1,http://www.leepa.org/Scripts/PropertyQuery/PropertyQuery.aspx?STRAP=15-43-27-00-00003.0070,,www.lee.realtaxdeed.com,2026-10-07T10:34:39+00:00
lee,11/17/2026,10:00 AM ET,19-44-25-P2-00801.0050,2026000707,24-10923,,"3540 DR MARTIN LUTHER KING JR, FORT MYERS, FL- 33916",,,9697.32,,11/17/2026 10:00 AM ET,TAXDEED,https://www.lee.realtaxdeed.com/index.cfm?zaction=auction&zmethod=details&AID=1520085&bypassPage=1,http://www.leepa.org/Scripts/PropertyQuery/PropertyQuery.aspx?STRAP=19-44-25-P2-00801.0050,,www.lee.realtaxdeed.com,2026-10-07T10:34:39+00:00
lee,11/17/2026,,20-43-25-00-00003.002D,2026000710,24-09805,,"17851 WETSTONE RD, NORTH FORT MYERS, FL- 33917",,,12608.56,,Redeemed,TAXDEED,https://www.lee.realtaxdeed.com/index.cfm?zaction=auction&zmethod=details&AID=1520086&bypassPage=1,http://www.leepa.org/Scripts/PropertyQuery/PropertyQuery.aspx?STRAP=20-43-25-00-00003.002D,,www.lee.realtaxdeed.com,2026-10-07T10:34:39+00:00
lee,11/17/2026,10:00 AM ET,20-46-23-T1-00100.0010,2026000789,24-05157,,"928 LIMPET DR, SANIBEL, FL- 33957",,,84518.68,,11/17/2026 10:00 AM ET,TAXDEED,https://www.lee.realtaxdeed.com/index.cfm?zaction=auction&zmethod=details&AID=1520546&bypassPage=1,http://www.leepa.org/Scripts/PropertyQuery/PropertyQuery.aspx?STRAP=20-46-23-T1-00100.0010,,www.lee.realtaxdeed.com,2026-10-07T10:34:39+00:00
lee,11/17/2026,10:00 AM ET,24-43-24-03-00023.006C,2026000721,24-05831,,"2488 CASE LN, NORTH FORT MYERS, FL- 33917",,,2834.61,,11/17/2026 10:00 AM ET,TAXDEED,https://www.lee.realtaxdeed.com/index.cfm?zaction=auction&zmethod=details&AID=1520087&bypassPage=1,http://www.leepa.org/Scripts/PropertyQuery/PropertyQuery.aspx?STRAP=24-43-24-03-00023.006C,,www.lee.realtaxdeed.com,2026-10-07T10:34:39+00:00
lee,11/17/2026,10:00 AM ET,24-44-22-00-00018.0000,2026000800,24-00758,,"11200 PORPOISE POINT RD, MATLACHA, FL- 33993",,,15276.9,,11/17/2026 10:00 AM ET,TAXDEED,https://www.lee.realtaxdeed.com/index.cfm?zaction=auction&zmethod=details&AID=1520551&bypassPage=1,http://www.leepa.org/Scripts/PropertyQuery/PropertyQuery.aspx?STRAP=24-44-22-00-00018.0000,,www.lee.realtaxdeed.com,2026-10-07T10:34:39+00:00
lee,11/17/2026,,24-44-26-02-00015.0190,2026000567,24-14496,,"2916 24TH ST W, LEHIGH ACRES, FL- 33971",,,147581.95,,Redeemed,TAXDEED,https://www.lee.realtaxdeed.com/index.cfm?zaction=auction&zmethod=details&AID=1519644&bypassPage=1,http://www.leepa.org/Scripts/PropertyQuery/PropertyQuery.aspx?STRAP=24-44-26-02-00015.0190,,www.lee.realtaxdeed.com,2026-10-07T10:34:39+00:00
lee,11/17/2026,10:00 AM ET,29-44-27-L4-00006.0060,2026000782,24-20989,,"412 HENRY AVE, LEHIGH ACRES, FL- 33972",,,4422.9,,11/17/2026 10:00 AM ET,TAXDEED,https://www.lee.realtaxdeed.com/index.cfm?zaction=auction&zmethod=details&AID=1520522&bypassPage=1,http://www.leepa.org/Scripts/PropertyQuery/PropertyQuery.aspx?STRAP=29-44-27-L4-00006.0060,,www.lee.realtaxdeed.com,2026-10-07T10:34:39+00:00
lee,11/17/2026,10:00 AM ET,31-43-23-C3-04279.0300,2026000786,19-025643,,"3415 GULFSTREAM PKWY, CAPE CORAL, FL- 33993",,,7141.26,,11/17/2026 10:00 AM ET,TAXDEED,https://www.lee.realtaxdeed.com/index.cfm?zaction=auction&zmethod=details&AID=1520544&bypassPage=1,http://www.leepa.org/Scripts/PropertyQuery/PropertyQuery.aspx?STRAP=31-43-23-C3-04279.0300,,www.lee.realtaxdeed.com,2026-10-07T10:34:39+00:00
lee,11/17/2026,,31-43-24-C4-02144.0390,2026000756,24-06295,,"1703 NE 10TH AVE, CAPE CORAL, FL- 33909",,,10168.9,,Redeemed,TAXDEED,https://www.lee.realtaxdeed.com/index.cfm?zaction=auction&zmethod=details&AID=1520088&bypassPage=1,http://www.leepa.org/Scripts/PropertyQuery/PropertyQuery.aspx?STRAP=31-43-24-C4-02144.0390,,www.lee.realtaxdeed.com,2026-10-07T10:34:39+00:00
lee,11/17/2026,,31-47-25-B3-01400.0908,2026000757,24-12438,,"5500 BONITA BEACH RD SW 908, BONITA SPRINGS, FL- 34134",,,6369.87,,Redeemed,TAXDEED,https://www.lee.realtaxdeed.com/index.cfm?zaction=auction&zmethod=details&AID=1520089&bypassPage=1,http://www.leepa.org/Scripts/PropertyQuery/PropertyQuery.aspx?STRAP=31-47-25-B3-01400.0908,,www.lee.realtaxdeed.com,2026-10-07T10:34:39+00:00
lee,11/17/2026,10:00 AM ET,32-43-24-C3-02230.0300,2026000788,24-06380,,"1903 NE 23RD AVE, CAPE CORAL, FL- 33909",,,6562.36,,11/17/2026 10:00 AM ET,TAXDEED,https://www.lee.realtaxdeed.com/index.cfm?zaction=auction&zmethod=details&AID=1520545&bypassPage=1,http://www.leepa.org/Scripts/PropertyQuery/PropertyQuery.aspx?STRAP=32-43-24-C3-02230.0300,,www.lee.realtaxdeed.com,2026-10-07T10:34:39+00:00
lee,11/17/2026,10:00 AM ET,32-44-24-C1-01205.0170,2026000759,24-07856,,"2511 SE 19TH AVE, CAPE CORAL, FL- 33904",,,419389.77,,11/17/2026 10:00 AM ET,TAXDEED,https://www.lee.realtaxdeed.com/index.cfm?zaction=auction&zmethod=details&AID=1520090&bypassPage=1,http://www.leepa.org/Scripts/PropertyQuery/PropertyQuery.aspx?STRAP=32-44-24-C1-01205.0170,,www.lee.realtaxdeed.com,2026-10-07T10:34:39+00:00
lee,11/17/2026,10:00 AM ET,32-47-25-B3-00203.0180,2026000760,24-12453,,"4425 MARINER RD, BONITA SPRINGS, FL- 34134",,,6276.15,,11/17/2026 10:00 AM ET,TAXDEED,https://www.lee.realtaxdeed.com/index.cfm?zaction=auction&zmethod=details&AID=1520091&bypassPage=1,http://www.leepa.org/Scripts/PropertyQuery/PropertyQuery.aspx?STRAP=32-47-25-B3-00203.0180,,www.lee.realtaxdeed.com,2026-10-07T10:34:39+00:00
lee,11/17/2026,10:00 AM ET,33-43-25-01-00011.0000,2026000762,24-09931,,"4881 E RIVERSIDE DR, FORT MYERS, FL- 33905",,,13847.12,,11/17/2026 10:00 AM ET,TAXDEED,https://www.lee.realtaxdeed.com/index.cfm?zaction=auction&zmethod=details&AID=1520092&bypassPage=1,http://www.leepa.org/Scripts/PropertyQuery/PropertyQuery.aspx?STRAP=33-43-25-01-00011.0000,,www.lee.realtaxdeed.com,2026-10-07T10:34:39+00:00
lee,11/17/2026,10:00 AM ET,33-45-24-15-00000.0590,2026000797,24-09031,,"8710 SPRING MOUNTAIN WAY, FORT MYERS, FL- 33908",,,127999.23,,11/17/2026 10:00 AM ET,TAXDEED,https://www.lee.realtaxdeed.com/index.cfm?zaction=auction&zmethod=details&AID=1520549&bypassPage=1,http://www.leepa.org/Scripts/PropertyQuery/PropertyQuery.aspx?STRAP=33-45-24-15-00000.0590,,www.lee.realtaxdeed.com,2026-10-07T10:34:39+00:00
lee,11/17/2026,10:00 AM ET,34-43-23-C4-02942.A030,2026000785,19-026147,,"1917 CHIQUITA BLVD N, CAPE CORAL, FL- 33993",,,6928.0,,11/17/2026 10:00 AM ET,TAXDEED,https://www.lee.realtaxdeed.com/index.cfm?zaction=auction&zmethod=details&AID=1520543&bypassPage=1,http://www.leepa.org/Scripts/PropertyQuery/PropertyQuery.aspx?STRAP=34-43-23-C4-02942.A030,,www.lee.realtaxdeed.com,2026-10-07T10:34:39+00:00
lee,11/17/2026,,34-43-24-L3-00030.0040,2026000780,24-06524,,"524 STOCKTON ST, NORTH FORT MYERS, FL- 33903",,,2264.34,,Redeemed,TAXDEED,https://www.lee.realtaxdeed.com/index.cfm?zaction=auction&zmethod=details&AID=1520521&bypassPage=1,http://www.leepa.org/Scripts/PropertyQuery/PropertyQuery.aspx?STRAP=34-43-24-L3-00030.0040,,www.lee.realtaxdeed.com,2026-10-07T10:34:39+00:00
lee,11/17/2026,10:00 AM ET,34-43-25-09-00000.2600,2026000763,24-09967,,"260 HAMLIN DR, FORT MYERS, FL- 33905",,,3906.49,,11/17/2026 10:00 AM ET,TAXDEED,https://www.lee.realtaxdeed.com/index.cfm?zaction=auction&zmethod=details&AID=1520513&bypassPage=1,http://www.leepa.org/Scripts/PropertyQuery/PropertyQuery.aspx?STRAP=34-43-25-09-00000.2600,,www.lee.realtaxdeed.com,2026-10-07T10:34:39+00:00
lee,11/17/2026,10:00 AM ET,34-44-25-P3-00200.0340,2026000791,24-11204,,"9134 LINKS DR, FORT MYERS, FL- 33913",,,26220.41,,11/17/2026 10:00 AM ET,TAXDEED,https://www.lee.realtaxdeed.com/index.cfm?zaction=auction&zmethod=details&AID=1520548&bypassPage=1,http://www.leepa.org/Scripts/PropertyQuery/PropertyQuery.aspx?STRAP=34-44-25-P3-00200.0340,,www.lee.realtaxdeed.com,2026-10-07T10:34:39+00:00
lee,11/17/2026,10:00 AM ET,34-44-27-30-0000C.3050,2026000767,24-21206,,"331 JOEL BLVD 305, LEHIGH ACRES, FL- 33936",,,5723.12,,11/17/2026 10:00 AM ET,TAXDEED,https://www.lee.realtaxdeed.com/index.cfm?zaction=auction&zmethod=details&AID=1520514&bypassPage=1,http://www.leepa.org/Scripts/PropertyQuery/PropertyQuery.aspx?STRAP=34-44-27-30-0000C.3050,,www.lee.realtaxdeed.com,2026-10-07T10:34:39+00:00
lee,11/17/2026,10:00 AM ET,35-43-23-C4-02712.0540,2026000798,24-02241,,"1834 NW 5TH PL, CAPE CORAL, FL- 33993",,,110383.88,,11/17/2026 10:00 AM ET,TAXDEED,https://www.lee.realtaxdeed.com/index.cfm?zaction=auction&zmethod=details&AID=1520550&bypassPage=1,http://www.leepa.org/Scripts/PropertyQuery/PropertyQuery.aspx?STRAP=35-43-23-C4-02712.0540,,www.lee.realtaxdeed.com,2026-10-07T10:34:39+00:00
lee,11/17/2026,10:00 AM ET,35-46-25-E4-0100H.0340,2026000769,24-12000,,"10828 BARRED OWL CIR, ESTERO, FL- 33928",,,34641.07,,11/17/2026 10:00 AM ET,TAXDEED,https://www.lee.realtaxdeed.com/index.cfm?zaction=auction&zmethod=details&AID=1520515&bypassPage=1,http://www.leepa.org/Scripts/PropertyQuery/PropertyQuery.aspx?STRAP=35-46-25-E4-0100H.0340,,www.lee.realtaxdeed.com,2026-10-07T10:34:39+00:00
lee,11/17/2026,,35-46-25-E4-050P0.0370,2026000770,24-12001,,"10940 PEREGRINE FALCON CIR, ESTERO, FL- 33928",,,2541.02,,Redeemed,TAXDEED,https://www.lee.realtaxdeed.com/index.cfm?zaction=auction&zmethod=details&AID=1520516&bypassPage=1,http://www.leepa.org/Scripts/PropertyQuery/PropertyQuery.aspx?STRAP=35-46-25-E4-050P0.0370,,www.lee.realtaxdeed.com,2026-10-07T10:34:39+00:00
lee,11/17/2026,,35-46-25-E4-06000.0650,2026000771,24-12002,,"10702 BLUE BIMINI CIR, ESTERO, FL- 33928",,,13914.59,,Redeemed,TAXDEED,https://www.lee.realtaxdeed.com/index.cfm?zaction=auction&zmethod=details&AID=1520517&bypassPage=1,http://www.leepa.org/Scripts/PropertyQuery/PropertyQuery.aspx?STRAP=35-46-25-E4-06000.0650,,www.lee.realtaxdeed.com,2026-10-07T10:34:39+00:00
lee,11/17/2026,10:00 AM ET,36-43-24-11-0000C.1130,2026000776,24-06584,,"513 PINE TREE CT, NORTH FORT MYERS, FL- 33917",,,5197.01,,11/17/2026 10:00 AM ET,TAXDEED,https://www.lee.realtaxdeed.com/index.cfm?zaction=auction&zmethod=details&AID=1520518&bypassPage=1,http://www.leepa.org/Scripts/PropertyQuery/PropertyQuery.aspx?STRAP=36-43-24-11-0000C.1130,,www.lee.realtaxdeed.com,2026-10-07T10:34:39+00:00
lee,11/17/2026,10:00 AM ET,36-44-24-P2-00300.3000,2026000777,24-07981,,"3949 EVANS AVE 300A, FORT MYERS, FL- 33901",,,4020.61,,11/17/2026 10:00 AM ET,TAXDEED,https://www.lee.realtaxdeed.com/index.cfm?zaction=auction&zmethod=details&AID=1520519&bypassPage=1,http://www.leepa.org/Scripts/PropertyQuery/PropertyQuery.aspx?STRAP=36-44-24-P2-00300.3000,,www.lee.realtaxdeed.com,2026-10-07T10:34:39+00:00
lee,11/17/2026,10:00 AM ET,36-45-23-03-0000B.0030,2026000778,24-04945,,"12100 PALM DR, FORT MYERS, FL- 33908",,,4723.31,,11/17/2026 10:00 AM ET,TAXDEED,https://www.lee.realtaxdeed.com/index.cfm?zaction=auction&zmethod=details&AID=1520520&bypassPage=1,http://www.leepa.org/Scripts/PropertyQuery/PropertyQuery.aspx?STRAP=36-45-23-03-0000B.0030,,www.lee.realtaxdeed.com,2026-10-07T10:34:39+00:00
lee,12/01/2026,10:00 AM ET,01-44-26-10-00107.0010,2026000649,24-13091,,"2511 69TH ST W, LEHIGH ACRES, FL- 33971",,,2331.19,,12/01/2026 10:00 AM ET,TAXDEED,https://www.lee.realtaxdeed.com/index.cfm?zaction=auction&zmethod=details&AID=1522019&bypassPage=1,http://www.leepa.org/Scripts/PropertyQuery/PropertyQuery.aspx?STRAP=01-44-26-10-00107.0010,,www.lee.realtaxdeed.com,2026-10-07T10:35:12+00:00
lee,12/01/2026,10:00 AM ET,01-44-27-L1-11044.0170,2026000594,24-17510,,"2309 MOORE AVE, ALVA, FL- 33920",,,17705.96,,12/01/2026 10:00 AM ET,TAXDEED,https://www.lee.realtaxdeed.com/index.cfm?zaction=auction&zmethod=details&AID=1521990&bypassPage=1,http://www.leepa.org/Scripts/PropertyQuery/PropertyQuery.aspx?STRAP=01-44-27-L1-11044.0170,,www.lee.realtaxdeed.com,2026-10-07T10:35:12+00:00
lee,12/01/2026,10:00 AM ET,01-46-23-02-00000.1060,2026000666,24-04997,,"106 MAPLE LN, FORT MYERS, FL- 33908",,,3287.73,,12/01/2026 10:00 AM ET,TAXDEED,https://www.lee.realtaxdeed.com/index.cfm?zaction=auction&zmethod=details&AID=1522026&bypassPage=1,http://www.leepa.org/Scripts/PropertyQuery/PropertyQuery.aspx?STRAP=01-46-23-02-00000.1060,,www.lee.realtaxdeed.com,2026-10-07T10:35:12+00:00
lee,12/01/2026,10:00 AM ET,02-44-23-C3-02673.0120,2026000809,24-02568,,"210 NW 9TH TER, CAPE CORAL, FL- 33993",,,4424.78,,12/01/2026 10:00 AM ET,TAXDEED,https://www.lee.realtaxdeed.com/index.cfm?zaction=auction&zmethod=details&AID=1521515&bypassPage=1,http://www.leepa.org/Scripts/PropertyQuery/PropertyQuery.aspx?STRAP=02-44-23-C3-02673.0120,,www.lee.realtaxdeed.com,2026-10-07T10:35:13+00:00
lee,12/01/2026,10:00 AM ET,02-44-23-C4-02628.0590,2026000810,24-02585,,"944 NW 7TH PL, CAPE CORAL, FL- 33993",,,3938.38,,12/01/2026 10:00 AM ET,TAXDEED,https://www.lee.realtaxdeed.com/index.cfm?zaction=auction&zmethod=details&AID=1521516&bypassPage=1,http://www.leepa.org/Scripts/PropertyQuery/PropertyQuery.aspx?STRAP=02-44-23-C4-02628.0590,,www.lee.realtaxdeed.com,2026-10-07T10:35:13+00:00
lee,12/01/2026,10:00 AM ET,02-44-26-08-00069.0090,2026000667,24-13246,,"3403 63RD ST W, LEHIGH ACRES, FL- 33971",,,1767.69,,12/01/2026 10:00 AM ET,TAXDEED,https://www.lee.realtaxdeed.com/index.cfm?zaction=auction&zmethod=details&AID=1522027&bypassPage=1,http://www.leepa.org/Scripts/PropertyQuery/PropertyQuery.aspx?STRAP=02-44-26-08-00069.0090,,www.lee.realtaxdeed.com,2026-10-07T10:35:12+00:00
lee,12/01/2026,10:00 AM ET,02-46-23-00-00010.0030,2026000792,24-05041,,"16885 MCGREGOR BLVD, FORT MYERS, FL- 33908",,,6211.16,,12/01/2026 10:00 AM ET,TAXDEED,https://www.lee.realtaxdeed.com/index.cfm?zaction=auction&zmethod=details&AID=1522064&bypassPage=1,http://www.leepa.org/Scripts/PropertyQuery/PropertyQuery.aspx?STRAP=02-46-23-00-00010.0030,,www.lee.realtaxdeed.com,2026-10-07T10:35:13+00:00
lee,12/01/2026,10:00 AM ET,03-44-25-01-00043.0210,2026000668,24-10019,,"4051 SABAL LN, FORT MYERS, FL- 33905",,,4926.5,,12/01/2026 10:00 AM ET,TAXDEED,https://www.lee.realtaxdeed.com/index.cfm?zaction=auction&zmethod=details&AID=1522028&bypassPage=1,http://www.leepa.org/Scripts/PropertyQuery/PropertyQuery.aspx?STRAP=03-44-25-01-00043.0210,,www.lee.realtaxdeed.com,2026-10-07T10:35:12+00:00
lee,12/01/2026,,03-44-26-02-00010.0030,2026000669,24-13351,,"3816 HYDE PARK DR, FORT MYERS, FL- 33905",,,1278.47,,Redeemed,TAXDEED,https://www.lee.realtaxdeed.com/index.cfm?zaction=auction&zmethod=details&AID=1522029&bypassPage=1,http://www.leepa.org/Scripts/PropertyQuery/PropertyQuery.aspx?STRAP=03-44-26-02-00010.0030,,www.lee.realtaxdeed.com,2026-10-07T10:35:12+00:00
lee,12/01/2026,,03-44-26-03-00012.0080,2026000599,24-13352,,"3749 KELSEY ST, FORT MYERS, FL- 33905",,,1278.47,,Redeemed,TAXDEED,https://www.lee.realtaxdeed.com/index.cfm?zaction=auction&zmethod=details&AID=1521993&bypassPage=1,http://www.leepa.org/Scripts/PropertyQuery/PropertyQuery.aspx?STRAP=03-44-26-03-00012.0080,,www.lee.realtaxdeed.com,2026-10-07T10:35:12+00:00
lee,12/01/2026,10:00 AM ET,03-44-26-06-00028.0280,2026000600,24-13383,,"3770 KEMPER ST, FORT MYERS, FL- 33905",,,2355.32,,12/01/2026 10:00 AM ET,TAXDEED,https://www.lee.realtaxdeed.com/index.cfm?zaction=auction&zmethod=details&AID=1521994&bypassPage=1,http://www.leepa.org/Scripts/PropertyQuery/PropertyQuery.aspx?STRAP=03-44-26-06-00028.0280,,www.lee.realtaxdeed.com,2026-10-07T10:35:12+00:00
lee,12/01/2026,10:00 AM ET,03-45-26-02-00014.0090,2026000598,24-16098,,"4205 22ND ST SW, LEHIGH ACRES, FL- 33976",,,2316.99,,12/01/2026 10:00 AM ET,TAXDEED,https://www.lee.realtaxdeed.com/index.cfm?zaction=auction&zmethod=details&AID=1521992&bypassPage=1,http://www.leepa.org/Scripts/PropertyQuery/PropertyQuery.aspx?STRAP=03-45-26-02-00014.0090,,www.lee.realtaxdeed.com,2026-10-07T10:35:12+00:00
lee,12/01/2026,10:00 AM ET,03-45-26-09-00088.0170,2026000659,24-16182,,"3712 19TH ST SW, LEHIGH ACRES, FL- 33976",,,2350.53,,12/01/2026 10:00 AM ET,TAXDEED,https://www.lee.realtaxdeed.com/index.cfm?zaction=auction&zmethod=details&AID=1522023&bypassPage=1,http://www.leepa.org/Scripts/PropertyQuery/PropertyQuery.aspx?STRAP=03-45-26-09-00088.0170,,www.lee.realtaxdeed.com,2026-10-07T10:35:12+00:00
lee,12/01/2026,10:00 AM ET,04-44-23-C4-03791.0320,2026000823,24-02813,,"2009 TROPICANA PKWY W, CAPE CORAL, FL- 33993",,,3816.11,,12/01/2026 10:00 AM ET,TAXDEED,https://www.lee.realtaxdeed.com/index.cfm?zaction=auction&zmethod=details&AID=1521517&bypassPage=1,http://www.leepa.org/Scripts/PropertyQuery/PropertyQuery.aspx?STRAP=04-44-23-C4-03791.0320,,www.lee.realtaxdeed.com,2026-10-07T10:35:13+00:00
lee,12/01/2026,10:00 AM ET,04-44-23-C4-03832.0130,2026000824,24-02824,,"1025 EL DORADO BLVD N, CAPE CORAL, FL- 33993",,,1723.25,,12/01/2026 10:00 AM ET,TAXDEED,https://www.lee.realtaxdeed.com/index.cfm?zaction=auction&zmethod=details&AID=1521518&bypassPage=1,http://www.leepa.org/Scripts/PropertyQuery/PropertyQuery.aspx?STRAP=04-44-23-C4-03832.0130,,www.lee.realtaxdeed.com,2026-10-07T10:35:13+00:00
lee,12/01/2026,10:00 AM ET,04-44-25-03-00009.3610,2026000825,24-10103,,"259 DELRAY AVE, FORT MYERS, FL- 33905",,,7925.43,,12/01/2026 10:00 AM ET,TAXDEED,https://www.lee.realtaxdeed.com/index.cfm?zaction=auction&zmethod=details&AID=1521519&bypassPage=1,http://www.leepa.org/Scripts/PropertyQuery/PropertyQuery.aspx?STRAP=04-44-25-03-00009.3610,,www.lee.realtaxdeed.com,2026-10-07T10:35:13+00:00
lee,12/01/2026,10:00 AM ET,05-44-22-01-00023.0390,2026000642,24-00594,,"ACCESS UNDETERMINED, BOKEELIA, FL- 33922",,,2117.41,,12/01/2026 10:00 AM ET,TAXDEED,https://www.lee.realtaxdeed.com/index.cfm?zaction=auction&zmethod=details&AID=1522014&bypassPage=1,http://www.leepa.org/Scripts/PropertyQuery/PropertyQuery.aspx?STRAP=05-44-22-01-00023.0390,,www.lee.realtaxdeed.com,2026-10-07T10:35:12+00:00
lee,12/01/2026,10:00 AM ET,05-44-23-C3-04037.0110,2026000827,24-02877,,"2462 NW 9TH TER, CAPE CORAL, FL- 33993",,,3815.88,,12/01/2026 10:00 AM ET,TAXDEED,https://www.lee.realtaxdeed.com/index.cfm?zaction=auction&zmethod=details&AID=1522838&bypassPage=1,http://www.leepa.org/Scripts/PropertyQuery/PropertyQuery.aspx?STRAP=05-44-23-C3-04037.0110,,www.lee.realtaxdeed.com,2026-10-07T10:35:13+00:00
lee,12/01/2026,10:00 AM ET,05-45-21-13-00000.0020,2026000828,24-00076,,4511 SEAIR LN,,,5781.41,,12/01/2026 10:00 AM ET,TAXDEED,https://www.lee.realtaxdeed.com/index.cfm?zaction=auction&zmethod=details&AID=1522839&bypassPage=1,http://www.leepa.org/Scripts/PropertyQuery/PropertyQuery.aspx?STRAP=05-45-21-13-00000.0020,,www.lee.realtaxdeed.com,2026-10-07T10:35:13+00:00
lee,12/01/2026,10:00 AM ET,05-45-24-C1-00577.025A,2026000592,23-06133,,"ACCESS UNDETERMINED, CAPE CORAL, FL- 33904",,,5016.77,,12/01/2026 10:00 AM ET,TAXDEED,https://www.lee.realtaxdeed.com/index.cfm?zaction=auction&zmethod=details&AID=1521989&bypassPage=1,http://www.leepa.org/Scripts/PropertyQuery/PropertyQuery.aspx?STRAP=05-45-24-C1-00577.025A,,www.lee.realtaxdeed.com,2026-10-07T10:35:12+00:00
lee,12/01/2026,10:00 AM ET,05-45-27-21-00200.0130,2026000830,24-21927,,"35 PINEWOOD BLVD, LEHIGH ACRES, FL- 33936",,,7213.16,,12/01/2026 10:00 AM ET,TAXDEED,https://www.lee.realtaxdeed.com/index.cfm?zaction=auction&zmethod=details&AID=1522840&bypassPage=1,http://www.leepa.org/Scripts/PropertyQuery/PropertyQuery.aspx?STRAP=05-45-27-21-00200.0130,,www.lee.realtaxdeed.com,2026-10-07T10:35:13+00:00
lee,12/01/2026,10:00 AM ET,06-44-23-C4-04220.0100,2026000832,24-03025,,"1037 NW 38TH AVE, CAPE CORAL, FL- 33993",,,14306.83,,12/01/2026 10:00 AM ET,TAXDEED,https://www.lee.realtaxdeed.com/index.cfm?zaction=auction&zmethod=details&AID=1522841&bypassPage=1,http://www.leepa.org/Scripts/PropertyQuery/PropertyQuery.aspx?STRAP=06-44-23-C4-04220.0100,,www.lee.realtaxdeed.com,2026-10-07T10:35:13+00:00
lee,12/01/2026,,06-45-27-L2-01005.0280,2026000835,24-21978,,"1114 NAVAJO AVE, LEHIGH ACRES, FL- 33936",,,9535.91,,Redeemed,TAXDEED,https://www.lee.realtaxdeed.com/index.cfm?zaction=auction&zmethod=details&AID=1522842&bypassPage=1,http://www.leepa.org/Scripts/PropertyQuery/PropertyQuery.aspx?STRAP=06-45-27-L2-01005.0280,,www.lee.realtaxdeed.com,2026-10-07T10:35:12+00:00
lee,12/01/2026,10:00 AM ET,06-45-27-L2-01007.0180,2026000643,24-21982,,"20 ABACO ST, LEHIGH ACRES, FL- 33936",,,5220.52,,12/01/2026 10:00 AM ET,TAXDEED,https://www.lee.realtaxdeed.com/index.cfm?zaction=auction&zmethod=details&AID=1522015&bypassPage=1,http://www.leepa.org/Scripts/PropertyQuery/PropertyQuery.aspx?STRAP=06-45-27-L2-01007.0180,,www.lee.realtaxdeed.com,2026-10-07T10:35:12+00:00
lee,12/01/2026,10:00 AM ET,06-48-26-B3-0010C.0020,2026000803,24-17074,,"12601 HUNTERS RIDGE DR, BONITA SPRINGS, FL- 34135",,,88817.9,,12/01/2026 10:00 AM ET,TAXDEED,https://www.lee.realtaxdeed.com/index.cfm?zaction=auction&zmethod=details&AID=1521739&bypassPage=1,http://www.leepa.org/Scripts/PropertyQuery/PropertyQuery.aspx?STRAP=06-48-26-B3-0010C.0020,,www.lee.realtaxdeed.com,2026-10-07T10:35:13+00:00
lee,12/01/2026,10:00 AM ET,07-44-23-C1-04143.0070,2026000836,24-03035,,"420 NW 38TH PL, CAPE CORAL, FL- 33993",,,10497.26,,12/01/2026 10:00 AM ET,TAXDEED,https://www.lee.realtaxdeed.com/index.cfm?zaction=auction&zmethod=details&AID=1522843&bypassPage=1,http://www.leepa.org/Scripts/PropertyQuery/PropertyQuery.aspx?STRAP=07-44-23-C1-04143.0070,,www.lee.realtaxdeed.com,2026-10-07T10:35:13+00:00
lee,12/01/2026,10:00 AM ET,07-44-23-C3-04130.0200,2026000839,24-03096,,"116 NW 32ND PL, CAPE CORAL, FL- 33993",,,10312.5,,12/01/2026 10:00 AM ET,TAXDEED,https://www.lee.realtaxdeed.com/index.cfm?zaction=auction&zmethod=details&AID=1522848&bypassPage=1,http://www.leepa.org/Scripts/PropertyQuery/PropertyQuery.aspx?STRAP=07-44-23-C3-04130.0200,,www.lee.realtaxdeed.com,2026-10-07T10:35:13+00:00
lee,12/01/2026,10:00 AM ET,07-44-25-P3-00400.0010,2026000841,24-10203,,"3540 EDGEWOOD AVE, FORT MYERS, FL- 33916",,,11412.14,,12/01/2026 10:00 AM ET,TAXDEED,https://www.lee.realtaxdeed.com/index.cfm?zaction=auction&zmethod=details&AID=1522849&bypassPage=1,http://www.leepa.org/Scripts/PropertyQuery/PropertyQuery.aspx?STRAP=07-44-25-P3-00400.0010,,www.lee.realtaxdeed.com,2026-10-07T10:35:13+00:00
lee,12/01/2026,10:00 AM ET,07-46-24-02-00W00.0470,2026000676,24-09261,,"11311 BOUGAINVILLEA LN, FORT MYERS BEACH, FL- 33931",,,12979.04,,12/01/2026 10:00 AM ET,TAXDEED,https://www.lee.realtaxdeed.com/index.cfm?zaction=auction&zmethod=details&AID=1522030&bypassPage=1,http://www.leepa.org/Scripts/PropertyQuery/PropertyQuery.aspx?STRAP=07-46-24-02-00W00.0470,,www.lee.realtaxdeed.com,2026-10-07T10:35:12+00:00
lee,12/01/2026,,07-46-24-17-00000.5210,2026000677,24-09285,,"17521 CANAL COVE CT, FORT MYERS BEACH, FL- 33931",,,11890.96,,Redeemed,TAXDEED,https://www.lee.realtaxdeed.com/index.cfm?zaction=auction&zmethod=details&AID=1522031&bypassPage=1,http://www.leepa.org/Scripts/PropertyQuery/PropertyQuery.aspx?STRAP=07-46-24-17-00000.5210,,www.lee.realtaxdeed.com,2026-10-07T10:35:12+00:00
lee,12/01/2026,10:00 AM ET,08-44-23-C3-03977.0300,2026000845,24-03207,,"311 NW 27TH PL, CAPE CORAL, FL- 33993",,,3915.16,,12/01/2026 10:00 AM ET,TAXDEED,https://www.lee.realtaxdeed.com/index.cfm?zaction=auction&zmethod=details&AID=1522850&bypassPage=1,http://www.leepa.org/Scripts/PropertyQuery/PropertyQuery.aspx?STRAP=08-44-23-C3-03977.0300,,www.lee.realtaxdeed.com,2026-10-07T10:35:13+00:00
lee,12/01/2026,10:00 AM ET,08-44-24-C4-01510.0250,2026000198,24-07015,,"120 NE 20TH AVE, CAPE CORAL, FL- 33909",,,3703.69,,12/01/2026 10:00 AM ET,TAXDEED,https://www.lee.realtaxdeed.com/index.cfm?zaction=auction&zmethod=details&AID=1521514&bypassPage=1,http://www.leepa.org/Scripts/PropertyQuery/PropertyQuery.aspx?STRAP=08-44-24-C4-01510.0250,,www.lee.realtaxdeed.com,2026-10-07T10:35:12+00:00
lee,12/01/2026,10:00 AM ET,09-44-23-C4-03752.0460,2026000849,24-03345,,"205 NW 24TH AVE, CAPE CORAL, FL- 33993",,,4065.54,,12/01/2026 10:00 AM ET,TAXDEED,https://www.lee.realtaxdeed.com/index.cfm?zaction=auction&zmethod=details&AID=1522851&bypassPage=1,http://www.leepa.org/Scripts/PropertyQuery/PropertyQuery.aspx?STRAP=09-44-23-C4-03752.0460,,www.lee.realtaxdeed.com,2026-10-07T10:35:13+00:00
lee,12/01/2026,10:00 AM ET,09-44-24-06-00000.0370,2026000640,24-07044,,"4930 ORANGE GROVE BLVD, NORTH FORT MYERS, FL- 33903",,,17430.0,,12/01/2026 10:00 AM ET,TAXDEED,https://www.lee.realtaxdeed.com/index.cfm?zaction=auction&zmethod=details&AID=1522013&bypassPage=1,http://www.leepa.org/Scripts/PropertyQuery/PropertyQuery.aspx?STRAP=09-44-24-06-00000.0370,,www.lee.realtaxdeed.com,2026-10-07T10:35:12+00:00
lee,12/01/2026,10:00 AM ET,09-45-21-01-00000.0480,2026000851,24-00104,,"11649 FOSTER BAY DR, CAPTIVA, FL- 33924",,,6197.7,,12/01/2026 10:00 AM ET,TAXDEED,https://www.lee.realtaxdeed.com/index.cfm?zaction=auction&zmethod=details&AID=1522852&bypassPage=1,http://www.leepa.org/Scripts/PropertyQuery/PropertyQuery.aspx?STRAP=09-45-21-01-00000.0480,,www.lee.realtaxdeed.com,2026-10-07T10:35:13+00:00
lee,12/01/2026,10:00 AM ET,09-45-25-P3-00200.5010,2026000852,24-11290,,"11714 ADONCIA WAY 5010, FORT MYERS, FL- 33912",,,106237.22,,12/01/2026 10:00 AM ET,TAXDEED,https://www.lee.realtaxdeed.com/index.cfm?zaction=auction&zmethod=details&AID=1522853&bypassPage=1,http://www.leepa.org/Scripts/PropertyQuery/PropertyQuery.aspx?STRAP=09-45-25-P3-00200.5010,,www.lee.realtaxdeed.com,2026-10-07T10:35:13+00:00
lee,12/01/2026,10:00 AM ET,09-46-23-07-00000.0466,2026000681,24-05101,,"15051 PUNTA RASSA RD 466, FORT MYERS, FL- 33908",,,2728.95,,12/01/2026 10:00 AM ET,TAXDEED,https://www.lee.realtaxdeed.com/index.cfm?zaction=auction&zmethod=details&AID=1522032&bypassPage=1,http://www.leepa.org/Scripts/PropertyQuery/PropertyQuery.aspx?STRAP=09-46-23-07-00000.0466,,www.lee.realtaxdeed.com,2026-10-07T10:35:12+00:00
lee,12/01/2026,10:00 AM ET,10-43-25-00-00013.0160,2026000684,24-09739,,"19351 NALLE RD, NORTH FORT MYERS, FL- 33917",,,5683.36,,12/01/2026 10:00 AM ET,TAXDEED,https://www.lee.realtaxdeed.com/index.cfm?zaction=auction&zmethod=details&AID=1522033&bypassPage=1,http://www.leepa.org/Scripts/PropertyQuery/PropertyQuery.aspx?STRAP=10-43-25-00-00013.0160,,www.lee.realtaxdeed.com,2026-10-07T10:35:12+00:00
lee,12/01/2026,10:00 AM ET,11-44-24-01-000J0.0440,2026000687,24-07121,,"1130 RIVER RD, NORTH FORT MYERS, FL- 33903",,,8497.47,,12/01/2026 10:00 AM ET,TAXDEED,https://www.lee.realtaxdeed.com/index.cfm?zaction=auction&zmethod=details&AID=1522034&bypassPage=1,http://www.leepa.org/Scripts/PropertyQuery/PropertyQuery.aspx?STRAP=11-44-24-01-000J0.0440,,www.lee.realtaxdeed.com,2026-10-07T10:35:12+00:00
lee,12/01/2026,10:00 AM ET,11-44-26-02-00016.0180,2026000602,24-13532,,"3516 57TH ST W, LEHIGH ACRES, FL- 33971",,,2285.03,,12/01/2026 10:00 AM ET,TAXDEED,https://www.lee.realtaxdeed.com/index.cfm?zaction=auction&zmethod=details&AID=1521995&bypassPage=1,http://www.leepa.org/Scripts/PropertyQuery/PropertyQuery.aspx?STRAP=11-44-26-02-00016.0180,,www.lee.realtaxdeed.com,2026-10-07T10:35:12+00:00
lee,12/01/2026,10:00 AM ET,12-44-23-C3-03602.0110,2026000689,24-03516,,"123 NE 5TH AVE, CAPE CORAL, FL- 33909",,,13058.04,,12/01/2026 10:00 AM ET,TAXDEED,https://www.lee.realtaxdeed.com/index.cfm?zaction=auction&zmethod=details&AID=1522035&bypassPage=1,http://www.leepa.org/Scripts/PropertyQuery/PropertyQuery.aspx?STRAP=12-44-23-C3-03602.0110,,www.lee.realtaxdeed.com,2026-10-07T10:35:12+00:00
lee,12/01/2026,10:00 AM ET,12-44-26-07-00064.0020,2026000662,24-13750,,"5203 GENE AVE N, LEHIGH ACRES, FL- 33971",,,2186.39,,12/01/2026 10:00 AM ET,TAXDEED,https://www.lee.realtaxdeed.com/index.cfm?zaction=auction&zmethod=details&AID=1522024&bypassPage=1,http://www.leepa.org/Scripts/PropertyQuery/PropertyQuery.aspx?STRAP=12-44-26-07-00064.0020,,www.lee.realtaxdeed.com,2026-10-07T10:35:12+00:00
lee,12/01/2026,10:00 AM ET,12-44-27-07-00027.001A,2026000603,24-19175,,"3700 E 19TH ST, LEHIGH ACRES, FL- 33972",,,2121.86,,12/01/2026 10:00 AM ET,TAXDEED,https://www.lee.realtaxdeed.com/index.cfm?zaction=auction&zmethod=details&AID=1521996&bypassPage=1,http://www.leepa.org/Scripts/PropertyQuery/PropertyQuery.aspx?STRAP=12-44-27-07-00027.001A,,www.lee.realtaxdeed.com,2026-10-07T10:35:12+00:00
lee,12/01/2026,10:00 AM ET,13-45-26-02-00020.0080,2026000632,24-16790,,"2805 50TH ST SW, LEHIGH ACRES, FL- 33976",,,160188.37,,12/01/2026 10:00 AM ET,TAXDEED,https://www.lee.realtaxdeed.com/index.cfm?zaction=auction&zmethod=details&AID=1522008&bypassPage=1,http://www.leepa.org/Scripts/PropertyQuery/PropertyQuery.aspx?STRAP=13-45-26-02-00020.0080,,www.lee.realtaxdeed.com,2026-10-07T10:35:12+00:00
lee,12/01/2026,,13-46-27-00-00013.0000,2026000692,24-25462,,"17130 KATYDID LN, FORT MYERS, FL- 33913",,,3546.24,,Redeemed,TAXDEED,https://www.lee.realtaxdeed.com/index.cfm?zaction=auction&zmethod=details&AID=1522036&bypassPage=1,http://www.leepa.org/Scripts/PropertyQuery/PropertyQuery.aspx?STRAP=13-46-27-00-00013.0000,,www.lee.realtaxdeed.com,2026-10-07T10:35:12+00:00
lee,12/01/2026,10:00 AM ET,14-43-25-00-00008.0400,2026000694,24-09768,,"18460 ACE RD, NORTH FORT MYERS, FL- 33917",,,5935.93,,12/01/2026 10:00 AM ET,TAXDEED,https://www.lee.realtaxdeed.com/index.cfm?zaction=auction&zmethod=details&AID=1522037&bypassPage=1,http://www.leepa.org/Scripts/PropertyQuery/PropertyQuery.aspx?STRAP=14-43-25-00-00008.0400,,www.lee.realtaxdeed.com,2026-10-07T10:35:12+00:00
lee,12/01/2026,10:00 AM ET,14-44-27-04-00016.0060,2026000633,24-19428,,"1312 COLUMBUS AVE, LEHIGH ACRES, FL- 33972",,,2495.26,,12/01/2026 10:00 AM ET,TAXDEED,https://www.lee.realtaxdeed.com/index.cfm?zaction=auction&zmethod=details&AID=1522009&bypassPage=1,http://www.leepa.org/Scripts/PropertyQuery/PropertyQuery.aspx?STRAP=14-44-27-04-00016.0060,,www.lee.realtaxdeed.com,2026-10-07T10:35:12+00:00
lee,12/01/2026,10:00 AM ET,14-44-27-04-00016.0070,2026000634,24-19429,,"1310 COLUMBUS AVE, LEHIGH ACRES, FL- 33972",,,2495.26,,12/01/2026 10:00 AM ET,TAXDEED,https://www.lee.realtaxdeed.com/index.cfm?zaction=auction&zmethod=details&AID=1522010&bypassPage=1,http://www.leepa.org/Scripts/PropertyQuery/PropertyQuery.aspx?STRAP=14-44-27-04-00016.0070,,www.lee.realtaxdeed.com,2026-10-07T10:35:12+00:00
lee,12/01/2026,10:00 AM ET,15-44-27-11-00041.0140,2026000635,24-19584,,"1503 MICHAEL AVE, LEHIGH ACRES, FL- 33972",,,2821.76,,12/01/2026 10:00 AM ET,TAXDEED,https://www.lee.realtaxdeed.com/index.cfm?zaction=auction&zmethod=details&AID=1522011&bypassPage=1,http://www.leepa.org/Scripts/PropertyQuery/PropertyQuery.aspx?STRAP=15-44-27-11-00041.0140,,www.lee.realtaxdeed.com,2026-10-07T10:35:12+00:00
lee,12/01/2026,10:00 AM ET,15-44-27-11-00044.013B,2026000607,24-19595,,"1607 E 15TH ST, LEHIGH ACRES, FL- 33972",,,2240.79,,12/01/2026 10:00 AM ET,TAXDEED,https://www.lee.realtaxdeed.com/index.cfm?zaction=auction&zmethod=details&AID=1521997&bypassPage=1,http://www.leepa.org/Scripts/PropertyQuery/PropertyQuery.aspx?STRAP=15-44-27-11-00044.013B,,www.lee.realtaxdeed.com,2026-10-07T10:35:12+00:00
lee,12/01/2026,10:00 AM ET,16-44-24-06-00000.0650,2026000696,24-07247,,"4587 TENNYSON DR, NORTH FORT MYERS, FL- 33903",,,12346.21,,12/01/2026 10:00 AM ET,TAXDEED,https://www.lee.realtaxdeed.com/index.cfm?zaction=auction&zmethod=details&AID=1522038&bypassPage=1,http://www.leepa.org/Scripts/PropertyQuery/PropertyQuery.aspx?STRAP=16-44-24-06-00000.0650,,www.lee.realtaxdeed.com,2026-10-07T10:35:12+00:00
lee,12/01/2026,10:00 AM ET,16-44-26-08-00027.0140,2026000614,24-14126,,"14221 CALLAN ST, FORT MYERS, FL- 33905",,,2056.68,,12/01/2026 10:00 AM ET,TAXDEED,https://www.lee.realtaxdeed.com/index.cfm?zaction=auction&zmethod=details&AID=1522001&bypassPage=1,http://www.leepa.org/Scripts/PropertyQuery/PropertyQuery.aspx?STRAP=16-44-26-08-00027.0140,,www.lee.realtaxdeed.com,2026-10-07T10:35:12+00:00
lee,12/01/2026,10:00 AM ET,17-43-24-C1-05818.0100,2026000698,24-05319,,"4316 NE 21ST AVE, CAPE CORAL, FL- 33909",,,4849.2,,12/01/2026 10:00 AM ET,TAXDEED,https://www.lee.realtaxdeed.com/index.cfm?zaction=auction&zmethod=details&AID=1522039&bypassPage=1,http://www.leepa.org/Scripts/PropertyQuery/PropertyQuery.aspx?STRAP=17-43-24-C1-05818.0100,,www.lee.realtaxdeed.com,2026-10-07T10:35:12+00:00
lee,12/01/2026,10:00 AM ET,17-44-24-C1-01329.0010,2026000700,24-07281,,"219 SE 19TH CT, CAPE CORAL, FL- 33990",,,20926.37,,12/01/2026 10:00 AM ET,TAXDEED,https://www.lee.realtaxdeed.com/index.cfm?zaction=auction&zmethod=details&AID=1522040&bypassPage=1,http://www.leepa.org/Scripts/PropertyQuery/PropertyQuery.aspx?STRAP=17-44-24-C1-01329.0010,,www.lee.realtaxdeed.com,2026-10-07T10:35:12+00:00
lee,12/01/2026,,17-44-24-C2-01354.0600,2026000795,24-07290,,"122 SE 21ST PL, CAPE CORAL, FL- 33990",,,84256.82,,Redeemed,TAXDEED,https://www.lee.realtaxdeed.com/index.cfm?zaction=auction&zmethod=details&AID=1522065&bypassPage=1,http://www.leepa.org/Scripts/PropertyQuery/PropertyQuery.aspx?STRAP=17-44-24-C2-01354.0600,,www.lee.realtaxdeed.com,2026-10-07T10:35:12+00:00
lee,12/01/2026,10:00 AM ET,17-44-25-P1-0190F.0100,2026000663,24-10626,,"1503 DIEGO ST, FORT MYERS, FL- 33916",,,2075.84,,12/01/2026 10:00 AM ET,TAXDEED,https://www.lee.realtaxdeed.com/index.cfm?zaction=auction&zmethod=details&AID=1522025&bypassPage=1,http://www.leepa.org/Scripts/PropertyQuery/PropertyQuery.aspx?STRAP=17-44-25-P1-0190F.0100,,www.lee.realtaxdeed.com,2026-10-07T10:35:12+00:00
lee,12/01/2026,10:00 AM ET,17-45-24-02-00008.0000,2026000702,24-08593,,"BOAT SLIP, FORT MYERS, FL- 33919",,,2776.1,,12/01/2026 10:00 AM ET,TAXDEED,https://www.lee.realtaxdeed.com/index.cfm?zaction=auction&zmethod=details&AID=1522041&bypassPage=1,http://www.leepa.org/Scripts/PropertyQuery/PropertyQuery.aspx?STRAP=17-45-24-02-00008.0000,,www.lee.realtaxdeed.com,2026-10-07T10:35:12+00:00
lee,12/01/2026,10:00 AM ET,18-44-27-09-00036.0180,2026000637,24-19913,,"1411 WILLIAMS AVE, LEHIGH ACRES, FL- 33972",,,2698.4,,12/01/2026 10:00 AM ET,TAXDEED,https://www.lee.realtaxdeed.com/index.cfm?zaction=auction&zmethod=details&AID=1522012&bypassPage=1,http://www.leepa.org/Scripts/PropertyQuery/PropertyQuery.aspx?STRAP=18-44-27-09-00036.0180,,www.lee.realtaxdeed.com,2026-10-07T10:35:12+00:00
lee,12/01/2026,,18-46-25-01-00000.1390,2026000703,24-11736,,"139 LEXINGTON AVE, FORT MYERS, FL- 33908",,,1833.2,,Redeemed,TAXDEED,https://www.lee.realtaxdeed.com/index.cfm?zaction=auction&zmethod=details&AID=1522042&bypassPage=1,http://www.leepa.org/Scripts/PropertyQuery/PropertyQuery.aspx?STRAP=18-46-25-01-00000.1390,,www.lee.realtaxdeed.com,2026-10-07T10:35:12+00:00
lee,12/01/2026,10:00 AM ET,19-43-24-C2-05589.0070,2026000704,24-05540,,"3521 NE 12TH AVE, CAPE CORAL, FL- 33909",,,3742.14,,12/01/2026 10:00 AM ET,TAXDEED,https://www.lee.realtaxdeed.com/index.cfm?zaction=auction&zmethod=details&AID=1522043&bypassPage=1,http://www.leepa.org/Scripts/PropertyQuery/PropertyQuery.aspx?STRAP=19-43-24-C2-05589.0070,,www.lee.realtaxdeed.com,2026-10-07T10:35:12+00:00
lee,12/01/2026,10:00 AM ET,19-44-25-P1-00202.0010,2026000705,24-10801,,"2005 PRINCE ST, FORT MYERS, FL- 33916",,,2274.8,,12/01/2026 10:00 AM ET,TAXDEED,https://www.lee.realtaxdeed.com/index.cfm?zaction=auction&zmethod=details&AID=1522044&bypassPage=1,http://www.leepa.org/Scripts/PropertyQuery/PropertyQuery.aspx?STRAP=19-44-25-P1-00202.0010,,www.lee.realtaxdeed.com,2026-10-07T10:35:13+00:00
lee,12/01/2026,10:00 AM ET,19-44-25-P1-00212.0010,2026000706,24-10820,,"2902 PRICE AVE, FORT MYERS, FL- 33916",,,2371.39,,12/01/2026 10:00 AM ET,TAXDEED,https://www.lee.realtaxdeed.com/index.cfm?zaction=auction&zmethod=details&AID=1522045&bypassPage=1,http://www.leepa.org/Scripts/PropertyQuery/PropertyQuery.aspx?STRAP=19-44-25-P1-00212.0010,,www.lee.realtaxdeed.com,2026-10-07T10:35:13+00:00
lee,12/01/2026,10:00 AM ET,19-44-25-P1-00317.0020,2026000595,24-10874,,"2942 LAFAYETTE ST, FORT MYERS, FL- 33916",,,9264.76,,12/01/2026 10:00 AM ET,TAXDEED,https://www.lee.realtaxdeed.com/index.cfm?zaction=auction&zmethod=details&AID=1521991&bypassPage=1,http://www.leepa.org/Scripts/PropertyQuery/PropertyQuery.aspx?STRAP=19-44-25-P1-00317.0020,,www.lee.realtaxdeed.com,2026-10-07T10:35:12+00:00
lee,12/01/2026,,19-44-25-P2-0050I.0120,2026000609,24-10914,,"2250 HENDERSON AVE, FORT MYERS, FL- 33916",,,1833.06,,Redeemed,TAXDEED,https://www.lee.realtaxdeed.com/index.cfm?zaction=auction&zmethod=details&AID=1521998&bypassPage=1,http://www.leepa.org/Scripts/PropertyQuery/PropertyQuery.aspx?STRAP=19-44-25-P2-0050I.0120,,www.lee.realtaxdeed.com,2026-10-07T10:35:12+00:00
lee,12/01/2026,10:00 AM ET,19-46-23-T4-0100A.0020,2026000708,24-05152,,"1477 ALBATROSS RD, SANIBEL, FL- 33957",,,28681.46,,12/01/2026 10:00 AM ET,TAXDEED,https://www.lee.realtaxdeed.com/index.cfm?zaction=auction&zmethod=details&AID=1522046&bypassPage=1,http://www.leepa.org/Scripts/PropertyQuery/PropertyQuery.aspx?STRAP=19-46-23-T4-0100A.0020,,www.lee.realtaxdeed.com,2026-10-07T10:35:13+00:00
lee,12/01/2026,10:00 AM ET,20-44-26-01-00005.0140,2026000619,24-14181,,"5422 BENTON ST, LEHIGH ACRES, FL- 33971",,,2753.44,,12/01/2026 10:00 AM ET,TAXDEED,https://www.lee.realtaxdeed.com/index.cfm?zaction=auction&zmethod=details&AID=1522003&bypassPage=1,http://www.leepa.org/Scripts/PropertyQuery/PropertyQuery.aspx?STRAP=20-44-26-01-00005.0140,,www.lee.realtaxdeed.com,2026-10-07T10:35:12+00:00
lee,12/01/2026,10:00 AM ET,20-45-24-27-00000.0602,2026000711,24-08679,,"5260 S LANDINGS DR 602, FORT MYERS, FL- 33919",,,6878.64,,12/01/2026 10:00 AM ET,TAXDEED,https://www.lee.realtaxdeed.com/index.cfm?zaction=auction&zmethod=details&AID=1522047&bypassPage=1,http://www.leepa.org/Scripts/PropertyQuery/PropertyQuery.aspx?STRAP=20-45-24-27-00000.0602,,www.lee.realtaxdeed.com,2026-10-07T10:35:13+00:00
lee,12/01/2026,,20-45-25-18-00012.1225,2026000712,24-11409,,"13575 EAGLE RIDGE DR 1225, FORT MYERS, FL- 33912",,,7151.19,,Redeemed,TAXDEED,https://www.lee.realtaxdeed.com/index.cfm?zaction=auction&zmethod=details&AID=1522048&bypassPage=1,http://www.leepa.org/Scripts/PropertyQuery/PropertyQuery.aspx?STRAP=20-45-25-18-00012.1225,,www.lee.realtaxdeed.com,2026-10-07T10:35:12+00:00
lee,12/01/2026,10:00 AM ET,21-44-27-05-00017.012B,2026000612,24-20182,,"703 E 9TH ST, LEHIGH ACRES, FL- 33972",,,2244.79,,12/01/2026 10:00 AM ET,TAXDEED,https://www.lee.realtaxdeed.com/index.cfm?zaction=auction&zmethod=details&AID=1521999&bypassPage=1,http://www.leepa.org/Scripts/PropertyQuery/PropertyQuery.aspx?STRAP=21-44-27-05-00017.012B,,www.lee.realtaxdeed.com,2026-10-07T10:35:12+00:00
lee,12/01/2026,10:00 AM ET,21-45-24-32-00000.8060,2026000715,24-08716,,"9350 LENNEX LN 806, FORT MYERS, FL- 33919",,,6864.11,,12/01/2026 10:00 AM ET,TAXDEED,https://www.lee.realtaxdeed.com/index.cfm?zaction=auction&zmethod=details&AID=1522049&bypassPage=1,http://www.leepa.org/Scripts/PropertyQuery/PropertyQuery.aspx?STRAP=21-45-24-32-00000.8060,,www.lee.realtaxdeed.com,2026-10-07T10:35:13+00:00
lee,12/01/2026,10:00 AM ET,21-45-27-08-00042.0120,2026000716,24-23798,,"638 RAINTREE ST E, LEHIGH ACRES, FL- 33974",,,2170.92,,12/01/2026 10:00 AM ET,TAXDEED,https://www.lee.realtaxdeed.com/index.cfm?zaction=auction&zmethod=details&AID=1522050&bypassPage=1,http://www.leepa.org/Scripts/PropertyQuery/PropertyQuery.aspx?STRAP=21-45-27-08-00042.0120,,www.lee.realtaxdeed.com,2026-10-07T10:35:13+00:00
lee,12/01/2026,10:00 AM ET,21-45-27-11-00063.0060,2026000613,24-23808,,"769 WORTH AVE S, LEHIGH ACRES, FL- 33974",,,2261.15,,12/01/2026 10:00 AM ET,TAXDEED,https://www.lee.realtaxdeed.com/index.cfm?zaction=auction&zmethod=details&AID=1522000&bypassPage=1,http://www.leepa.org/Scripts/PropertyQuery/PropertyQuery.aspx?STRAP=21-45-27-11-00063.0060,,www.lee.realtaxdeed.com,2026-10-07T10:35:12+00:00
lee,12/01/2026,10:00 AM ET,21-45-27-11-00068.0060,2026000621,24-23816,,"622 KELLER ST E, LEHIGH ACRES, FL- 33974",,,2291.61,,12/01/2026 10:00 AM ET,TAXDEED,https://www.lee.realtaxdeed.com/index.cfm?zaction=auction&zmethod=details&AID=1522004&bypassPage=1,http://www.leepa.org/Scripts/PropertyQuery/PropertyQuery.aspx?STRAP=21-45-27-11-00068.0060,,www.lee.realtaxdeed.com,2026-10-07T10:35:12+00:00
lee,12/01/2026,10:00 AM ET,22-44-27-05-00017.013A,2026000622,24-20278,,"1707 E 9TH ST, LEHIGH ACRES, FL- 33972",,,1680.84,,12/01/2026 10:00 AM ET,TAXDEED,https://www.lee.realtaxdeed.com/index.cfm?zaction=auction&zmethod=details&AID=1522005&bypassPage=1,http://www.leepa.org/Scripts/PropertyQuery/PropertyQuery.aspx?STRAP=22-44-27-05-00017.013A,,www.lee.realtaxdeed.com,2026-10-07T10:35:12+00:00
lee,12/01/2026,10:00 AM ET,22-44-27-11-00037.0100,2026000617,24-20306,,"1104 SHELDON AVE, LEHIGH ACRES, FL- 33936",,,2617.88,,12/01/2026 10:00 AM ET,TAXDEED,https://www.lee.realtaxdeed.com/index.cfm?zaction=auction&zmethod=details&AID=1522002&bypassPage=1,http://www.leepa.org/Scripts/PropertyQuery/PropertyQuery.aspx?STRAP=22-44-27-11-00037.0100,,www.lee.realtaxdeed.com,2026-10-07T10:35:12+00:00
lee,12/01/2026,10:00 AM ET,23-44-27-02-00006.0100,2026000624,24-20334,,"804 MCARTHUR AVE, LEHIGH ACRES, FL- 33936",,,2487.43,,12/01/2026 10:00 AM ET,TAXDEED,https://www.lee.realtaxdeed.com/index.cfm?zaction=auction&zmethod=details&AID=1522006&bypassPage=1,http://www.leepa.org/Scripts/PropertyQuery/PropertyQuery.aspx?STRAP=23-44-27-02-00006.0100,,www.lee.realtaxdeed.com,2026-10-07T10:35:12+00:00
lee,12/01/2026,10:00 AM ET,24-44-27-12-00045.0240,2026000724,24-20549,,"1123 SCOTT AVE, LEHIGH ACRES, FL- 33972",,,2619.56,,12/01/2026 10:00 AM ET,TAXDEED,https://www.lee.realtaxdeed.com/index.cfm?zaction=auction&zmethod=details&AID=1522051&bypassPage=1,http://www.leepa.org/Scripts/PropertyQuery/PropertyQuery.aspx?STRAP=24-44-27-12-00045.0240,,www.lee.realtaxdeed.com,2026-10-07T10:35:13+00:00
lee,12/01/2026,10:00 AM ET,24-44-27-12-00048.0020,2026000644,24-20559,,"1120 WELLINGTON AVE, LEHIGH ACRES, FL- 33972",,,2499.29,,12/01/2026 10:00 AM ET,TAXDEED,https://www.lee.realtaxdeed.com/index.cfm?zaction=auction&zmethod=details&AID=1522016&bypassPage=1,http://www.leepa.org/Scripts/PropertyQuery/PropertyQuery.aspx?STRAP=24-44-27-12-00048.0020,,www.lee.realtaxdeed.com,2026-10-07T10:35:12+00:00
lee,12/01/2026,10:00 AM ET,24-47-24-B4-0340E.2050,2026000725,24-09668,,"25810 HICKORY BLVD 205, BONITA SPRINGS, FL- 34134",,,117911.31,,12/01/2026 10:00 AM ET,TAXDEED,https://www.lee.realtaxdeed.com/index.cfm?zaction=auction&zmethod=details&AID=1522052&bypassPage=1,http://www.leepa.org/Scripts/PropertyQuery/PropertyQuery.aspx?STRAP=24-47-24-B4-0340E.2050,,www.lee.realtaxdeed.com,2026-10-07T10:35:13+00:00
lee,12/01/2026,10:00 AM ET,25-43-22-C4-05192.0110,2026000728,24-00451,,"2721 NW 46TH AVE, CAPE CORAL, FL- 33993",,,5140.48,,12/01/2026 10:00 AM ET,TAXDEED,https://www.lee.realtaxdeed.com/index.cfm?zaction=auction&zmethod=details&AID=1522053&bypassPage=1,http://www.leepa.org/Scripts/PropertyQuery/PropertyQuery.aspx?STRAP=25-43-22-C4-05192.0110,,www.lee.realtaxdeed.com,2026-10-07T10:35:13+00:00
lee,12/01/2026,10:00 AM ET,25-44-24-01-00018.0000,2026000654,24-07603,,"3089 BROADWAY, FORT MYERS, FL- 33901",,,2909.08,,12/01/2026 10:00 AM ET,TAXDEED,https://www.lee.realtaxdeed.com/index.cfm?zaction=auction&zmethod=details&AID=1522020&bypassPage=1,http://www.leepa.org/Scripts/PropertyQuery/PropertyQuery.aspx?STRAP=25-44-24-01-00018.0000,,www.lee.realtaxdeed.com,2026-10-07T10:35:12+00:00
lee,12/01/2026,10:00 AM ET,25-44-27-06-00024.0120,2026000655,24-20627,,"500 WELLINGTON AVE, LEHIGH ACRES, FL- 33972",,,2589.22,,12/01/2026 10:00 AM ET,TAXDEED,https://www.lee.realtaxdeed.com/index.cfm?zaction=auction&zmethod=details&AID=1522021&bypassPage=1,http://www.leepa.org/Scripts/PropertyQuery/PropertyQuery.aspx?STRAP=25-44-27-06-00024.0120,,www.lee.realtaxdeed.com,2026-10-07T10:35:12+00:00
lee,12/01/2026,10:00 AM ET,26-43-24-01-00007.0000,2026000733,24-06023,,"2729 GARDEN ST, NORTH FORT MYERS, FL- 33917",,,3597.41,,12/01/2026 10:00 AM ET,TAXDEED,https://www.lee.realtaxdeed.com/index.cfm?zaction=auction&zmethod=details&AID=1522054&bypassPage=1,http://www.leepa.org/Scripts/PropertyQuery/PropertyQuery.aspx?STRAP=26-43-24-01-00007.0000,,www.lee.realtaxdeed.com,2026-10-07T10:35:13+00:00
lee,12/01/2026,10:00 AM ET,26-43-24-03-00054.0030,2026000734,24-06037,,"7875 GAGE WAY, NORTH FORT MYERS, FL- 33917",,,11154.23,,12/01/2026 10:00 AM ET,TAXDEED,https://www.lee.realtaxdeed.com/index.cfm?zaction=auction&zmethod=details&AID=1522055&bypassPage=1,http://www.leepa.org/Scripts/PropertyQuery/PropertyQuery.aspx?STRAP=26-43-24-03-00054.0030,,www.lee.realtaxdeed.com,2026-10-07T10:35:13+00:00
lee,12/01/2026,10:00 AM ET,26-43-24-05-00000.2320,2026000735,24-06054,,"915 RAINBOW LN, NORTH FORT MYERS, FL- 33917",,,6233.45,,12/01/2026 10:00 AM ET,TAXDEED,https://www.lee.realtaxdeed.com/index.cfm?zaction=auction&zmethod=details&AID=1522056&bypassPage=1,http://www.leepa.org/Scripts/PropertyQuery/PropertyQuery.aspx?STRAP=26-43-24-05-00000.2320,,www.lee.realtaxdeed.com,2026-10-07T10:35:13+00:00
lee,12/01/2026,10:00 AM ET,27-43-24-02-00007.0030,2026000645,24-06075,,"3404 CELESTIAL WAY, NORTH FORT MYERS, FL- 33903",,,5672.8,,12/01/2026 10:00 AM ET,TAXDEED,https://www.lee.realtaxdeed.com/index.cfm?zaction=auction&zmethod=details&AID=1522017&bypassPage=1,http://www.leepa.org/Scripts/PropertyQuery/PropertyQuery.aspx?STRAP=27-43-24-02-00007.0030,,www.lee.realtaxdeed.com,2026-10-07T10:35:12+00:00
lee,12/01/2026,10:00 AM ET,28-43-23-C3-05079.0120,2026000787,24-01654,,"2532 NW 18TH PL, CAPE CORAL, FL- 33993",,,7288.59,,12/01/2026 10:00 AM ET,TAXDEED,https://www.lee.realtaxdeed.com/index.cfm?zaction=auction&zmethod=details&AID=1521874&bypassPage=1,http://www.leepa.org/Scripts/PropertyQuery/PropertyQuery.aspx?STRAP=28-43-23-C3-05079.0120,,www.lee.realtaxdeed.com,2026-10-07T10:35:13+00:00
lee,12/01/2026,10:00 AM ET,28-44-22-05-000K0.0060,2026000741,24-00788,,"10865 PEATRE RD, BOKEELIA, FL- 33922",,,1444.35,,12/01/2026 10:00 AM ET,TAXDEED,https://www.lee.realtaxdeed.com/index.cfm?zaction=auction&zmethod=details&AID=1522057&bypassPage=1,http://www.leepa.org/Scripts/PropertyQuery/PropertyQuery.aspx?STRAP=28-44-22-05-000K0.0060,,www.lee.realtaxdeed.com,2026-10-07T10:35:13+00:00
lee,12/01/2026,10:00 AM ET,28-46-25-E2-060K0.0230,2026000746,24-11877,,"8676 MULLWOOD DR, ESTERO, FL- 33928",,,30737.77,,12/01/2026 10:00 AM ET,TAXDEED,https://www.lee.realtaxdeed.com/index.cfm?zaction=auction&zmethod=details&AID=1522058&bypassPage=1,http://www.leepa.org/Scripts/PropertyQuery/PropertyQuery.aspx?STRAP=28-46-25-E2-060K0.0230,,www.lee.realtaxdeed.com,2026-10-07T10:35:13+00:00
lee,12/01/2026,10:00 AM ET,29-44-24-C2-00001.0060,2026000646,24-07757,,"ACCESS UNDETERMINED, CAPE CORAL, FL- 33990",,,2839.49,,12/01/2026 10:00 AM ET,TAXDEED,https://www.lee.realtaxdeed.com/index.cfm?zaction=auction&zmethod=details&AID=1522018&bypassPage=1,http://www.leepa.org/Scripts/PropertyQuery/PropertyQuery.aspx?STRAP=29-44-24-C2-00001.0060,,www.lee.realtaxdeed.com,2026-10-07T10:35:12+00:00
lee,12/01/2026,10:00 AM ET,29-44-26-04-00029.0080,2026000747,24-15037,,"5222 4TH ST W, LEHIGH ACRES, FL- 33971",,,10647.2,,12/01/2026 10:00 AM ET,TAXDEED,https://www.lee.realtaxdeed.com/index.cfm?zaction=auction&zmethod=details&AID=1522059&bypassPage=1,http://www.leepa.org/Scripts/PropertyQuery/PropertyQuery.aspx?STRAP=29-44-26-04-00029.0080,,www.lee.realtaxdeed.com,2026-10-07T10:35:13+00:00
lee,12/01/2026,10:00 AM ET,29-45-27-L2-02003.0130,2026000749,24-25206,,"2422 MEADOW RD, LEHIGH ACRES, FL- 33974",,,4079.95,,12/01/2026 10:00 AM ET,TAXDEED,https://www.lee.realtaxdeed.com/index.cfm?zaction=auction&zmethod=details&AID=1522060&bypassPage=1,http://www.leepa.org/Scripts/PropertyQuery/PropertyQuery.aspx?STRAP=29-45-27-L2-02003.0130,,www.lee.realtaxdeed.com,2026-10-07T10:35:13+00:00
lee,12/01/2026,10:00 AM ET,29-46-25-E3-22000.F470,2026000752,24-11932,,"20561 GARDEN DR, ESTERO, FL- 33928",,,5424.52,,12/01/2026 10:00 AM ET,TAXDEED,https://www.lee.realtaxdeed.com/index.cfm?zaction=auction&zmethod=details&AID=1522061&bypassPage=1,http://www.leepa.org/Scripts/PropertyQuery/PropertyQuery.aspx?STRAP=29-46-25-E3-22000.F470,,www.lee.realtaxdeed.com,2026-10-07T10:35:13+00:00
lee,12/01/2026,10:00 AM ET,30-43-26-01-00001.0680,2026000753,24-12849,,"12368 FOURTH ST, FORT MYERS, FL- 33905",,,1799.43,,12/01/2026 10:00 AM ET,TAXDEED,https://www.lee.realtaxdeed.com/index.cfm?zaction=auction&zmethod=details&AID=1522062&bypassPage=1,http://www.leepa.org/Scripts/PropertyQuery/PropertyQuery.aspx?STRAP=30-43-26-01-00001.0680,,www.lee.realtaxdeed.com,2026-10-07T10:35:13+00:00
lee,12/01/2026,10:00 AM ET,31-43-23-C4-04287.0510,2026000657,24-01839,,"1800 NW 36TH PL, CAPE CORAL, FL- 33993",,,3488.12,,12/01/2026 10:00 AM ET,TAXDEED,https://www.lee.realtaxdeed.com/index.cfm?zaction=auction&zmethod=details&AID=1522022&bypassPage=1,http://www.leepa.org/Scripts/PropertyQuery/PropertyQuery.aspx?STRAP=31-43-23-C4-04287.0510,,www.lee.realtaxdeed.com,2026-10-07T10:35:12+00:00
lee,12/01/2026,10:00 AM ET,31-43-24-C2-02130.0350,2026000629,24-06228,,"2014 NE 13TH PL, CAPE CORAL, FL- 33909",,,14115.13,,12/01/2026 10:00 AM ET,TAXDEED,https://www.lee.realtaxdeed.com/index.cfm?zaction=auction&zmethod=details&AID=1522007&bypassPage=1,http://www.leepa.org/Scripts/PropertyQuery/PropertyQuery.aspx?STRAP=31-43-24-C2-02130.0350,,www.lee.realtaxdeed.com,2026-10-07T10:35:12+00:00
lee,12/01/2026,10:00 AM ET,31-43-24-C3-02140.0180,2026000755,24-06266,,"1722 NE 13TH PL, CAPE CORAL, FL- 33909",,,12237.0,,12/01/2026 10:00 AM ET,TAXDEED,https://www.lee.realtaxdeed.com/index.cfm?zaction=auction&zmethod=details&AID=1522063&bypassPage=1,http://www.leepa.org/Scripts/PropertyQuery/PropertyQuery.aspx?STRAP=31-43-24-C3-02140.0180,,www.lee.realtaxdeed.com,2026-10-07T10:35:13+00:00
lee,12/08/2026,10:00 AM ET,01-44-24-02-00000.0020,2026000808,24-06623,,"1421 KEUKA AVE, NORTH FORT MYERS, FL- 33917",,,11513.51,,12/08/2026 10:00 AM ET,TAXDEED,https://www.lee.realtaxdeed.com/index.cfm?zaction=auction&zmethod=details&AID=1522825&bypassPage=1,http://www.leepa.org/Scripts/PropertyQuery/PropertyQuery.aspx?STRAP=01-44-24-02-00000.0020,,www.lee.realtaxdeed.com,2026-10-07T10:35:25+00:00
lee,12/08/2026,10:00 AM ET,02-46-24-04-00000.4010,2026000814,24-09112,,"16540 HERON COACH WAY 401, FORT MYERS, FL- 33908",,,12820.55,,12/08/2026 10:00 AM ET,TAXDEED,https://www.lee.realtaxdeed.com/index.cfm?zaction=auction&zmethod=details&AID=1522826&bypassPage=1,http://www.leepa.org/Scripts/PropertyQuery/PropertyQuery.aspx?STRAP=02-46-24-04-00000.4010,,www.lee.realtaxdeed.com,2026-10-07T10:35:25+00:00
lee,12/08/2026,10:00 AM ET,03-44-23-C2-02880.0090,2026000816,24-02635,,"1130 NW 14TH ST, CAPE CORAL, FL- 33993",,,4023.06,,12/08/2026 10:00 AM ET,TAXDEED,https://www.lee.realtaxdeed.com/index.cfm?zaction=auction&zmethod=details&AID=1522835&bypassPage=1,http://www.leepa.org/Scripts/PropertyQuery/PropertyQuery.aspx?STRAP=03-44-23-C2-02880.0090,,www.lee.realtaxdeed.com,2026-10-07T10:35:25+00:00
lee,12/08/2026,10:00 AM ET,03-44-23-C3-02860.0310,2026000817,24-02678,,"1116 NW 9TH PL, CAPE CORAL, FL- 33993",,,3822.94,,12/08/2026 10:00 AM ET,TAXDEED,https://www.lee.realtaxdeed.com/index.cfm?zaction=auction&zmethod=details&AID=1522836&bypassPage=1,http://www.leepa.org/Scripts/PropertyQuery/PropertyQuery.aspx?STRAP=03-44-23-C3-02860.0310,,www.lee.realtaxdeed.com,2026-10-07T10:35:25+00:00
lee,12/08/2026,,04-46-24-17-00023.0050,2026000826,24-09129,,"9821 HEALTHPARK CIR 105, FORT MYERS, FL- 33908",,,6571.18,,Redeemed,TAXDEED,https://www.lee.realtaxdeed.com/index.cfm?zaction=auction&zmethod=details&AID=1522837&bypassPage=1,http://www.leepa.org/Scripts/PropertyQuery/PropertyQuery.aspx?STRAP=04-46-24-17-00023.0050,,www.lee.realtaxdeed.com,2026-10-07T10:35:25+00:00
lee,12/08/2026,10:00 AM ET,06-44-24-C2-02067.0480,2026000833,24-06853,,"1205 NE 15TH TER, CAPE CORAL, FL- 33909",,,13524.15,,12/08/2026 10:00 AM ET,TAXDEED,https://www.lee.realtaxdeed.com/index.cfm?zaction=auction&zmethod=details&AID=1522892&bypassPage=1,http://www.leepa.org/Scripts/PropertyQuery/PropertyQuery.aspx?STRAP=06-44-24-C2-02067.0480,,www.lee.realtaxdeed.com,2026-10-07T10:35:25+00:00
lee,12/08/2026,10:00 AM ET,09-45-25-P4-00200.1204,2026000853,24-11299,,"11990 ADONCIA WAY 1204, FORT MYERS, FL- 33912",,,31610.57,,12/08/2026 10:00 AM ET,TAXDEED,https://www.lee.realtaxdeed.com/index.cfm?zaction=auction&zmethod=details&AID=1522854&bypassPage=1,http://www.leepa.org/Scripts/PropertyQuery/PropertyQuery.aspx?STRAP=09-45-25-P4-00200.1204,,www.lee.realtaxdeed.com,2026-10-07T10:35:25+00:00
lee,12/08/2026,,09-47-25-E4-33007.0103,2026000854,24-12094,,"23560 WALDEN CENTER DR 103, ESTERO, FL- 34134",,,9519.31,,Redeemed,TAXDEED,https://www.lee.realtaxdeed.com/index.cfm?zaction=auction&zmethod=details&AID=1522855&bypassPage=1,http://www.leepa.org/Scripts/PropertyQuery/PropertyQuery.aspx?STRAP=09-47-25-E4-33007.0103,,www.lee.realtaxdeed.com,2026-10-07T10:35:25+00:00
lee,12/08/2026,10:00 AM ET,10-44-24-14-0000B.0060,2026000855,24-07096,,"3454 HANCOCK BRIDGE PKWY B6, NORTH FORT MYERS, FL- 33903",,,7091.89,,12/08/2026 10:00 AM ET,TAXDEED,https://www.lee.realtaxdeed.com/index.cfm?zaction=auction&zmethod=details&AID=1522856&bypassPage=1,http://www.leepa.org/Scripts/PropertyQuery/PropertyQuery.aspx?STRAP=10-44-24-14-0000B.0060,,www.lee.realtaxdeed.com,2026-10-07T10:35:25+00:00
lee,12/08/2026,10:00 AM ET,11-44-24-01-0000C.0690,2026000858,24-07113,,"1112/1114 3RD WAY, NORTH FORT MYERS, FL- 33903",,,4349.0,,12/08/2026 10:00 AM ET,TAXDEED,https://www.lee.realtaxdeed.com/index.cfm?zaction=auction&zmethod=details&AID=1522859&bypassPage=1,http://www.leepa.org/Scripts/PropertyQuery/PropertyQuery.aspx?STRAP=11-44-24-01-0000C.0690,,www.lee.realtaxdeed.com,2026-10-07T10:35:25+00:00
lee,12/08/2026,10:00 AM ET,12-45-23-C1-00251.0150,2026000861,24-04641,,"4119 PALM TREE BLVD, CAPE CORAL, FL- 33904",,,21740.72,,12/08/2026 10:00 AM ET,TAXDEED,https://www.lee.realtaxdeed.com/index.cfm?zaction=auction&zmethod=details&AID=1522860&bypassPage=1,http://www.leepa.org/Scripts/PropertyQuery/PropertyQuery.aspx?STRAP=12-45-23-C1-00251.0150,,www.lee.realtaxdeed.com,2026-10-07T10:35:25+00:00
lee,12/08/2026,10:00 AM ET,12-45-27-L1-06029.0060,2026000862,24-22866,,"1146 CATENARY ST E, LEHIGH ACRES, FL- 33974",,,13497.47,,12/08/2026 10:00 AM ET,TAXDEED,https://www.lee.realtaxdeed.com/index.cfm?zaction=auction&zmethod=details&AID=1522861&bypassPage=1,http://www.leepa.org/Scripts/PropertyQuery/PropertyQuery.aspx?STRAP=12-45-27-L1-06029.0060,,www.lee.realtaxdeed.com,2026-10-07T10:35:25+00:00
lee,12/08/2026,10:00 AM ET,13-44-23-C2-01125.0370,2026000864,24-03547,,"217 SE 4TH PL, CAPE CORAL, FL- 33990",,,8706.02,,12/08/2026 10:00 AM ET,TAXDEED,https://www.lee.realtaxdeed.com/index.cfm?zaction=auction&zmethod=details&AID=1522862&bypassPage=1,http://www.leepa.org/Scripts/PropertyQuery/PropertyQuery.aspx?STRAP=13-44-23-C2-01125.0370,,www.lee.realtaxdeed.com,2026-10-07T10:35:25+00:00
lee,12/08/2026,,13-44-24-P3-00417.0030,2026000866,24-07184,,"1607 PARK AVE, FORT MYERS, FL- 33901",,,8607.96,,Redeemed,TAXDEED,https://www.lee.realtaxdeed.com/index.cfm?zaction=auction&zmethod=details&AID=1522863&bypassPage=1,http://www.leepa.org/Scripts/PropertyQuery/PropertyQuery.aspx?STRAP=13-44-24-P3-00417.0030,,www.lee.realtaxdeed.com,2026-10-07T10:35:25+00:00
lee,12/08/2026,,13-45-23-C1-00098.0760,2026000867,24-04699,,"4913 SEVILLE CT, CAPE CORAL, FL- 33904",,,290558.44,,Redeemed,TAXDEED,https://www.lee.realtaxdeed.com/index.cfm?zaction=auction&zmethod=details&AID=1522864&bypassPage=1,http://www.leepa.org/Scripts/PropertyQuery/PropertyQuery.aspx?STRAP=13-45-23-C1-00098.0760,,www.lee.realtaxdeed.com,2026-10-07T10:35:25+00:00
lee,12/08/2026,10:00 AM ET,14-44-23-C3-00100.1010,2026000868,24-03592,,"272 SW 3RD ST 101, CAPE CORAL, FL- 33991",,,6618.42,,12/08/2026 10:00 AM ET,TAXDEED,https://www.lee.realtaxdeed.com/index.cfm?zaction=auction&zmethod=details&AID=1522865&bypassPage=1,http://www.leepa.org/Scripts/PropertyQuery/PropertyQuery.aspx?STRAP=14-44-23-C3-00100.1010,,www.lee.realtaxdeed.com,2026-10-07T10:35:25+00:00
lee,12/08/2026,10:00 AM ET,14-44-23-C3-00100.1030,2026000869,24-03594,,"272 SW 3RD ST 103, CAPE CORAL, FL- 33991",,,5848.93,,12/08/2026 10:00 AM ET,TAXDEED,https://www.lee.realtaxdeed.com/index.cfm?zaction=auction&zmethod=details&AID=1522866&bypassPage=1,http://www.leepa.org/Scripts/PropertyQuery/PropertyQuery.aspx?STRAP=14-44-23-C3-00100.1030,,www.lee.realtaxdeed.com,2026-10-07T10:35:25+00:00
lee,12/08/2026,10:00 AM ET,14-44-23-C3-00100.1080,2026000870,24-03598,,"278 SW 3RD ST 108, CAPE CORAL, FL- 33991",,,5580.23,,12/08/2026 10:00 AM ET,TAXDEED,https://www.lee.realtaxdeed.com/index.cfm?zaction=auction&zmethod=details&AID=1522867&bypassPage=1,http://www.leepa.org/Scripts/PropertyQuery/PropertyQuery.aspx?STRAP=14-44-23-C3-00100.1080,,www.lee.realtaxdeed.com,2026-10-07T10:35:25+00:00
lee,12/08/2026,10:00 AM ET,16-45-24-21-00004.1148,2026000873,24-08568,,"4289 ISLAND CIR 5, FORT MYERS, FL- 33919",,,9148.59,,12/08/2026 10:00 AM ET,TAXDEED,https://www.lee.realtaxdeed.com/index.cfm?zaction=auction&zmethod=details&AID=1522868&bypassPage=1,http://www.leepa.org/Scripts/PropertyQuery/PropertyQuery.aspx?STRAP=16-45-24-21-00004.1148,,www.lee.realtaxdeed.com,2026-10-07T10:35:25+00:00
lee,12/08/2026,10:00 AM ET,17-43-24-C1-05775.0010,2026000876,24-05310,,"1911 NE 42ND ST, CAPE CORAL, FL- 33909",,,4675.43,,12/08/2026 10:00 AM ET,TAXDEED,https://www.lee.realtaxdeed.com/index.cfm?zaction=auction&zmethod=details&AID=1522883&bypassPage=1,http://www.leepa.org/Scripts/PropertyQuery/PropertyQuery.aspx?STRAP=17-43-24-C1-05775.0010,,www.lee.realtaxdeed.com,2026-10-07T10:35:25+00:00
lee,12/08/2026,10:00 AM ET,17-43-24-C1-05818.0140,2026000877,24-05320,,"4324 NE 21ST AVE, CAPE CORAL, FL- 33909",,,1774.59,,12/08/2026 10:00 AM ET,TAXDEED,https://www.lee.realtaxdeed.com/index.cfm?zaction=auction&zmethod=details&AID=1522884&bypassPage=1,http://www.leepa.org/Scripts/PropertyQuery/PropertyQuery.aspx?STRAP=17-43-24-C1-05818.0140,,www.lee.realtaxdeed.com,2026-10-07T10:35:25+00:00
lee,12/08/2026,10:00 AM ET,17-44-23-C1-03954.0090,2026000882,24-03724,,"2834 EMBERS PKWY W, CAPE CORAL, FL- 33993",,,4247.58,,12/08/2026 10:00 AM ET,TAXDEED,https://www.lee.realtaxdeed.com/index.cfm?zaction=auction&zmethod=details&AID=1522885&bypassPage=1,http://www.leepa.org/Scripts/PropertyQuery/PropertyQuery.aspx?STRAP=17-44-23-C1-03954.0090,,www.lee.realtaxdeed.com,2026-10-07T10:35:25+00:00
lee,12/08/2026,10:00 AM ET,17-44-25-P1-0250A.0200,2026000886,24-10634,,"6130 MEADOW VIEW CIR, FORT MYERS, FL- 33916",,,11392.39,,12/08/2026 10:00 AM ET,TAXDEED,https://www.lee.realtaxdeed.com/index.cfm?zaction=auction&zmethod=details&AID=1522886&bypassPage=1,http://www.leepa.org/Scripts/PropertyQuery/PropertyQuery.aspx?STRAP=17-44-25-P1-0250A.0200,,www.lee.realtaxdeed.com,2026-10-07T10:35:25+00:00
lee,12/08/2026,,18-44-23-C1-05312.0070,2026000892,24-03800,,"3802 SW 1ST TER, CAPE CORAL, FL- 33991",,,31433.11,,Redeemed,TAXDEED,https://www.lee.realtaxdeed.com/index.cfm?zaction=auction&zmethod=details&AID=1522893&bypassPage=1,http://www.leepa.org/Scripts/PropertyQuery/PropertyQuery.aspx?STRAP=18-44-23-C1-05312.0070,,www.lee.realtaxdeed.com,2026-10-07T10:35:25+00:00
lee,12/08/2026,10:00 AM ET,18-44-23-C3-05333.0030,2026000893,24-03839,,"3424 CEITUS PKWY, CAPE CORAL, FL- 33991",,,11327.38,,12/08/2026 10:00 AM ET,TAXDEED,https://www.lee.realtaxdeed.com/index.cfm?zaction=auction&zmethod=details&AID=1522894&bypassPage=1,http://www.leepa.org/Scripts/PropertyQuery/PropertyQuery.aspx?STRAP=18-44-23-C3-05333.0030,,www.lee.realtaxdeed.com,2026-10-07T10:35:25+00:00
lee,12/08/2026,10:00 AM ET,19-44-25-P3-00917.0010,2026000902,24-10969,,"3549 SOUTH ST, FORT MYERS, FL- 33916",,,2863.52,,12/08/2026 10:00 AM ET,TAXDEED,https://www.lee.realtaxdeed.com/index.cfm?zaction=auction&zmethod=details&AID=1522895&bypassPage=1,http://www.leepa.org/Scripts/PropertyQuery/PropertyQuery.aspx?STRAP=19-44-25-P3-00917.0010,,www.lee.realtaxdeed.com,2026-10-07T10:35:25+00:00
