county,sale_date,sale_time,parcel_id,case_number,certificate_number,owner_name,property_address,property_use,acreage,opening_bid,assessed_value,auction_status,auction_type,auction_url,appraiser_url,clerk_case_url,source_host,scraped_at
putnam,10/07/2026,,02-10-24-4075-1710-0170,2024-0000665,2024-0000665,,"301 DAWN AV, INTERLACHEN, FL- 32148",,,4999.92,,Redeemed,TAXDEED,https://www.putnam.realtaxdeed.com/index.cfm?zaction=auction&zmethod=details&AID=1520784&bypassPage=1,https://apps.putnam-fl.com/pa/property/?type=api&parcel=02-10-24-4075-1710-0170,,www.putnam.realtaxdeed.com,2026-10-07T10:49:43+00:00
putnam,10/07/2026,,02-10-26-1510-0000-0010,2024-0000838,2024-0000838,,"220 STILWELL AV, PALATKA, FL- 32177",,,114650.29,,Redeemed,TAXDEED,https://www.putnam.realtaxdeed.com/index.cfm?zaction=auction&zmethod=details&AID=1520785&bypassPage=1,https://apps.putnam-fl.com/pa/property/?type=api&parcel=02-10-26-1510-0000-0010,,www.putnam.realtaxdeed.com,2026-10-07T10:49:43+00:00
putnam,10/07/2026,09:00 AM ET,03-09-24-2600-0730-0021,2024-0001045,2024-0001045,,"713 N IVY AV, FLORAHOME, FL- 32140",,,5863.02,,10/07/2026 09:00 AM ET,TAXDEED,https://www.putnam.realtaxdeed.com/index.cfm?zaction=auction&zmethod=details&AID=1520786&bypassPage=1,https://apps.putnam-fl.com/pa/property/?type=api&parcel=03-09-24-2600-0730-0021,,www.putnam.realtaxdeed.com,2026-10-07T10:49:43+00:00
putnam,10/07/2026,09:00 AM ET,04-10-24-5371-0030-0150,2024-0001688,2024-0001688,,"115 VOLUSIA DR, INTERLACHEN, FL- 32148",,,1569.18,,10/07/2026 09:00 AM ET,TAXDEED,https://www.putnam.realtaxdeed.com/index.cfm?zaction=auction&zmethod=details&AID=1520787&bypassPage=1,https://apps.putnam-fl.com/pa/property/?type=api&parcel=04-10-24-5371-0030-0150,,www.putnam.realtaxdeed.com,2026-10-07T10:49:43+00:00
putnam,10/07/2026,09:00 AM ET,04-10-24-9040-0010-0140,2020-0003844,2020-0003844,,00 UNASSIGNED LOCATION RE,,,1498.24,,10/07/2026 09:00 AM ET,TAXDEED,https://www.putnam.realtaxdeed.com/index.cfm?zaction=auction&zmethod=details&AID=1520779&bypassPage=1,https://apps.putnam-fl.com/pa/property/?type=api&parcel=04-10-24-9040-0010-0140,,www.putnam.realtaxdeed.com,2026-10-07T10:49:43+00:00
putnam,10/07/2026,09:00 AM ET,04-10-24-9040-0010-0150,2020-0003843,2020-0003843,,00 UNASSIGNED LOCATION RE,,,1498.24,,10/07/2026 09:00 AM ET,TAXDEED,https://www.putnam.realtaxdeed.com/index.cfm?zaction=auction&zmethod=details&AID=1520778&bypassPage=1,https://apps.putnam-fl.com/pa/property/?type=api&parcel=04-10-24-9040-0010-0150,,www.putnam.realtaxdeed.com,2026-10-07T10:49:43+00:00
putnam,10/07/2026,,04-11-26-0000-0070-0160,2024-0002809,2024-0002809,,"112 BUMPY LN, PALATKA, FL- 32177",,,16111.5,,Redeemed,TAXDEED,https://www.putnam.realtaxdeed.com/index.cfm?zaction=auction&zmethod=details&AID=1520788&bypassPage=1,https://apps.putnam-fl.com/pa/property/?type=api&parcel=04-11-26-0000-0070-0160,,www.putnam.realtaxdeed.com,2026-10-07T10:49:43+00:00
putnam,10/07/2026,09:00 AM ET,05-10-24-4928-0010-0910,2020-0004460,2020-0004460,,00 UNASSIGNED LOCATION RE,,,1504.54,,10/07/2026 09:00 AM ET,TAXDEED,https://www.putnam.realtaxdeed.com/index.cfm?zaction=auction&zmethod=details&AID=1520780&bypassPage=1,https://apps.putnam-fl.com/pa/property/?type=api&parcel=05-10-24-4928-0010-0910,,www.putnam.realtaxdeed.com,2026-10-07T10:49:43+00:00
putnam,10/07/2026,09:00 AM ET,05-10-24-4928-0030-0150,2019-0003991,2019-0003991,,00 UNASSIGNED LOCATION RE,,,1281.12,,10/07/2026 09:00 AM ET,TAXDEED,https://www.putnam.realtaxdeed.com/index.cfm?zaction=auction&zmethod=details&AID=1520773&bypassPage=1,https://apps.putnam-fl.com/pa/property/?type=api&parcel=05-10-24-4928-0030-0150,,www.putnam.realtaxdeed.com,2026-10-07T10:49:43+00:00
putnam,10/07/2026,09:00 AM ET,05-10-24-4928-0030-0160,2019-0003992,2019-0003992,,00 UNASSIGNED LOCATION RE,,,1308.18,,10/07/2026 09:00 AM ET,TAXDEED,https://www.putnam.realtaxdeed.com/index.cfm?zaction=auction&zmethod=details&AID=1520774&bypassPage=1,https://apps.putnam-fl.com/pa/property/?type=api&parcel=05-10-24-4928-0030-0160,,www.putnam.realtaxdeed.com,2026-10-07T10:49:43+00:00
putnam,10/07/2026,09:00 AM ET,05-10-24-4928-0030-0170,2019-0003993,2019-0003993,,00 UNASSIGNED LOCATION RE,,,1525.89,,10/07/2026 09:00 AM ET,TAXDEED,https://www.putnam.realtaxdeed.com/index.cfm?zaction=auction&zmethod=details&AID=1520775&bypassPage=1,https://apps.putnam-fl.com/pa/property/?type=api&parcel=05-10-24-4928-0030-0170,,www.putnam.realtaxdeed.com,2026-10-07T10:49:43+00:00
putnam,10/07/2026,09:00 AM ET,05-10-24-4928-0030-0180,2019-0003994,2019-0003994,,00 UNASSIGNED LOCATION RE,,,1487.62,,10/07/2026 09:00 AM ET,TAXDEED,https://www.putnam.realtaxdeed.com/index.cfm?zaction=auction&zmethod=details&AID=1520776&bypassPage=1,https://apps.putnam-fl.com/pa/property/?type=api&parcel=05-10-24-4928-0030-0180,,www.putnam.realtaxdeed.com,2026-10-07T10:49:43+00:00
putnam,10/07/2026,09:00 AM ET,05-10-27-0000-0370-0010,2024-0003874,2024-0003874,,"109 OLD CHERRY LN, EAST PALATKA, FL- 32131",,,4210.43,,10/07/2026 09:00 AM ET,TAXDEED,https://www.putnam.realtaxdeed.com/index.cfm?zaction=auction&zmethod=details&AID=1520789&bypassPage=1,https://apps.putnam-fl.com/pa/property/?type=api&parcel=05-10-27-0000-0370-0010,,www.putnam.realtaxdeed.com,2026-10-07T10:49:43+00:00
putnam,10/07/2026,,05-10-27-5220-0670-0000,2024-0003905,2024-0003905,,"109 SCHOOL ST, EAST PALATKA, FL- 32131",,,4598.17,,Redeemed,TAXDEED,https://www.putnam.realtaxdeed.com/index.cfm?zaction=auction&zmethod=details&AID=1520790&bypassPage=1,https://apps.putnam-fl.com/pa/property/?type=api&parcel=05-10-27-5220-0670-0000,,www.putnam.realtaxdeed.com,2026-10-07T10:49:43+00:00
putnam,10/07/2026,09:00 AM ET,07-10-25-4081-0640-0080,2024-0005062,2024-0005062,,00 UNASSIGNED LOCATION RE,,,1480.96,,10/07/2026 09:00 AM ET,TAXDEED,https://www.putnam.realtaxdeed.com/index.cfm?zaction=auction&zmethod=details&AID=1520791&bypassPage=1,https://apps.putnam-fl.com/pa/property/?type=api&parcel=07-10-25-4081-0640-0080,,www.putnam.realtaxdeed.com,2026-10-07T10:49:43+00:00
putnam,10/07/2026,09:00 AM ET,07-13-28-0000-0160-0000,2024-0005369,2024-0005369,,"112 MATHEWS RD, CRESCENT CITY, FL- 32112",,,4189.15,,10/07/2026 09:00 AM ET,TAXDEED,https://www.putnam.realtaxdeed.com/index.cfm?zaction=auction&zmethod=details&AID=1520792&bypassPage=1,https://apps.putnam-fl.com/pa/property/?type=api&parcel=07-13-28-0000-0160-0000,,www.putnam.realtaxdeed.com,2026-10-07T10:49:43+00:00
putnam,10/07/2026,,08-09-24-3200-0110-0010,2024-0005423,2024-0005423,,"306 BRANTLEY RD, MELROSE, FL- 32666",,,9243.28,,Redeemed,TAXDEED,https://www.putnam.realtaxdeed.com/index.cfm?zaction=auction&zmethod=details&AID=1520793&bypassPage=1,https://apps.putnam-fl.com/pa/property/?type=api&parcel=08-09-24-3200-0110-0010,,www.putnam.realtaxdeed.com,2026-10-07T10:49:43+00:00
putnam,10/07/2026,09:00 AM ET,09-09-27-0000-0010-0650,2024-0006018,2024-0006018,,"300 SW 8TH AV, PALATKA, FL- 32177",,,5772.88,,10/07/2026 09:00 AM ET,TAXDEED,https://www.putnam.realtaxdeed.com/index.cfm?zaction=auction&zmethod=details&AID=1520794&bypassPage=1,https://apps.putnam-fl.com/pa/property/?type=api&parcel=09-09-27-0000-0010-0650,,www.putnam.realtaxdeed.com,2026-10-07T10:49:43+00:00
putnam,10/07/2026,09:00 AM ET,09-10-24-4067-0350-0110,2024-0006223,2024-0006223,,"133 DUNCAN AV, INTERLACHEN, FL- 32148",,,6563.35,,10/07/2026 09:00 AM ET,TAXDEED,https://www.putnam.realtaxdeed.com/index.cfm?zaction=auction&zmethod=details&AID=1520795&bypassPage=1,https://apps.putnam-fl.com/pa/property/?type=api&parcel=09-10-24-4067-0350-0110,,www.putnam.realtaxdeed.com,2026-10-07T10:49:43+00:00
putnam,10/07/2026,,09-10-26-0000-0760-0020,2024-0006454,2024-0006454,,"7211 CRILL AV # UNIT 2, PALATKA, FL- 32177",,,18992.83,,Redeemed,TAXDEED,https://www.putnam.realtaxdeed.com/index.cfm?zaction=auction&zmethod=details&AID=1520796&bypassPage=1,https://apps.putnam-fl.com/pa/property/?type=api&parcel=09-10-26-0000-0760-0020,,www.putnam.realtaxdeed.com,2026-10-07T10:49:43+00:00
putnam,10/07/2026,,10-09-24-2600-0590-0010,2024-0006532,2024-0006532,,"303 E KANSAS ST, FLORAHOME, FL- 32140",,,4918.2,,Redeemed,TAXDEED,https://www.putnam.realtaxdeed.com/index.cfm?zaction=auction&zmethod=details&AID=1520797&bypassPage=1,https://apps.putnam-fl.com/pa/property/?type=api&parcel=10-09-24-2600-0590-0010,,www.putnam.realtaxdeed.com,2026-10-07T10:49:43+00:00
putnam,10/07/2026,09:00 AM ET,12-10-24-4079-0080-0080,2024-0008155,2024-0008155,,"107 MOHAWK DR, INTERLACHEN, FL- 32148",,,6285.25,,10/07/2026 09:00 AM ET,TAXDEED,https://www.putnam.realtaxdeed.com/index.cfm?zaction=auction&zmethod=details&AID=1520798&bypassPage=1,https://apps.putnam-fl.com/pa/property/?type=api&parcel=12-10-24-4079-0080-0080,,www.putnam.realtaxdeed.com,2026-10-07T10:49:43+00:00
putnam,10/07/2026,,12-10-26-1370-0020-0190,2024-0008242,2024-0008242,,"2104 KIRBY ST, PALATKA, FL- 32177",,,57183.03,,Redeemed,TAXDEED,https://www.putnam.realtaxdeed.com/index.cfm?zaction=auction&zmethod=details&AID=1520799&bypassPage=1,https://apps.putnam-fl.com/pa/property/?type=api&parcel=12-10-26-1370-0020-0190,,www.putnam.realtaxdeed.com,2026-10-07T10:49:43+00:00
putnam,10/07/2026,09:00 AM ET,12-11-26-8241-0320-0150,2024-0008400,2024-0008400,,"125 FOX DEN RD, SATSUMA, FL- 32189",,,1223.27,,10/07/2026 09:00 AM ET,TAXDEED,https://www.putnam.realtaxdeed.com/index.cfm?zaction=auction&zmethod=details&AID=1520800&bypassPage=1,https://apps.putnam-fl.com/pa/property/?type=api&parcel=12-11-26-8241-0320-0150,,www.putnam.realtaxdeed.com,2026-10-07T10:49:43+00:00
putnam,10/07/2026,09:00 AM ET,13-10-24-0000-0210-0070,2024-0008703,2024-0008703,,"100 LAKE EDGE TRL, INTERLACHEN, FL- 32148",,,2973.49,,10/07/2026 09:00 AM ET,TAXDEED,https://www.putnam.realtaxdeed.com/index.cfm?zaction=auction&zmethod=details&AID=1520801&bypassPage=1,https://apps.putnam-fl.com/pa/property/?type=api&parcel=13-10-24-0000-0210-0070,,www.putnam.realtaxdeed.com,2026-10-07T10:49:44+00:00
putnam,10/07/2026,,14-09-24-0000-0020-0030,2024-0009189,2024-0009189,,"233 TANNER RD, FLORAHOME, FL- 32140",,,9014.13,,Redeemed,TAXDEED,https://www.putnam.realtaxdeed.com/index.cfm?zaction=auction&zmethod=details&AID=1520802&bypassPage=1,https://apps.putnam-fl.com/pa/property/?type=api&parcel=14-09-24-0000-0020-0030,,www.putnam.realtaxdeed.com,2026-10-07T10:49:43+00:00
putnam,10/07/2026,,14-11-26-8244-0000-0290,2024-0009425,2024-0009425,,"113 IOWA AV, SATSUMA, FL- 32189",,,13606.56,,Redeemed,TAXDEED,https://www.putnam.realtaxdeed.com/index.cfm?zaction=auction&zmethod=details&AID=1520803&bypassPage=1,https://apps.putnam-fl.com/pa/property/?type=api&parcel=14-11-26-8244-0000-0290,,www.putnam.realtaxdeed.com,2026-10-07T10:49:43+00:00
putnam,10/07/2026,09:00 AM ET,14-11-26-8244-0000-0481,2024-0009430,2024-0009430,,00 UNASSIGNED LOCATION RE,,,2366.92,,10/07/2026 09:00 AM ET,TAXDEED,https://www.putnam.realtaxdeed.com/index.cfm?zaction=auction&zmethod=details&AID=1520804&bypassPage=1,https://apps.putnam-fl.com/pa/property/?type=api&parcel=14-11-26-8244-0000-0481,,www.putnam.realtaxdeed.com,2026-10-07T10:49:44+00:00
putnam,10/07/2026,09:00 AM ET,14-12-26-0000-0010-0022,2024-0009435,2024-0009435,,"116 ADAM RD, WELAKA, FL- 32193",,,7989.85,,10/07/2026 09:00 AM ET,TAXDEED,https://www.putnam.realtaxdeed.com/index.cfm?zaction=auction&zmethod=details&AID=1520805&bypassPage=1,https://apps.putnam-fl.com/pa/property/?type=api&parcel=14-12-26-0000-0010-0022,,www.putnam.realtaxdeed.com,2026-10-07T10:49:44+00:00
putnam,10/07/2026,09:00 AM ET,16-10-24-4066-0170-0170,2024-0009721,2024-0009721,,"1246 STATE RD 20, INTERLACHEN, FL- 32148",,,1759.27,,10/07/2026 09:00 AM ET,TAXDEED,https://www.putnam.realtaxdeed.com/index.cfm?zaction=auction&zmethod=details&AID=1520806&bypassPage=1,https://apps.putnam-fl.com/pa/property/?type=api&parcel=16-10-24-4066-0170-0170,,www.putnam.realtaxdeed.com,2026-10-07T10:49:44+00:00
putnam,10/07/2026,,18-08-25-5108-8040-0090,2024-0010278,2024-0010278,,"907 E HILLSBOROUGH AV, FLORAHOME, FL- 32140",,,1659.84,,Redeemed,TAXDEED,https://www.putnam.realtaxdeed.com/index.cfm?zaction=auction&zmethod=details&AID=1520807&bypassPage=1,https://apps.putnam-fl.com/pa/property/?type=api&parcel=18-08-25-5108-8040-0090,,www.putnam.realtaxdeed.com,2026-10-07T10:49:43+00:00
putnam,10/07/2026,09:00 AM ET,18-10-24-6520-0040-0140,2024-0010533,2024-0010533,,"327 6TH WAY, INTERLACHEN, FL- 32148",,,6517.04,,10/07/2026 09:00 AM ET,TAXDEED,https://www.putnam.realtaxdeed.com/index.cfm?zaction=auction&zmethod=details&AID=1520808&bypassPage=1,https://apps.putnam-fl.com/pa/property/?type=api&parcel=18-10-24-6520-0040-0140,,www.putnam.realtaxdeed.com,2026-10-07T10:49:44+00:00
putnam,10/07/2026,,18-13-28-3343-0100-0170,2024-0010672,2024-0010672,,"107 KING CT, CRESCENT CITY, FL- 32112",,,3035.82,,Redeemed,TAXDEED,https://www.putnam.realtaxdeed.com/index.cfm?zaction=auction&zmethod=details&AID=1520809&bypassPage=1,https://apps.putnam-fl.com/pa/property/?type=api&parcel=18-13-28-3343-0100-0170,,www.putnam.realtaxdeed.com,2026-10-07T10:49:43+00:00
putnam,10/07/2026,09:00 AM ET,19-10-24-4074-0300-0130,2024-0010772,2024-0010772,,"100 DAVE ST, INTERLACHEN, FL- 32148",,,15497.69,,10/07/2026 09:00 AM ET,TAXDEED,https://www.putnam.realtaxdeed.com/index.cfm?zaction=auction&zmethod=details&AID=1520810&bypassPage=1,https://apps.putnam-fl.com/pa/property/?type=api&parcel=19-10-24-4074-0300-0130,,www.putnam.realtaxdeed.com,2026-10-07T10:49:44+00:00
putnam,10/07/2026,09:00 AM ET,19-10-24-4074-0910-0310,2019-0014449,2019-0014449,,"130 HICKORY CIR, INTERLACHEN, FL- 32148",,,2445.39,,10/07/2026 09:00 AM ET,TAXDEED,https://www.putnam.realtaxdeed.com/index.cfm?zaction=auction&zmethod=details&AID=1520777&bypassPage=1,https://apps.putnam-fl.com/pa/property/?type=api&parcel=19-10-24-4074-0910-0310,,www.putnam.realtaxdeed.com,2026-10-07T10:49:43+00:00
putnam,10/07/2026,09:00 AM ET,20-10-23-0000-0190-0000,2024-0010985,2024-0010985,,"1919 STATE RD 20, HAWTHORNE, FL- 32640",,,76475.66,,10/07/2026 09:00 AM ET,TAXDEED,https://www.putnam.realtaxdeed.com/index.cfm?zaction=auction&zmethod=details&AID=1520811&bypassPage=1,https://apps.putnam-fl.com/pa/property/?type=api&parcel=20-10-23-0000-0190-0000,,www.putnam.realtaxdeed.com,2026-10-07T10:49:44+00:00
putnam,10/07/2026,09:00 AM ET,20-10-24-4074-0410-0200,2024-0011054,2024-0011054,,"108 NOVA SCOTIA ST, INTERLACHEN, FL- 32148",,,2596.71,,10/07/2026 09:00 AM ET,TAXDEED,https://www.putnam.realtaxdeed.com/index.cfm?zaction=auction&zmethod=details&AID=1520812&bypassPage=1,https://apps.putnam-fl.com/pa/property/?type=api&parcel=20-10-24-4074-0410-0200,,www.putnam.realtaxdeed.com,2026-10-07T10:49:44+00:00
putnam,10/07/2026,09:00 AM ET,23-08-27-0000-0071-0000,2024-0011546,2024-0011546,,"120 BUNCH RD, PALATKA, FL- 32177",,,144143.84,,10/07/2026 09:00 AM ET,TAXDEED,https://www.putnam.realtaxdeed.com/index.cfm?zaction=auction&zmethod=details&AID=1520813&bypassPage=1,https://apps.putnam-fl.com/pa/property/?type=api&parcel=23-08-27-0000-0071-0000,,www.putnam.realtaxdeed.com,2026-10-07T10:49:44+00:00
putnam,10/07/2026,,24-08-24-5100-0180-0110,2024-0011799,2024-0011799,,"102 PINELLAS ST, FLORAHOME, FL- 32140",,,1323.68,,Redeemed,TAXDEED,https://www.putnam.realtaxdeed.com/index.cfm?zaction=auction&zmethod=details&AID=1520814&bypassPage=1,https://apps.putnam-fl.com/pa/property/?type=api&parcel=24-08-24-5100-0180-0110,,www.putnam.realtaxdeed.com,2026-10-07T10:49:43+00:00
putnam,10/07/2026,09:00 AM ET,24-09-24-4075-0460-0220,2024-0012102,2024-0012102,,"707 USINA AV, INTERLACHEN, FL- 32148",,,1675.18,,10/07/2026 09:00 AM ET,TAXDEED,https://www.putnam.realtaxdeed.com/index.cfm?zaction=auction&zmethod=details&AID=1520815&bypassPage=1,https://apps.putnam-fl.com/pa/property/?type=api&parcel=24-09-24-4075-0460-0220,,www.putnam.realtaxdeed.com,2026-10-07T10:49:44+00:00
putnam,10/07/2026,09:00 AM ET,25-09-24-4075-0610-0280,2024-0012509,2024-0012509,,"521 CREAGER AV, INTERLACHEN, FL- 32148",,,2131.11,,10/07/2026 09:00 AM ET,TAXDEED,https://www.putnam.realtaxdeed.com/index.cfm?zaction=auction&zmethod=details&AID=1520816&bypassPage=1,https://apps.putnam-fl.com/pa/property/?type=api&parcel=25-09-24-4075-0610-0280,,www.putnam.realtaxdeed.com,2026-10-07T10:49:44+00:00
putnam,10/07/2026,09:00 AM ET,25-09-24-4075-0710-0100,2020-0017708,2020-0017708,,00 UNASSIGNED LOCATION RE,,,2134.01,,10/07/2026 09:00 AM ET,TAXDEED,https://www.putnam.realtaxdeed.com/index.cfm?zaction=auction&zmethod=details&AID=1520781&bypassPage=1,https://apps.putnam-fl.com/pa/property/?type=api&parcel=25-09-24-4075-0710-0100,,www.putnam.realtaxdeed.com,2026-10-07T10:49:43+00:00
putnam,10/07/2026,,25-09-24-4075-0940-0040,2024-0012755,2024-0012755,,"1200 KIN ST, INTERLACHEN, FL- 32148",,,4257.54,,Redeemed,TAXDEED,https://www.putnam.realtaxdeed.com/index.cfm?zaction=auction&zmethod=details&AID=1520817&bypassPage=1,https://apps.putnam-fl.com/pa/property/?type=api&parcel=25-09-24-4075-0940-0040,,www.putnam.realtaxdeed.com,2026-10-07T10:49:43+00:00
putnam,10/07/2026,09:00 AM ET,25-09-24-4076-1300-0210,2020-0018383,2020-0018383,,00 UNASSIGNED LOCATION RE,,,2231.62,,10/07/2026 09:00 AM ET,TAXDEED,https://www.putnam.realtaxdeed.com/index.cfm?zaction=auction&zmethod=details&AID=1520782&bypassPage=1,https://apps.putnam-fl.com/pa/property/?type=api&parcel=25-09-24-4076-1300-0210,,www.putnam.realtaxdeed.com,2026-10-07T10:49:43+00:00
putnam,10/07/2026,09:00 AM ET,29-10-27-8270-0030-0270,2024-0013740,2024-0013740,,"125 BELLRAY DR, SATSUMA, FL- 32189",,,2937.7,,10/07/2026 09:00 AM ET,TAXDEED,https://www.putnam.realtaxdeed.com/index.cfm?zaction=auction&zmethod=details&AID=1520818&bypassPage=1,https://apps.putnam-fl.com/pa/property/?type=api&parcel=29-10-27-8270-0030-0270,,www.putnam.realtaxdeed.com,2026-10-07T10:49:44+00:00
putnam,10/07/2026,,30-12-28-1750-0390-0012,2024-0013899,2024-0013899,,"217 N MAIN ST, CRESCENT CITY, FL- 32112",,,11617.04,,Redeemed,TAXDEED,https://www.putnam.realtaxdeed.com/index.cfm?zaction=auction&zmethod=details&AID=1520819&bypassPage=1,https://apps.putnam-fl.com/pa/property/?type=api&parcel=30-12-28-1750-0390-0012,,www.putnam.realtaxdeed.com,2026-10-07T10:49:43+00:00
putnam,10/07/2026,,35-08-27-8151-0000-6530,2024-0015253,2024-0015253,,"270 TARPON BLVD, PALATKA, FL- 32177",,,55581.5,,Redeemed,TAXDEED,https://www.putnam.realtaxdeed.com/index.cfm?zaction=auction&zmethod=details&AID=1520820&bypassPage=1,https://apps.putnam-fl.com/pa/property/?type=api&parcel=35-08-27-8151-0000-6530,,www.putnam.realtaxdeed.com,2026-10-07T10:49:43+00:00
putnam,10/07/2026,09:00 AM ET,35-08-27-8152-0080-0260,2024-0015294,2024-0015294,,00 UNASSIGNED LOCATION RE,,,3007.1,,10/07/2026 09:00 AM ET,TAXDEED,https://www.putnam.realtaxdeed.com/index.cfm?zaction=auction&zmethod=details&AID=1520821&bypassPage=1,https://apps.putnam-fl.com/pa/property/?type=api&parcel=35-08-27-8152-0080-0260,,www.putnam.realtaxdeed.com,2026-10-07T10:49:44+00:00
putnam,10/07/2026,09:00 AM ET,35-08-27-8152-0080-0290,2024-0015295,2024-0015295,,"106 TUNA AV, PALATKA, FL- 32177",,,3325.47,,10/07/2026 09:00 AM ET,TAXDEED,https://www.putnam.realtaxdeed.com/index.cfm?zaction=auction&zmethod=details&AID=1520822&bypassPage=1,https://apps.putnam-fl.com/pa/property/?type=api&parcel=35-08-27-8152-0080-0290,,www.putnam.realtaxdeed.com,2026-10-07T10:49:44+00:00
putnam,10/07/2026,09:00 AM ET,35-08-27-8152-0120-0150,2024-0015312,2024-0015312,,"117 BOWFIN DR, PALATKA, FL- 32177",,,3481.07,,10/07/2026 09:00 AM ET,TAXDEED,https://www.putnam.realtaxdeed.com/index.cfm?zaction=auction&zmethod=details&AID=1520823&bypassPage=1,https://apps.putnam-fl.com/pa/property/?type=api&parcel=35-08-27-8152-0120-0150,,www.putnam.realtaxdeed.com,2026-10-07T10:49:44+00:00
putnam,10/07/2026,09:00 AM ET,35-09-24-4076-0410-0070,2020-0021333,2020-0021333,,00 UNASSIGNED LOCATION RE,,,2293.64,,10/07/2026 09:00 AM ET,TAXDEED,https://www.putnam.realtaxdeed.com/index.cfm?zaction=auction&zmethod=details&AID=1520783&bypassPage=1,https://apps.putnam-fl.com/pa/property/?type=api&parcel=35-09-24-4076-0410-0070,,www.putnam.realtaxdeed.com,2026-10-07T10:49:43+00:00
putnam,10/07/2026,09:00 AM ET,35-12-27-0000-0030-0070,2024-0015781,2024-0015781,,"760 GEORGETOWN DENVER RD, CRESCENT CITY, FL- 32112",,,7188.07,,10/07/2026 09:00 AM ET,TAXDEED,https://www.putnam.realtaxdeed.com/index.cfm?zaction=auction&zmethod=details&AID=1520824&bypassPage=1,https://apps.putnam-fl.com/pa/property/?type=api&parcel=35-12-27-0000-0030-0070,,www.putnam.realtaxdeed.com,2026-10-07T10:49:44+00:00
putnam,10/07/2026,09:00 AM ET,36-12-27-0000-0160-0000,2024-0016038,2024-0016038,,00 UNASSIGNED LOCATION RE,,,2040.33,,10/07/2026 09:00 AM ET,TAXDEED,https://www.putnam.realtaxdeed.com/index.cfm?zaction=auction&zmethod=details&AID=1520825&bypassPage=1,https://apps.putnam-fl.com/pa/property/?type=api&parcel=36-12-27-0000-0160-0000,,www.putnam.realtaxdeed.com,2026-10-07T10:49:44+00:00
putnam,10/07/2026,,37-10-26-6850-3480-0100,2024-0016117,2024-0016117,,"912 N 19TH ST, PALATKA, FL- 32177",,,4171.61,,Redeemed,TAXDEED,https://www.putnam.realtaxdeed.com/index.cfm?zaction=auction&zmethod=details&AID=1520826&bypassPage=1,https://apps.putnam-fl.com/pa/property/?type=api&parcel=37-10-26-6850-3480-0100,,www.putnam.realtaxdeed.com,2026-10-07T10:49:43+00:00
putnam,10/07/2026,09:00 AM ET,38-11-27-0000-0020-1090,2024-0016572,2024-0016572,,"105 CLEO LN, SATSUMA, FL- 32189",,,10716.93,,10/07/2026 09:00 AM ET,TAXDEED,https://www.putnam.realtaxdeed.com/index.cfm?zaction=auction&zmethod=details&AID=1520827&bypassPage=1,https://apps.putnam-fl.com/pa/property/?type=api&parcel=38-11-27-0000-0020-1090,,www.putnam.realtaxdeed.com,2026-10-07T10:49:44+00:00
putnam,10/07/2026,,39-11-26-8231-0590-0080,2024-0016849,2024-0016849,,"208 HUNTER ST, SATSUMA, FL- 32189",,,1556.09,,Redeemed,TAXDEED,https://www.putnam.realtaxdeed.com/index.cfm?zaction=auction&zmethod=details&AID=1520828&bypassPage=1,https://apps.putnam-fl.com/pa/property/?type=api&parcel=39-11-26-8231-0590-0080,,www.putnam.realtaxdeed.com,2026-10-07T10:49:43+00:00
putnam,10/07/2026,,39-11-26-9230-0090-0120,2024-0016941,2024-0016941,,"112 NAVAJO ST, SATSUMA, FL- 32189",,,13285.37,,Redeemed,TAXDEED,https://www.putnam.realtaxdeed.com/index.cfm?zaction=auction&zmethod=details&AID=1520829&bypassPage=1,https://apps.putnam-fl.com/pa/property/?type=api&parcel=39-11-26-9230-0090-0120,,www.putnam.realtaxdeed.com,2026-10-07T10:49:43+00:00
putnam,10/07/2026,09:00 AM ET,41-12-26-9200-0620-0010,2024-0017043,2024-0017043,,"632 PALMETTO ST, WELAKA, FL- 32193",,,4567.7,,10/07/2026 09:00 AM ET,TAXDEED,https://www.putnam.realtaxdeed.com/index.cfm?zaction=auction&zmethod=details&AID=1520830&bypassPage=1,https://apps.putnam-fl.com/pa/property/?type=api&parcel=41-12-26-9200-0620-0010,,www.putnam.realtaxdeed.com,2026-10-07T10:49:44+00:00
putnam,10/07/2026,09:00 AM ET,42-10-27-6850-0780-0030,2024-0017198,2024-0017198,,"714 BRONSON ST, PALATKA, FL- 32177",,,7541.0,,10/07/2026 09:00 AM ET,TAXDEED,https://www.putnam.realtaxdeed.com/index.cfm?zaction=auction&zmethod=details&AID=1520831&bypassPage=1,https://apps.putnam-fl.com/pa/property/?type=api&parcel=42-10-27-6850-0780-0030,,www.putnam.realtaxdeed.com,2026-10-07T10:49:44+00:00
putnam,10/07/2026,09:00 AM ET,42-10-27-6850-2620-0060,2024-0017325,2024-0017325,,"218 S 14TH ST, PALATKA, FL- 32177",,,10175.72,,10/07/2026 09:00 AM ET,TAXDEED,https://www.putnam.realtaxdeed.com/index.cfm?zaction=auction&zmethod=details&AID=1520832&bypassPage=1,https://apps.putnam-fl.com/pa/property/?type=api&parcel=42-10-27-6850-2620-0060,,www.putnam.realtaxdeed.com,2026-10-07T10:49:44+00:00
putnam,10/07/2026,,42-10-27-6850-2630-1200,2024-0017330,2024-0017330,,"1401 ST JOHNS AV, PALATKA, FL- 32177",,,9104.11,,Redeemed,TAXDEED,https://www.putnam.realtaxdeed.com/index.cfm?zaction=auction&zmethod=details&AID=1520833&bypassPage=1,https://apps.putnam-fl.com/pa/property/?type=api&parcel=42-10-27-6850-2630-1200,,www.putnam.realtaxdeed.com,2026-10-07T10:49:43+00:00
putnam,10/07/2026,09:00 AM ET,43-10-27-8252-0010-0150,2024-0017437,2024-0017437,,00 UNASSIGNED LOCATION RE,,,1873.97,,10/07/2026 09:00 AM ET,TAXDEED,https://www.putnam.realtaxdeed.com/index.cfm?zaction=auction&zmethod=details&AID=1520834&bypassPage=1,https://apps.putnam-fl.com/pa/property/?type=api&parcel=43-10-27-8252-0010-0150,,www.putnam.realtaxdeed.com,2026-10-07T10:49:44+00:00
putnam,10/07/2026,,49-09-27-1420-0000-0767,2024-0017652,2024-0017652,,"431 PUTNAM COUNTY BLVD, EAST PALATKA, FL- 32131",,,1678.42,,Redeemed,TAXDEED,https://www.putnam.realtaxdeed.com/index.cfm?zaction=auction&zmethod=details&AID=1520835&bypassPage=1,https://apps.putnam-fl.com/pa/property/?type=api&parcel=49-09-27-1420-0000-0767,,www.putnam.realtaxdeed.com,2026-10-07T10:49:44+00:00
putnam,10/21/2026,09:00 AM ET,01-10-26-1470-0040-0170,2019-0000425,2019-0000425,,00 UNASSIGNED LOCATION RE,,,3323.89,,10/21/2026 09:00 AM ET,TAXDEED,https://www.putnam.realtaxdeed.com/index.cfm?zaction=auction&zmethod=details&AID=1520703&bypassPage=1,https://apps.putnam-fl.com/pa/property/?type=api&parcel=01-10-26-1470-0040-0170,,www.putnam.realtaxdeed.com,2026-10-07T10:50:10+00:00
putnam,10/21/2026,09:00 AM ET,04-10-24-5532-0070-0760,2021-0002247,2021-0002247,,00 UNASSIGNED LOCATION RE,,,1315.41,,10/21/2026 09:00 AM ET,TAXDEED,https://www.putnam.realtaxdeed.com/index.cfm?zaction=auction&zmethod=details&AID=1520744&bypassPage=1,https://apps.putnam-fl.com/pa/property/?type=api&parcel=04-10-24-5532-0070-0760,,www.putnam.realtaxdeed.com,2026-10-07T10:50:10+00:00
putnam,10/21/2026,09:00 AM ET,04-10-24-5532-0070-0770,2021-0002248,2021-0002248,,00 UNASSIGNED LOCATION RE,,,1315.41,,10/21/2026 09:00 AM ET,TAXDEED,https://www.putnam.realtaxdeed.com/index.cfm?zaction=auction&zmethod=details&AID=1520745&bypassPage=1,https://apps.putnam-fl.com/pa/property/?type=api&parcel=04-10-24-5532-0070-0770,,www.putnam.realtaxdeed.com,2026-10-07T10:50:10+00:00
putnam,10/21/2026,09:00 AM ET,04-10-24-5532-0070-0780,2021-0002249,2021-0002249,,00 UNASSIGNED LOCATION RE,,,1315.41,,10/21/2026 09:00 AM ET,TAXDEED,https://www.putnam.realtaxdeed.com/index.cfm?zaction=auction&zmethod=details&AID=1520746&bypassPage=1,https://apps.putnam-fl.com/pa/property/?type=api&parcel=04-10-24-5532-0070-0780,,www.putnam.realtaxdeed.com,2026-10-07T10:50:10+00:00
putnam,10/21/2026,09:00 AM ET,04-10-24-5532-0070-0790,2021-0002250,2021-0002250,,00 UNASSIGNED LOCATION RE,,,1315.41,,10/21/2026 09:00 AM ET,TAXDEED,https://www.putnam.realtaxdeed.com/index.cfm?zaction=auction&zmethod=details&AID=1520747&bypassPage=1,https://apps.putnam-fl.com/pa/property/?type=api&parcel=04-10-24-5532-0070-0790,,www.putnam.realtaxdeed.com,2026-10-07T10:50:10+00:00
putnam,10/21/2026,09:00 AM ET,04-10-24-5532-0070-0800,2021-0002251,2021-0002251,,00 UNASSIGNED LOCATION RE,,,1134.09,,10/21/2026 09:00 AM ET,TAXDEED,https://www.putnam.realtaxdeed.com/index.cfm?zaction=auction&zmethod=details&AID=1520748&bypassPage=1,https://apps.putnam-fl.com/pa/property/?type=api&parcel=04-10-24-5532-0070-0800,,www.putnam.realtaxdeed.com,2026-10-07T10:50:10+00:00
putnam,10/21/2026,09:00 AM ET,04-10-24-5532-0070-0810,2021-0002252,2021-0002252,,00 UNASSIGNED LOCATION RE,,,1134.09,,10/21/2026 09:00 AM ET,TAXDEED,https://www.putnam.realtaxdeed.com/index.cfm?zaction=auction&zmethod=details&AID=1520749&bypassPage=1,https://apps.putnam-fl.com/pa/property/?type=api&parcel=04-10-24-5532-0070-0810,,www.putnam.realtaxdeed.com,2026-10-07T10:50:10+00:00
putnam,10/21/2026,09:00 AM ET,04-10-24-5532-0080-0370,2021-0002262,2021-0002262,,00 UNASSIGNED LOCATION RE,,,1267.65,,10/21/2026 09:00 AM ET,TAXDEED,https://www.putnam.realtaxdeed.com/index.cfm?zaction=auction&zmethod=details&AID=1520750&bypassPage=1,https://apps.putnam-fl.com/pa/property/?type=api&parcel=04-10-24-5532-0080-0370,,www.putnam.realtaxdeed.com,2026-10-07T10:50:10+00:00
putnam,10/21/2026,09:00 AM ET,04-10-24-5532-0080-0380,2024-0001865,2024-0001865,,00 UNASSIGNED LOCATION RE,,,1256.34,,10/21/2026 09:00 AM ET,TAXDEED,https://www.putnam.realtaxdeed.com/index.cfm?zaction=auction&zmethod=details&AID=1520752&bypassPage=1,https://apps.putnam-fl.com/pa/property/?type=api&parcel=04-10-24-5532-0080-0380,,www.putnam.realtaxdeed.com,2026-10-07T10:50:10+00:00
putnam,10/21/2026,09:00 AM ET,04-10-24-5532-0080-0390,2024-0001866,2024-0001866,,00 UNASSIGNED LOCATION RE,,,1251.72,,10/21/2026 09:00 AM ET,TAXDEED,https://www.putnam.realtaxdeed.com/index.cfm?zaction=auction&zmethod=details&AID=1520753&bypassPage=1,https://apps.putnam-fl.com/pa/property/?type=api&parcel=04-10-24-5532-0080-0390,,www.putnam.realtaxdeed.com,2026-10-07T10:50:10+00:00
putnam,10/21/2026,09:00 AM ET,04-10-24-5532-0120-0010,2024-0001924,2024-0001924,,00 UNASSIGNED LOCATION RE,,,1444.73,,10/21/2026 09:00 AM ET,TAXDEED,https://www.putnam.realtaxdeed.com/index.cfm?zaction=auction&zmethod=details&AID=1520754&bypassPage=1,https://apps.putnam-fl.com/pa/property/?type=api&parcel=04-10-24-5532-0120-0010,,www.putnam.realtaxdeed.com,2026-10-07T10:50:10+00:00
putnam,10/21/2026,09:00 AM ET,04-10-24-5532-0120-0020,2024-0001925,2024-0001925,,00 UNASSIGNED LOCATION RE,,,1444.73,,10/21/2026 09:00 AM ET,TAXDEED,https://www.putnam.realtaxdeed.com/index.cfm?zaction=auction&zmethod=details&AID=1520755&bypassPage=1,https://apps.putnam-fl.com/pa/property/?type=api&parcel=04-10-24-5532-0120-0020,,www.putnam.realtaxdeed.com,2026-10-07T10:50:10+00:00
putnam,10/21/2026,09:00 AM ET,04-10-24-5532-0120-0030,2024-0001926,2024-0001926,,00 UNASSIGNED LOCATION RE,,,1461.74,,10/21/2026 09:00 AM ET,TAXDEED,https://www.putnam.realtaxdeed.com/index.cfm?zaction=auction&zmethod=details&AID=1520756&bypassPage=1,https://apps.putnam-fl.com/pa/property/?type=api&parcel=04-10-24-5532-0120-0030,,www.putnam.realtaxdeed.com,2026-10-07T10:50:10+00:00
putnam,10/21/2026,09:00 AM ET,04-10-24-5532-0120-0040,2024-0001927,2024-0001927,,00 UNASSIGNED LOCATION RE,,,1306.03,,10/21/2026 09:00 AM ET,TAXDEED,https://www.putnam.realtaxdeed.com/index.cfm?zaction=auction&zmethod=details&AID=1520757&bypassPage=1,https://apps.putnam-fl.com/pa/property/?type=api&parcel=04-10-24-5532-0120-0040,,www.putnam.realtaxdeed.com,2026-10-07T10:50:10+00:00
putnam,10/21/2026,09:00 AM ET,04-10-24-5532-0120-0050,2024-0001928,2024-0001928,,00 UNASSIGNED LOCATION RE,,,1306.03,,10/21/2026 09:00 AM ET,TAXDEED,https://www.putnam.realtaxdeed.com/index.cfm?zaction=auction&zmethod=details&AID=1520758&bypassPage=1,https://apps.putnam-fl.com/pa/property/?type=api&parcel=04-10-24-5532-0120-0050,,www.putnam.realtaxdeed.com,2026-10-07T10:50:10+00:00
putnam,10/21/2026,09:00 AM ET,04-10-24-5540-0070-0370,2023-0002617,2023-0002617,,00 UNASSIGNED LOCATION RE,,,1211.97,,10/21/2026 09:00 AM ET,TAXDEED,https://www.putnam.realtaxdeed.com/index.cfm?zaction=auction&zmethod=details&AID=1520751&bypassPage=1,https://apps.putnam-fl.com/pa/property/?type=api&parcel=04-10-24-5540-0070-0370,,www.putnam.realtaxdeed.com,2026-10-07T10:50:10+00:00
putnam,10/21/2026,09:00 AM ET,04-10-24-6450-0030-0090,2019-0003057,2019-0003057,,00 UNASSIGNED LOCATION RE,,,1602.66,,10/21/2026 09:00 AM ET,TAXDEED,https://www.putnam.realtaxdeed.com/index.cfm?zaction=auction&zmethod=details&AID=1520704&bypassPage=1,https://apps.putnam-fl.com/pa/property/?type=api&parcel=04-10-24-6450-0030-0090,,www.putnam.realtaxdeed.com,2026-10-07T10:50:10+00:00
putnam,10/21/2026,09:00 AM ET,04-10-24-6450-0040-0460,2020-0003106,2020-0003106,,00 UNASSIGNED LOCATION RE,,,1418.05,,10/21/2026 09:00 AM ET,TAXDEED,https://www.putnam.realtaxdeed.com/index.cfm?zaction=auction&zmethod=details&AID=1520743&bypassPage=1,https://apps.putnam-fl.com/pa/property/?type=api&parcel=04-10-24-6450-0040-0460,,www.putnam.realtaxdeed.com,2026-10-07T10:50:10+00:00
putnam,10/21/2026,09:00 AM ET,04-10-24-9025-0030-0110,2019-0003234,2019-0003234,,"228 LIME WAY, INTERLACHEN, FL- 32148",,,1598.15,,10/21/2026 09:00 AM ET,TAXDEED,https://www.putnam.realtaxdeed.com/index.cfm?zaction=auction&zmethod=details&AID=1520705&bypassPage=1,https://apps.putnam-fl.com/pa/property/?type=api&parcel=04-10-24-9025-0030-0110,,www.putnam.realtaxdeed.com,2026-10-07T10:50:10+00:00
putnam,10/21/2026,09:00 AM ET,04-10-24-9030-0060-0510,2024-0002516,2024-0002516,,00 UNASSIGNED LOCATION RE,,,1227.04,,10/21/2026 09:00 AM ET,TAXDEED,https://www.putnam.realtaxdeed.com/index.cfm?zaction=auction&zmethod=details&AID=1520759&bypassPage=1,https://apps.putnam-fl.com/pa/property/?type=api&parcel=04-10-24-9030-0060-0510,,www.putnam.realtaxdeed.com,2026-10-07T10:50:10+00:00
putnam,10/21/2026,09:00 AM ET,04-10-24-9035-0090-0100,2024-0002688,2024-0002688,,00 UNASSIGNED LOCATION RE,,,1524.3,,10/21/2026 09:00 AM ET,TAXDEED,https://www.putnam.realtaxdeed.com/index.cfm?zaction=auction&zmethod=details&AID=1520760&bypassPage=1,https://apps.putnam-fl.com/pa/property/?type=api&parcel=04-10-24-9035-0090-0100,,www.putnam.realtaxdeed.com,2026-10-07T10:50:10+00:00
putnam,10/21/2026,09:00 AM ET,04-10-24-9035-0090-0120,2024-0002690,2024-0002690,,00 UNASSIGNED LOCATION RE,,,1524.3,,10/21/2026 09:00 AM ET,TAXDEED,https://www.putnam.realtaxdeed.com/index.cfm?zaction=auction&zmethod=details&AID=1520761&bypassPage=1,https://apps.putnam-fl.com/pa/property/?type=api&parcel=04-10-24-9035-0090-0120,,www.putnam.realtaxdeed.com,2026-10-07T10:50:10+00:00
putnam,10/21/2026,09:00 AM ET,04-10-24-9035-0090-0130,2024-0002691,2024-0002691,,00 UNASSIGNED LOCATION RE,,,1524.55,,10/21/2026 09:00 AM ET,TAXDEED,https://www.putnam.realtaxdeed.com/index.cfm?zaction=auction&zmethod=details&AID=1520762&bypassPage=1,https://apps.putnam-fl.com/pa/property/?type=api&parcel=04-10-24-9035-0090-0130,,www.putnam.realtaxdeed.com,2026-10-07T10:50:10+00:00
putnam,10/21/2026,09:00 AM ET,05-10-24-4925-0010-0330,2024-0002853,2024-0002853,,00 UNASSIGNED LOCATION RE,,,1519.96,,10/21/2026 09:00 AM ET,TAXDEED,https://www.putnam.realtaxdeed.com/index.cfm?zaction=auction&zmethod=details&AID=1520763&bypassPage=1,https://apps.putnam-fl.com/pa/property/?type=api&parcel=05-10-24-4925-0010-0330,,www.putnam.realtaxdeed.com,2026-10-07T10:50:10+00:00
putnam,10/21/2026,09:00 AM ET,05-10-24-4925-0010-0350,2024-0002854,2024-0002854,,00 UNASSIGNED LOCATION RE,,,1519.71,,10/21/2026 09:00 AM ET,TAXDEED,https://www.putnam.realtaxdeed.com/index.cfm?zaction=auction&zmethod=details&AID=1520764&bypassPage=1,https://apps.putnam-fl.com/pa/property/?type=api&parcel=05-10-24-4925-0010-0350,,www.putnam.realtaxdeed.com,2026-10-07T10:50:10+00:00
putnam,10/21/2026,09:00 AM ET,06-13-27-4910-0040-0570,2024-0004339,2024-0004339,,"143 FERNCREEK DR, GEORGETOWN, FL- 32139",,,5439.41,,10/21/2026 09:00 AM ET,TAXDEED,https://www.putnam.realtaxdeed.com/index.cfm?zaction=auction&zmethod=details&AID=1520765&bypassPage=1,https://apps.putnam-fl.com/pa/property/?type=api&parcel=06-13-27-4910-0040-0570,,www.putnam.realtaxdeed.com,2026-10-07T10:50:10+00:00
putnam,10/21/2026,09:00 AM ET,07-10-24-7071-0370-0130,2024-0004762,2024-0004762,,00 UNASSIGNED LOCATION RE,,,1491.78,,10/21/2026 09:00 AM ET,TAXDEED,https://www.putnam.realtaxdeed.com/index.cfm?zaction=auction&zmethod=details&AID=1520766&bypassPage=1,https://apps.putnam-fl.com/pa/property/?type=api&parcel=07-10-24-7071-0370-0130,,www.putnam.realtaxdeed.com,2026-10-07T10:50:10+00:00
putnam,10/21/2026,09:00 AM ET,07-10-24-7071-0370-0140,2024-0004763,2024-0004763,,00 UNASSIGNED LOCATION RE,,,1579.9,,10/21/2026 09:00 AM ET,TAXDEED,https://www.putnam.realtaxdeed.com/index.cfm?zaction=auction&zmethod=details&AID=1520767&bypassPage=1,https://apps.putnam-fl.com/pa/property/?type=api&parcel=07-10-24-7071-0370-0140,,www.putnam.realtaxdeed.com,2026-10-07T10:50:10+00:00
putnam,10/21/2026,09:00 AM ET,08-10-24-6780-0020-0150,2019-0007014,2019-0007014,,00 UNASSIGNED LOCATION RE,,,2131.0,,10/21/2026 09:00 AM ET,TAXDEED,https://www.putnam.realtaxdeed.com/index.cfm?zaction=auction&zmethod=details&AID=1520706&bypassPage=1,https://apps.putnam-fl.com/pa/property/?type=api&parcel=08-10-24-6780-0020-0150,,www.putnam.realtaxdeed.com,2026-10-07T10:50:10+00:00
putnam,10/21/2026,09:00 AM ET,08-13-27-7063-1290-0350,2019-0007511,2019-0007511,,"426 TROPICAL DR, GEORGETOWN, FL- 32139",,,1304.12,,10/21/2026 09:00 AM ET,TAXDEED,https://www.putnam.realtaxdeed.com/index.cfm?zaction=auction&zmethod=details&AID=1520711&bypassPage=1,https://apps.putnam-fl.com/pa/property/?type=api&parcel=08-13-27-7063-1290-0350,,www.putnam.realtaxdeed.com,2026-10-07T10:50:10+00:00
putnam,10/21/2026,09:00 AM ET,08-13-27-7063-1290-0360,2019-0007509,2019-0007509,,"428 TROPICAL DR, GEORGETOWN, FL- 32139",,,1305.43,,10/21/2026 09:00 AM ET,TAXDEED,https://www.putnam.realtaxdeed.com/index.cfm?zaction=auction&zmethod=details&AID=1520709&bypassPage=1,https://apps.putnam-fl.com/pa/property/?type=api&parcel=08-13-27-7063-1290-0360,,www.putnam.realtaxdeed.com,2026-10-07T10:50:10+00:00
putnam,10/21/2026,09:00 AM ET,08-13-27-7063-1290-0370,2019-0007510,2019-0007510,,"430 TROPICAL DR, GEORGETOWN, FL- 32139",,,1312.15,,10/21/2026 09:00 AM ET,TAXDEED,https://www.putnam.realtaxdeed.com/index.cfm?zaction=auction&zmethod=details&AID=1520710&bypassPage=1,https://apps.putnam-fl.com/pa/property/?type=api&parcel=08-13-27-7063-1290-0370,,www.putnam.realtaxdeed.com,2026-10-07T10:50:10+00:00
putnam,10/21/2026,09:00 AM ET,08-13-27-7063-1290-0390,2019-0007508,2019-0007508,,"434 TROPICAL DR, GEORGETOWN, FL- 32139",,,1305.43,,10/21/2026 09:00 AM ET,TAXDEED,https://www.putnam.realtaxdeed.com/index.cfm?zaction=auction&zmethod=details&AID=1520708&bypassPage=1,https://apps.putnam-fl.com/pa/property/?type=api&parcel=08-13-27-7063-1290-0390,,www.putnam.realtaxdeed.com,2026-10-07T10:50:10+00:00
putnam,10/21/2026,09:00 AM ET,08-13-27-7063-1290-0400,2019-0007506,2019-0007506,,"436 TROPICAL DR, GEORGETOWN, FL- 32139",,,1312.55,,10/21/2026 09:00 AM ET,TAXDEED,https://www.putnam.realtaxdeed.com/index.cfm?zaction=auction&zmethod=details&AID=1520707&bypassPage=1,https://apps.putnam-fl.com/pa/property/?type=api&parcel=08-13-27-7063-1290-0400,,www.putnam.realtaxdeed.com,2026-10-07T10:50:10+00:00
putnam,10/21/2026,09:00 AM ET,09-10-24-0351-0020-0020,2024-0006108,2024-0006108,,"130 PHILLIS ST, INTERLACHEN, FL- 32148",,,23324.59,,10/21/2026 09:00 AM ET,TAXDEED,https://www.putnam.realtaxdeed.com/index.cfm?zaction=auction&zmethod=details&AID=1520768&bypassPage=1,https://apps.putnam-fl.com/pa/property/?type=api&parcel=09-10-24-0351-0020-0020,,www.putnam.realtaxdeed.com,2026-10-07T10:50:10+00:00
putnam,10/21/2026,09:00 AM ET,11-10-23-9303-0110-0030,2019-0009042,2019-0009042,,"103 INDIANAPOLIS ST, HAWTHORNE, FL- 32640",,,1330.66,,10/21/2026 09:00 AM ET,TAXDEED,https://www.putnam.realtaxdeed.com/index.cfm?zaction=auction&zmethod=details&AID=1520713&bypassPage=1,https://apps.putnam-fl.com/pa/property/?type=api&parcel=11-10-23-9303-0110-0030,,www.putnam.realtaxdeed.com,2026-10-07T10:50:10+00:00
putnam,10/21/2026,09:00 AM ET,11-10-23-9303-0110-0040,2019-0009043,2019-0009043,,"105 INDIANAPOLIS ST, HAWTHORNE, FL- 32640",,,1330.66,,10/21/2026 09:00 AM ET,TAXDEED,https://www.putnam.realtaxdeed.com/index.cfm?zaction=auction&zmethod=details&AID=1520714&bypassPage=1,https://apps.putnam-fl.com/pa/property/?type=api&parcel=11-10-23-9303-0110-0040,,www.putnam.realtaxdeed.com,2026-10-07T10:50:10+00:00
putnam,10/21/2026,09:00 AM ET,11-10-23-9303-0110-0050,2019-0009044,2019-0009044,,"107 INDIANAPOLIS ST, HAWTHORNE, FL- 32640",,,1339.63,,10/21/2026 09:00 AM ET,TAXDEED,https://www.putnam.realtaxdeed.com/index.cfm?zaction=auction&zmethod=details&AID=1520715&bypassPage=1,https://apps.putnam-fl.com/pa/property/?type=api&parcel=11-10-23-9303-0110-0050,,www.putnam.realtaxdeed.com,2026-10-07T10:50:10+00:00
putnam,10/21/2026,09:00 AM ET,11-10-23-9303-0110-0070,2019-0009030,2019-0009030,,"111 INDIANAPOLIS ST, HAWTHORNE, FL- 32640",,,1333.32,,10/21/2026 09:00 AM ET,TAXDEED,https://www.putnam.realtaxdeed.com/index.cfm?zaction=auction&zmethod=details&AID=1520712&bypassPage=1,https://apps.putnam-fl.com/pa/property/?type=api&parcel=11-10-23-9303-0110-0070,,www.putnam.realtaxdeed.com,2026-10-07T10:50:10+00:00
putnam,10/21/2026,09:00 AM ET,11-10-23-9314-0070-0280,2019-0009356,2019-0009356,,"126 SOUTH DAKOTA ST, HAWTHORNE, FL- 32640",,,1244.76,,10/21/2026 09:00 AM ET,TAXDEED,https://www.putnam.realtaxdeed.com/index.cfm?zaction=auction&zmethod=details&AID=1520717&bypassPage=1,https://apps.putnam-fl.com/pa/property/?type=api&parcel=11-10-23-9314-0070-0280,,www.putnam.realtaxdeed.com,2026-10-07T10:50:10+00:00
putnam,10/21/2026,09:00 AM ET,11-10-23-9314-0070-0290,2019-0009355,2019-0009355,,"124 SOUTH DAKOTA ST, HAWTHORNE, FL- 32640",,,1244.76,,10/21/2026 09:00 AM ET,TAXDEED,https://www.putnam.realtaxdeed.com/index.cfm?zaction=auction&zmethod=details&AID=1520716&bypassPage=1,https://apps.putnam-fl.com/pa/property/?type=api&parcel=11-10-23-9314-0070-0290,,www.putnam.realtaxdeed.com,2026-10-07T10:50:10+00:00
putnam,10/21/2026,09:00 AM ET,12-10-23-1660-0020-0520,2019-0010095,2019-0010095,,00 UNASSIGNED LOCATION RE,,,1403.74,,10/21/2026 09:00 AM ET,TAXDEED,https://www.putnam.realtaxdeed.com/index.cfm?zaction=auction&zmethod=details&AID=1520718&bypassPage=1,https://apps.putnam-fl.com/pa/property/?type=api&parcel=12-10-23-1660-0020-0520,,www.putnam.realtaxdeed.com,2026-10-07T10:50:10+00:00
putnam,10/21/2026,09:00 AM ET,12-10-23-1660-0020-0530,2019-0010097,2019-0010097,,00 UNASSIGNED LOCATION RE,,,1409.21,,10/21/2026 09:00 AM ET,TAXDEED,https://www.putnam.realtaxdeed.com/index.cfm?zaction=auction&zmethod=details&AID=1520719&bypassPage=1,https://apps.putnam-fl.com/pa/property/?type=api&parcel=12-10-23-1660-0020-0530,,www.putnam.realtaxdeed.com,2026-10-07T10:50:10+00:00
putnam,10/21/2026,09:00 AM ET,14-09-24-4076-1540-0170,2024-0009202,2024-0009202,,"105 JOEL AV, INTERLACHEN, FL- 32148",,,6908.74,,10/21/2026 09:00 AM ET,TAXDEED,https://www.putnam.realtaxdeed.com/index.cfm?zaction=auction&zmethod=details&AID=1520769&bypassPage=1,https://apps.putnam-fl.com/pa/property/?type=api&parcel=14-09-24-4076-1540-0170,,www.putnam.realtaxdeed.com,2026-10-07T10:50:10+00:00
putnam,10/21/2026,09:00 AM ET,14-10-23-9314-0010-0450,2019-0012119,2019-0012119,,"319 BADEN POWELL RD, HAWTHORNE, FL- 32640",,,1534.91,,10/21/2026 09:00 AM ET,TAXDEED,https://www.putnam.realtaxdeed.com/index.cfm?zaction=auction&zmethod=details&AID=1520721&bypassPage=1,https://apps.putnam-fl.com/pa/property/?type=api&parcel=14-10-23-9314-0010-0450,,www.putnam.realtaxdeed.com,2026-10-07T10:50:10+00:00
putnam,10/21/2026,09:00 AM ET,14-10-23-9314-0010-0460,2019-0012118,2019-0012118,,"317 BADEN POWELL RD, HAWTHORNE, FL- 32640",,,1541.63,,10/21/2026 09:00 AM ET,TAXDEED,https://www.putnam.realtaxdeed.com/index.cfm?zaction=auction&zmethod=details&AID=1520720&bypassPage=1,https://apps.putnam-fl.com/pa/property/?type=api&parcel=14-10-23-9314-0010-0460,,www.putnam.realtaxdeed.com,2026-10-07T10:50:10+00:00
putnam,10/21/2026,,18-10-24-5112-0050-0130,2024-0010505,2024-0010505,,"223 4TH WAY, INTERLACHEN, FL- 32148",,,44698.63,,Redeemed,TAXDEED,https://www.putnam.realtaxdeed.com/index.cfm?zaction=auction&zmethod=details&AID=1520770&bypassPage=1,https://apps.putnam-fl.com/pa/property/?type=api&parcel=18-10-24-5112-0050-0130,,www.putnam.realtaxdeed.com,2026-10-07T10:50:10+00:00
putnam,10/21/2026,09:00 AM ET,20-10-23-0000-0010-0030,2024-0010973,2024-0010973,,"1964 STATE RD 20, HAWTHORNE, FL- 32640",,,26177.45,,10/21/2026 09:00 AM ET,TAXDEED,https://www.putnam.realtaxdeed.com/index.cfm?zaction=auction&zmethod=details&AID=1520771&bypassPage=1,https://apps.putnam-fl.com/pa/property/?type=api&parcel=20-10-23-0000-0010-0030,,www.putnam.realtaxdeed.com,2026-10-07T10:50:10+00:00
putnam,10/21/2026,09:00 AM ET,34-12-27-5620-0050-0250,2019-0019898,2019-0019898,,00 UNASSIGNED LOCATION RE,,,2259.03,,10/21/2026 09:00 AM ET,TAXDEED,https://www.putnam.realtaxdeed.com/index.cfm?zaction=auction&zmethod=details&AID=1520722&bypassPage=1,https://apps.putnam-fl.com/pa/property/?type=api&parcel=34-12-27-5620-0050-0250,,www.putnam.realtaxdeed.com,2026-10-07T10:50:10+00:00
putnam,10/21/2026,09:00 AM ET,37-13-27-7063-1090-0090,2019-0021322,2019-0021322,,"210 SIESTA DR, GEORGETOWN, FL- 32139",,,1229.07,,10/21/2026 09:00 AM ET,TAXDEED,https://www.putnam.realtaxdeed.com/index.cfm?zaction=auction&zmethod=details&AID=1520723&bypassPage=1,https://apps.putnam-fl.com/pa/property/?type=api&parcel=37-13-27-7063-1090-0090,,www.putnam.realtaxdeed.com,2026-10-07T10:50:10+00:00
putnam,10/21/2026,09:00 AM ET,37-13-27-7063-1120-0010,2019-0021357,2019-0021357,,"105 NASSAU CT, GEORGETOWN, FL- 32139",,,1338.88,,10/21/2026 09:00 AM ET,TAXDEED,https://www.putnam.realtaxdeed.com/index.cfm?zaction=auction&zmethod=details&AID=1520724&bypassPage=1,https://apps.putnam-fl.com/pa/property/?type=api&parcel=37-13-27-7063-1120-0010,,www.putnam.realtaxdeed.com,2026-10-07T10:50:10+00:00
putnam,10/21/2026,09:00 AM ET,37-13-27-7063-1160-0290,2019-0021412,2019-0021412,,"218 CHIPOLA DR, GEORGETOWN, FL- 32139",,,1263.44,,10/21/2026 09:00 AM ET,TAXDEED,https://www.putnam.realtaxdeed.com/index.cfm?zaction=auction&zmethod=details&AID=1520726&bypassPage=1,https://apps.putnam-fl.com/pa/property/?type=api&parcel=37-13-27-7063-1160-0290,,www.putnam.realtaxdeed.com,2026-10-07T10:50:10+00:00
putnam,10/21/2026,09:00 AM ET,37-13-27-7063-1160-0340,2019-0021402,2019-0021402,,"228 CHIPOLA DR, GEORGETOWN, FL- 32139",,,1293.95,,10/21/2026 09:00 AM ET,TAXDEED,https://www.putnam.realtaxdeed.com/index.cfm?zaction=auction&zmethod=details&AID=1520725&bypassPage=1,https://apps.putnam-fl.com/pa/property/?type=api&parcel=37-13-27-7063-1160-0340,,www.putnam.realtaxdeed.com,2026-10-07T10:50:10+00:00
putnam,10/21/2026,09:00 AM ET,37-13-27-7063-1170-0110,2019-0021456,2019-0021456,,"221 CHIPOLA DR, GEORGETOWN, FL- 32139",,,1263.98,,10/21/2026 09:00 AM ET,TAXDEED,https://www.putnam.realtaxdeed.com/index.cfm?zaction=auction&zmethod=details&AID=1520727&bypassPage=1,https://apps.putnam-fl.com/pa/property/?type=api&parcel=37-13-27-7063-1170-0110,,www.putnam.realtaxdeed.com,2026-10-07T10:50:10+00:00
putnam,10/21/2026,09:00 AM ET,37-13-27-7063-1190-0180,2019-0021496,2019-0021496,,"335 SIESTA DR, GEORGETOWN, FL- 32139",,,1251.86,,10/21/2026 09:00 AM ET,TAXDEED,https://www.putnam.realtaxdeed.com/index.cfm?zaction=auction&zmethod=details&AID=1520732&bypassPage=1,https://apps.putnam-fl.com/pa/property/?type=api&parcel=37-13-27-7063-1190-0180,,www.putnam.realtaxdeed.com,2026-10-07T10:50:10+00:00
putnam,10/21/2026,09:00 AM ET,37-13-27-7063-1200-0300,2019-0021515,2019-0021515,,"118 MANDARIN AV, GEORGETOWN, FL- 32139",,,1284.57,,10/21/2026 09:00 AM ET,TAXDEED,https://www.putnam.realtaxdeed.com/index.cfm?zaction=auction&zmethod=details&AID=1520735&bypassPage=1,https://apps.putnam-fl.com/pa/property/?type=api&parcel=37-13-27-7063-1200-0300,,www.putnam.realtaxdeed.com,2026-10-07T10:50:10+00:00
putnam,10/21/2026,09:00 AM ET,37-13-27-7063-1200-0310,2019-0021513,2019-0021513,,"120 MANDARIN AV, GEORGETOWN, FL- 32139",,,1278.26,,10/21/2026 09:00 AM ET,TAXDEED,https://www.putnam.realtaxdeed.com/index.cfm?zaction=auction&zmethod=details&AID=1520734&bypassPage=1,https://apps.putnam-fl.com/pa/property/?type=api&parcel=37-13-27-7063-1200-0310,,www.putnam.realtaxdeed.com,2026-10-07T10:50:10+00:00
putnam,10/21/2026,09:00 AM ET,37-13-27-7063-1200-0340,2019-0021488,2019-0021488,,"126 MANDARIN AV, GEORGETOWN, FL- 32139",,,1331.79,,10/21/2026 09:00 AM ET,TAXDEED,https://www.putnam.realtaxdeed.com/index.cfm?zaction=auction&zmethod=details&AID=1520728&bypassPage=1,https://apps.putnam-fl.com/pa/property/?type=api&parcel=37-13-27-7063-1200-0340,,www.putnam.realtaxdeed.com,2026-10-07T10:50:10+00:00
putnam,10/21/2026,09:00 AM ET,37-13-27-7063-1200-0350,2019-0021490,2019-0021490,,"128 MANDARIN AV, GEORGETOWN, FL- 32139",,,1240.27,,10/21/2026 09:00 AM ET,TAXDEED,https://www.putnam.realtaxdeed.com/index.cfm?zaction=auction&zmethod=details&AID=1520729&bypassPage=1,https://apps.putnam-fl.com/pa/property/?type=api&parcel=37-13-27-7063-1200-0350,,www.putnam.realtaxdeed.com,2026-10-07T10:50:10+00:00
putnam,10/21/2026,09:00 AM ET,37-13-27-7063-1200-0360,2019-0021492,2019-0021492,,"130 MANDARIN AV, GEORGETOWN, FL- 32139",,,1271.13,,10/21/2026 09:00 AM ET,TAXDEED,https://www.putnam.realtaxdeed.com/index.cfm?zaction=auction&zmethod=details&AID=1520730&bypassPage=1,https://apps.putnam-fl.com/pa/property/?type=api&parcel=37-13-27-7063-1200-0360,,www.putnam.realtaxdeed.com,2026-10-07T10:50:10+00:00
putnam,10/21/2026,09:00 AM ET,37-13-27-7063-1200-0370,2019-0021495,2019-0021495,,"132 MANDARIN AV, GEORGETOWN, FL- 32139",,,1304.73,,10/21/2026 09:00 AM ET,TAXDEED,https://www.putnam.realtaxdeed.com/index.cfm?zaction=auction&zmethod=details&AID=1520731&bypassPage=1,https://apps.putnam-fl.com/pa/property/?type=api&parcel=37-13-27-7063-1200-0370,,www.putnam.realtaxdeed.com,2026-10-07T10:50:10+00:00
putnam,10/21/2026,09:00 AM ET,37-13-27-7063-1210-0050,2019-0021501,2019-0021501,,00 UNASSIGNED LOCATION RE,,,1297.75,,10/21/2026 09:00 AM ET,TAXDEED,https://www.putnam.realtaxdeed.com/index.cfm?zaction=auction&zmethod=details&AID=1520733&bypassPage=1,https://apps.putnam-fl.com/pa/property/?type=api&parcel=37-13-27-7063-1210-0050,,www.putnam.realtaxdeed.com,2026-10-07T10:50:10+00:00
putnam,10/21/2026,09:00 AM ET,37-13-27-7063-1240-0010,2019-0021527,2019-0021527,,00 UNASSIGNED LOCATION RE,,,1320.17,,10/21/2026 09:00 AM ET,TAXDEED,https://www.putnam.realtaxdeed.com/index.cfm?zaction=auction&zmethod=details&AID=1520737&bypassPage=1,https://apps.putnam-fl.com/pa/property/?type=api&parcel=37-13-27-7063-1240-0010,,www.putnam.realtaxdeed.com,2026-10-07T10:50:10+00:00
putnam,10/21/2026,09:00 AM ET,37-13-27-7063-1240-0060,2019-0021529,2019-0021529,,00 UNASSIGNED LOCATION RE,,,1312.21,,10/21/2026 09:00 AM ET,TAXDEED,https://www.putnam.realtaxdeed.com/index.cfm?zaction=auction&zmethod=details&AID=1520739&bypassPage=1,https://apps.putnam-fl.com/pa/property/?type=api&parcel=37-13-27-7063-1240-0060,,www.putnam.realtaxdeed.com,2026-10-07T10:50:10+00:00
putnam,10/21/2026,09:00 AM ET,37-13-27-7063-1240-0070,2019-0021528,2019-0021528,,00 UNASSIGNED LOCATION RE,,,1258.26,,10/21/2026 09:00 AM ET,TAXDEED,https://www.putnam.realtaxdeed.com/index.cfm?zaction=auction&zmethod=details&AID=1520738&bypassPage=1,https://apps.putnam-fl.com/pa/property/?type=api&parcel=37-13-27-7063-1240-0070,,www.putnam.realtaxdeed.com,2026-10-07T10:50:10+00:00
putnam,10/21/2026,09:00 AM ET,37-13-27-7063-1250-0010,2019-0021524,2019-0021524,,00 UNASSIGNED LOCATION RE,,,1299.98,,10/21/2026 09:00 AM ET,TAXDEED,https://www.putnam.realtaxdeed.com/index.cfm?zaction=auction&zmethod=details&AID=1520736&bypassPage=1,https://apps.putnam-fl.com/pa/property/?type=api&parcel=37-13-27-7063-1250-0010,,www.putnam.realtaxdeed.com,2026-10-07T10:50:10+00:00
putnam,10/21/2026,09:00 AM ET,37-13-27-7063-1270-0090,2019-0021532,2019-0021532,,"317 E EDGEWOOD DR, GEORGETOWN, FL- 32139",,,1291.69,,10/21/2026 09:00 AM ET,TAXDEED,https://www.putnam.realtaxdeed.com/index.cfm?zaction=auction&zmethod=details&AID=1520740&bypassPage=1,https://apps.putnam-fl.com/pa/property/?type=api&parcel=37-13-27-7063-1270-0090,,www.putnam.realtaxdeed.com,2026-10-07T10:50:10+00:00
putnam,10/21/2026,09:00 AM ET,39-09-27-0000-0003-0000,2019-0021636,2019-0021636,,00 UNASSIGNED LOCATION RE,,,1307.42,,10/21/2026 09:00 AM ET,TAXDEED,https://www.putnam.realtaxdeed.com/index.cfm?zaction=auction&zmethod=details&AID=1520741&bypassPage=1,https://apps.putnam-fl.com/pa/property/?type=api&parcel=39-09-27-0000-0003-0000,,www.putnam.realtaxdeed.com,2026-10-07T10:50:10+00:00
putnam,10/21/2026,09:00 AM ET,42-10-27-6850-0790-0051,2019-0022347,2019-0022347,,"603 N 9TH ST, PALATKA, FL- 32177",,,2760.01,,10/21/2026 09:00 AM ET,TAXDEED,https://www.putnam.realtaxdeed.com/index.cfm?zaction=auction&zmethod=details&AID=1520742&bypassPage=1,https://apps.putnam-fl.com/pa/property/?type=api&parcel=42-10-27-6850-0790-0051,,www.putnam.realtaxdeed.com,2026-10-07T10:50:10+00:00
putnam,11/04/2026,09:00 AM ET,01-09-24-4086-0100-0580,2019-0000136,2019-0000136,,00 UNASSIGNED LOCATION RE,,,2936.95,,11/04/2026 09:00 AM ET,TAXDEED,https://www.putnam.realtaxdeed.com/index.cfm?zaction=auction&zmethod=details&AID=1524005&bypassPage=1,https://apps.putnam-fl.com/pa/property/?type=api&parcel=01-09-24-4086-0100-0580,,www.putnam.realtaxdeed.com,2026-10-07T10:50:37+00:00
putnam,11/04/2026,09:00 AM ET,01-11-26-8241-0100-0320,2019-0000582,2019-0000582,,00 UNASSIGNED LOCATION RE,,,1397.11,,11/04/2026 09:00 AM ET,TAXDEED,https://www.putnam.realtaxdeed.com/index.cfm?zaction=auction&zmethod=details&AID=1524006&bypassPage=1,https://apps.putnam-fl.com/pa/property/?type=api&parcel=01-11-26-8241-0100-0320,,www.putnam.realtaxdeed.com,2026-10-07T10:50:37+00:00
putnam,11/04/2026,09:00 AM ET,02-12-27-1829-0060-0140,2024-0000956,2024-0000956,,"109 MALLARD DR, CRESCENT CITY, FL- 32112",,,1105.64,,11/04/2026 09:00 AM ET,TAXDEED,https://www.putnam.realtaxdeed.com/index.cfm?zaction=auction&zmethod=details&AID=1524035&bypassPage=1,https://apps.putnam-fl.com/pa/property/?type=api&parcel=02-12-27-1829-0060-0140,,www.putnam.realtaxdeed.com,2026-10-07T10:50:37+00:00
putnam,11/04/2026,09:00 AM ET,04-10-24-5531-0110-0490,2019-0002582,2019-0002582,,00 UNASSIGNED LOCATION RE,,,1508.76,,11/04/2026 09:00 AM ET,TAXDEED,https://www.putnam.realtaxdeed.com/index.cfm?zaction=auction&zmethod=details&AID=1524007&bypassPage=1,https://apps.putnam-fl.com/pa/property/?type=api&parcel=04-10-24-5531-0110-0490,,www.putnam.realtaxdeed.com,2026-10-07T10:50:37+00:00
putnam,11/04/2026,09:00 AM ET,04-10-24-5531-0110-0500,2019-0002591,2019-0002591,,00 UNASSIGNED LOCATION RE,,,1416.14,,11/04/2026 09:00 AM ET,TAXDEED,https://www.putnam.realtaxdeed.com/index.cfm?zaction=auction&zmethod=details&AID=1524009&bypassPage=1,https://apps.putnam-fl.com/pa/property/?type=api&parcel=04-10-24-5531-0110-0500,,www.putnam.realtaxdeed.com,2026-10-07T10:50:37+00:00
putnam,11/04/2026,09:00 AM ET,04-10-24-5531-0110-0510,2019-0002593,2019-0002593,,00 Unassigned Location RE,,,1273.28,,11/04/2026 09:00 AM ET,TAXDEED,https://www.putnam.realtaxdeed.com/index.cfm?zaction=auction&zmethod=details&AID=1524010&bypassPage=1,https://apps.putnam-fl.com/pa/property/?type=api&parcel=04-10-24-5531-0110-0510,,www.putnam.realtaxdeed.com,2026-10-07T10:50:37+00:00
putnam,11/04/2026,09:00 AM ET,04-10-24-5531-0110-0520,2019-0002589,2019-0002589,,00 UNASSIGNED LOCATION RE,,,1280.08,,11/04/2026 09:00 AM ET,TAXDEED,https://www.putnam.realtaxdeed.com/index.cfm?zaction=auction&zmethod=details&AID=1524008&bypassPage=1,https://apps.putnam-fl.com/pa/property/?type=api&parcel=04-10-24-5531-0110-0520,,www.putnam.realtaxdeed.com,2026-10-07T10:50:37+00:00
putnam,11/04/2026,09:00 AM ET,04-10-24-5533-0180-0370,2019-0002840,2019-0002840,,00 Unassigned Location RE,,,1412.25,,11/04/2026 09:00 AM ET,TAXDEED,https://www.putnam.realtaxdeed.com/index.cfm?zaction=auction&zmethod=details&AID=1524011&bypassPage=1,https://apps.putnam-fl.com/pa/property/?type=api&parcel=04-10-24-5533-0180-0370,,www.putnam.realtaxdeed.com,2026-10-07T10:50:37+00:00
putnam,11/04/2026,09:00 AM ET,04-10-24-9035-0010-0870,2024-0002564,2024-0002564,,00 Unassigned Location RE,,,1101.56,,11/04/2026 09:00 AM ET,TAXDEED,https://www.putnam.realtaxdeed.com/index.cfm?zaction=auction&zmethod=details&AID=1524036&bypassPage=1,https://apps.putnam-fl.com/pa/property/?type=api&parcel=04-10-24-9035-0010-0870,,www.putnam.realtaxdeed.com,2026-10-07T10:50:37+00:00
putnam,11/04/2026,09:00 AM ET,04-10-24-9035-0010-0880,2024-0002565,2024-0002565,,00 Unassigned Location RE,,,933.85,,11/04/2026 09:00 AM ET,TAXDEED,https://www.putnam.realtaxdeed.com/index.cfm?zaction=auction&zmethod=details&AID=1524037&bypassPage=1,https://apps.putnam-fl.com/pa/property/?type=api&parcel=04-10-24-9035-0010-0880,,www.putnam.realtaxdeed.com,2026-10-07T10:50:37+00:00
putnam,11/04/2026,09:00 AM ET,04-10-24-9035-0040-0010,2019-0003499,2019-0003499,,00 Unassigned Location RE,,,1545.71,,11/04/2026 09:00 AM ET,TAXDEED,https://www.putnam.realtaxdeed.com/index.cfm?zaction=auction&zmethod=details&AID=1524012&bypassPage=1,https://apps.putnam-fl.com/pa/property/?type=api&parcel=04-10-24-9035-0040-0010,,www.putnam.realtaxdeed.com,2026-10-07T10:50:37+00:00
putnam,11/04/2026,09:00 AM ET,04-10-24-9035-0050-0010,2019-0003520,2019-0003520,,00 Unassigned Location RE,,,1601.78,,11/04/2026 09:00 AM ET,TAXDEED,https://www.putnam.realtaxdeed.com/index.cfm?zaction=auction&zmethod=details&AID=1524013&bypassPage=1,https://apps.putnam-fl.com/pa/property/?type=api&parcel=04-10-24-9035-0050-0010,,www.putnam.realtaxdeed.com,2026-10-07T10:50:37+00:00
putnam,11/04/2026,09:00 AM ET,04-10-24-9035-0060-0450,2019-0003552,2019-0003552,,00 Unassigned Location RE,,,1527.16,,11/04/2026 09:00 AM ET,TAXDEED,https://www.putnam.realtaxdeed.com/index.cfm?zaction=auction&zmethod=details&AID=1524014&bypassPage=1,https://apps.putnam-fl.com/pa/property/?type=api&parcel=04-10-24-9035-0060-0450,,www.putnam.realtaxdeed.com,2026-10-07T10:50:37+00:00
putnam,11/04/2026,09:00 AM ET,04-10-24-9035-0060-0460,2019-0003555,2019-0003555,,00 Unassigned Location RE,,,1439.98,,11/04/2026 09:00 AM ET,TAXDEED,https://www.putnam.realtaxdeed.com/index.cfm?zaction=auction&zmethod=details&AID=1524015&bypassPage=1,https://apps.putnam-fl.com/pa/property/?type=api&parcel=04-10-24-9035-0060-0460,,www.putnam.realtaxdeed.com,2026-10-07T10:50:37+00:00
putnam,11/04/2026,09:00 AM ET,05-10-24-4928-0050-0420,2023-0003619,2023-0003619,,00 Unassigned Location RE,,,1424.5,,11/04/2026 09:00 AM ET,TAXDEED,https://www.putnam.realtaxdeed.com/index.cfm?zaction=auction&zmethod=details&AID=1524030&bypassPage=1,https://apps.putnam-fl.com/pa/property/?type=api&parcel=05-10-24-4928-0050-0420,,www.putnam.realtaxdeed.com,2026-10-07T10:50:37+00:00
putnam,11/04/2026,09:00 AM ET,06-11-26-0000-8888-1158,2019-0005331,2019-0005331,,00 Unassigned Location RE,,,2250.81,,11/04/2026 09:00 AM ET,TAXDEED,https://www.putnam.realtaxdeed.com/index.cfm?zaction=auction&zmethod=details&AID=1524016&bypassPage=1,https://apps.putnam-fl.com/pa/property/?type=api&parcel=06-11-26-0000-8888-1158,,www.putnam.realtaxdeed.com,2026-10-07T10:50:37+00:00
putnam,11/04/2026,09:00 AM ET,06-13-28-1830-0020-0180,2024-0004454,2024-0004454,,"2785 S HIGHWAY 17, CRESCENT CITY, FL- 32112",,,1147.04,,11/04/2026 09:00 AM ET,TAXDEED,https://www.putnam.realtaxdeed.com/index.cfm?zaction=auction&zmethod=details&AID=1524038&bypassPage=1,https://apps.putnam-fl.com/pa/property/?type=api&parcel=06-13-28-1830-0020-0180,,www.putnam.realtaxdeed.com,2026-10-07T10:50:37+00:00
putnam,11/04/2026,09:00 AM ET,07-10-24-4211-0130-0060,2024-0004537,2024-0004537,,00 Unassigned Location RE,,,1305.95,,11/04/2026 09:00 AM ET,TAXDEED,https://www.putnam.realtaxdeed.com/index.cfm?zaction=auction&zmethod=details&AID=1524039&bypassPage=1,https://apps.putnam-fl.com/pa/property/?type=api&parcel=07-10-24-4211-0130-0060,,www.putnam.realtaxdeed.com,2026-10-07T10:50:37+00:00
putnam,11/04/2026,09:00 AM ET,07-11-23-9530-0000-0350,2023-0005783,2023-0005783,,"102 PINE DR, HAWTHORNE, FL- 32640",,,6169.49,,11/04/2026 09:00 AM ET,TAXDEED,https://www.putnam.realtaxdeed.com/index.cfm?zaction=auction&zmethod=details&AID=1524031&bypassPage=1,https://apps.putnam-fl.com/pa/property/?type=api&parcel=07-11-23-9530-0000-0350,,www.putnam.realtaxdeed.com,2026-10-07T10:50:37+00:00
putnam,11/04/2026,09:00 AM ET,07-13-27-7060-0090-0060,2024-0005176,2024-0005176,,"211 NORTHEAST BLVD, GEORGETOWN, FL- 32139",,,1187.62,,11/04/2026 09:00 AM ET,TAXDEED,https://www.putnam.realtaxdeed.com/index.cfm?zaction=auction&zmethod=details&AID=1524040&bypassPage=1,https://apps.putnam-fl.com/pa/property/?type=api&parcel=07-13-27-7060-0090-0060,,www.putnam.realtaxdeed.com,2026-10-07T10:50:37+00:00
putnam,11/04/2026,09:00 AM ET,07-13-27-7060-0120-0160,2024-0005189,2024-0005189,,"131 SE 1ST ST, GEORGETOWN, FL- 32139",,,1094.69,,11/04/2026 09:00 AM ET,TAXDEED,https://www.putnam.realtaxdeed.com/index.cfm?zaction=auction&zmethod=details&AID=1524041&bypassPage=1,https://apps.putnam-fl.com/pa/property/?type=api&parcel=07-13-27-7060-0120-0160,,www.putnam.realtaxdeed.com,2026-10-07T10:50:37+00:00
putnam,11/04/2026,09:00 AM ET,08-13-27-7061-0580-0110,2024-0005839,2024-0005839,,"521 CARTERET RD, GEORGETOWN, FL- 32139",,,1114.92,,11/04/2026 09:00 AM ET,TAXDEED,https://www.putnam.realtaxdeed.com/index.cfm?zaction=auction&zmethod=details&AID=1524042&bypassPage=1,https://apps.putnam-fl.com/pa/property/?type=api&parcel=08-13-27-7061-0580-0110,,www.putnam.realtaxdeed.com,2026-10-07T10:50:37+00:00
putnam,11/04/2026,09:00 AM ET,09-10-24-0351-0030-0160,2024-0006117,2024-0006117,,00 Unassigned Location RE,,,1021.07,,11/04/2026 09:00 AM ET,TAXDEED,https://www.putnam.realtaxdeed.com/index.cfm?zaction=auction&zmethod=details&AID=1524043&bypassPage=1,https://apps.putnam-fl.com/pa/property/?type=api&parcel=09-10-24-0351-0030-0160,,www.putnam.realtaxdeed.com,2026-10-07T10:50:37+00:00
putnam,11/04/2026,09:00 AM ET,09-10-24-0351-0030-0170,2024-0006118,2024-0006118,,00 Unassigned Location RE,,,1033.47,,11/04/2026 09:00 AM ET,TAXDEED,https://www.putnam.realtaxdeed.com/index.cfm?zaction=auction&zmethod=details&AID=1524044&bypassPage=1,https://apps.putnam-fl.com/pa/property/?type=api&parcel=09-10-24-0351-0030-0170,,www.putnam.realtaxdeed.com,2026-10-07T10:50:37+00:00
putnam,11/04/2026,09:00 AM ET,09-10-24-4069-0680-0090,2024-0006417,2024-0006417,,00 Unassigned Location RE,,,1926.45,,11/04/2026 09:00 AM ET,TAXDEED,https://www.putnam.realtaxdeed.com/index.cfm?zaction=auction&zmethod=details&AID=1524045&bypassPage=1,https://apps.putnam-fl.com/pa/property/?type=api&parcel=09-10-24-4069-0680-0090,,www.putnam.realtaxdeed.com,2026-10-07T10:50:37+00:00
putnam,11/04/2026,09:00 AM ET,11-10-23-9306-0160-0250,2024-0007281,2024-0007281,,00 Unassigned Location RE,,,1537.64,,11/04/2026 09:00 AM ET,TAXDEED,https://www.putnam.realtaxdeed.com/index.cfm?zaction=auction&zmethod=details&AID=1524046&bypassPage=1,https://apps.putnam-fl.com/pa/property/?type=api&parcel=11-10-23-9306-0160-0250,,www.putnam.realtaxdeed.com,2026-10-07T10:50:37+00:00
putnam,11/04/2026,09:00 AM ET,13-09-27-0000-0181-0000,2020-0012445,2020-0012445,,"781 COUNTY LINE RD, EAST PALATKA, FL- 32131",,,7061.97,,11/04/2026 09:00 AM ET,TAXDEED,https://www.putnam.realtaxdeed.com/index.cfm?zaction=auction&zmethod=details&AID=1524025&bypassPage=1,https://apps.putnam-fl.com/pa/property/?type=api&parcel=13-09-27-0000-0181-0000,,www.putnam.realtaxdeed.com,2026-10-07T10:50:37+00:00
putnam,11/04/2026,09:00 AM ET,13-11-26-8244-0010-0060,2019-0011632,2019-0011632,,"113 WISCONSIN CT, SATSUMA, FL- 32189",,,1523.43,,11/04/2026 09:00 AM ET,TAXDEED,https://www.putnam.realtaxdeed.com/index.cfm?zaction=auction&zmethod=details&AID=1524017&bypassPage=1,https://apps.putnam-fl.com/pa/property/?type=api&parcel=13-11-26-8244-0010-0060,,www.putnam.realtaxdeed.com,2026-10-07T10:50:37+00:00
putnam,11/04/2026,09:00 AM ET,14-10-24-4070-0060-0180,2024-0009327,2024-0009327,,Unassigned Location PP,,,1679.43,,11/04/2026 09:00 AM ET,TAXDEED,https://www.putnam.realtaxdeed.com/index.cfm?zaction=auction&zmethod=details&AID=1524047&bypassPage=1,https://apps.putnam-fl.com/pa/property/?type=api&parcel=14-10-24-4070-0060-0180,,www.putnam.realtaxdeed.com,2026-10-07T10:50:37+00:00
putnam,11/04/2026,09:00 AM ET,14-10-24-4070-0060-0190,2024-0009328,2024-0009328,,"114 CHANDLER ST, INTERLACHEN, FL- 32148",,,1679.43,,11/04/2026 09:00 AM ET,TAXDEED,https://www.putnam.realtaxdeed.com/index.cfm?zaction=auction&zmethod=details&AID=1524048&bypassPage=1,https://apps.putnam-fl.com/pa/property/?type=api&parcel=14-10-24-4070-0060-0190,,www.putnam.realtaxdeed.com,2026-10-07T10:50:37+00:00
putnam,11/04/2026,09:00 AM ET,14-12-26-0000-0010-0460,2019-0012344,2019-0012344,,"109 CAROL CT, WELAKA, FL- 32193",,,2124.35,,11/04/2026 09:00 AM ET,TAXDEED,https://www.putnam.realtaxdeed.com/index.cfm?zaction=auction&zmethod=details&AID=1524018&bypassPage=1,https://apps.putnam-fl.com/pa/property/?type=api&parcel=14-12-26-0000-0010-0460,,www.putnam.realtaxdeed.com,2026-10-07T10:50:37+00:00
putnam,11/04/2026,09:00 AM ET,17-10-23-7075-0020-0090,2024-0009843,2024-0009843,,"115 MAGNOLIA AV, HAWTHORNE, FL- 32640",,,1845.76,,11/04/2026 09:00 AM ET,TAXDEED,https://www.putnam.realtaxdeed.com/index.cfm?zaction=auction&zmethod=details&AID=1524049&bypassPage=1,https://apps.putnam-fl.com/pa/property/?type=api&parcel=17-10-23-7075-0020-0090,,www.putnam.realtaxdeed.com,2026-10-07T10:50:37+00:00
putnam,11/04/2026,09:00 AM ET,17-10-24-4074-0190-0010,2024-0010060,2024-0010060,,00 Unassigned Location RE,,,2158.88,,11/04/2026 09:00 AM ET,TAXDEED,https://www.putnam.realtaxdeed.com/index.cfm?zaction=auction&zmethod=details&AID=1524050&bypassPage=1,https://apps.putnam-fl.com/pa/property/?type=api&parcel=17-10-24-4074-0190-0010,,www.putnam.realtaxdeed.com,2026-10-07T10:50:37+00:00
putnam,11/04/2026,09:00 AM ET,18-08-25-5106-6120-0170,2020-0014233,2020-0014233,,"131 GRANADA DR, FLORAHOME, FL- 32140",,,1354.37,,11/04/2026 09:00 AM ET,TAXDEED,https://www.putnam.realtaxdeed.com/index.cfm?zaction=auction&zmethod=details&AID=1524027&bypassPage=1,https://apps.putnam-fl.com/pa/property/?type=api&parcel=18-08-25-5106-6120-0170,,www.putnam.realtaxdeed.com,2026-10-07T10:50:37+00:00
putnam,11/04/2026,09:00 AM ET,18-08-25-5106-6170-0200,2020-0014147,2020-0014147,,"105 EAST DR, FLORAHOME, FL- 32140",,,1496.95,,11/04/2026 09:00 AM ET,TAXDEED,https://www.putnam.realtaxdeed.com/index.cfm?zaction=auction&zmethod=details&AID=1524026&bypassPage=1,https://apps.putnam-fl.com/pa/property/?type=api&parcel=18-08-25-5106-6170-0200,,www.putnam.realtaxdeed.com,2026-10-07T10:50:37+00:00
putnam,11/04/2026,09:00 AM ET,18-08-25-5106-6190-0120,2022-0012068,2022-0012068,,"103 ALVAREZ DR, FLORAHOME, FL- 32140",,,1426.35,,11/04/2026 09:00 AM ET,TAXDEED,https://www.putnam.realtaxdeed.com/index.cfm?zaction=auction&zmethod=details&AID=1524028&bypassPage=1,https://apps.putnam-fl.com/pa/property/?type=api&parcel=18-08-25-5106-6190-0120,,www.putnam.realtaxdeed.com,2026-10-07T10:50:37+00:00
putnam,11/04/2026,09:00 AM ET,18-10-24-5112-0030-0160,2019-0013778,2019-0013778,,"229 6TH WAY, INTERLACHEN, FL- 32148",,,1338.69,,11/04/2026 09:00 AM ET,TAXDEED,https://www.putnam.realtaxdeed.com/index.cfm?zaction=auction&zmethod=details&AID=1524019&bypassPage=1,https://apps.putnam-fl.com/pa/property/?type=api&parcel=18-10-24-5112-0030-0160,,www.putnam.realtaxdeed.com,2026-10-07T10:50:37+00:00
putnam,11/04/2026,09:00 AM ET,18-10-24-5112-0070-0520,2024-0010524,2024-0010524,,"108 1ST WAY, INTERLACHEN, FL- 32148",,,6295.12,,11/04/2026 09:00 AM ET,TAXDEED,https://www.putnam.realtaxdeed.com/index.cfm?zaction=auction&zmethod=details&AID=1524051&bypassPage=1,https://apps.putnam-fl.com/pa/property/?type=api&parcel=18-10-24-5112-0070-0520,,www.putnam.realtaxdeed.com,2026-10-07T10:50:37+00:00
putnam,11/04/2026,09:00 AM ET,19-08-27-0000-0030-0061,2023-0012387,2023-0012387,,00 Unassigned Location RE,,,1195.29,,11/04/2026 09:00 AM ET,TAXDEED,https://www.putnam.realtaxdeed.com/index.cfm?zaction=auction&zmethod=details&AID=1524032&bypassPage=1,https://apps.putnam-fl.com/pa/property/?type=api&parcel=19-08-27-0000-0030-0061,,www.putnam.realtaxdeed.com,2026-10-07T10:50:37+00:00
putnam,11/04/2026,09:00 AM ET,19-12-28-3350-0220-0050,2024-0010940,2024-0010940,,"724 GROVE AV, CRESCENT CITY, FL- 32112",,,6956.22,,11/04/2026 09:00 AM ET,TAXDEED,https://www.putnam.realtaxdeed.com/index.cfm?zaction=auction&zmethod=details&AID=1524052&bypassPage=1,https://apps.putnam-fl.com/pa/property/?type=api&parcel=19-12-28-3350-0220-0050,,www.putnam.realtaxdeed.com,2026-10-07T10:50:37+00:00
putnam,11/04/2026,09:00 AM ET,22-10-26-5470-0070-0210,2024-0011469,2024-0011469,,"111 NALTA AV, PALATKA, FL- 32177",,,10240.71,,11/04/2026 09:00 AM ET,TAXDEED,https://www.putnam.realtaxdeed.com/index.cfm?zaction=auction&zmethod=details&AID=1524053&bypassPage=1,https://apps.putnam-fl.com/pa/property/?type=api&parcel=22-10-26-5470-0070-0210,,www.putnam.realtaxdeed.com,2026-10-07T10:50:37+00:00
putnam,11/04/2026,09:00 AM ET,22-12-27-2501-0020-0760,2024-0011489,2024-0011489,,"158 YEARLING RD, CRESCENT CITY, FL- 32112",,,3707.47,,11/04/2026 09:00 AM ET,TAXDEED,https://www.putnam.realtaxdeed.com/index.cfm?zaction=auction&zmethod=details&AID=1524054&bypassPage=1,https://apps.putnam-fl.com/pa/property/?type=api&parcel=22-12-27-2501-0020-0760,,www.putnam.realtaxdeed.com,2026-10-07T10:50:37+00:00
putnam,11/04/2026,09:00 AM ET,23-10-23-0000-0010-0030,2023-0013485,2023-0013485,,00 Unassigned Location RE,,,3117.01,,11/04/2026 09:00 AM ET,TAXDEED,https://www.putnam.realtaxdeed.com/index.cfm?zaction=auction&zmethod=details&AID=1524033&bypassPage=1,https://apps.putnam-fl.com/pa/property/?type=api&parcel=23-10-23-0000-0010-0030,,www.putnam.realtaxdeed.com,2026-10-07T10:50:37+00:00
putnam,11/04/2026,09:00 AM ET,23-10-24-4062-0140-0090,2024-0011679,2024-0011679,,"106 VOLUNTEER AV, INTERLACHEN, FL- 32148",,,1689.02,,11/04/2026 09:00 AM ET,TAXDEED,https://www.putnam.realtaxdeed.com/index.cfm?zaction=auction&zmethod=details&AID=1524055&bypassPage=1,https://apps.putnam-fl.com/pa/property/?type=api&parcel=23-10-24-4062-0140-0090,,www.putnam.realtaxdeed.com,2026-10-07T10:50:37+00:00
putnam,11/04/2026,09:00 AM ET,23-10-24-4062-0140-0110,2024-0011681,2024-0011681,,"102 VOLUNTEER AV, INTERLACHEN, FL- 32148",,,1689.02,,11/04/2026 09:00 AM ET,TAXDEED,https://www.putnam.realtaxdeed.com/index.cfm?zaction=auction&zmethod=details&AID=1524056&bypassPage=1,https://apps.putnam-fl.com/pa/property/?type=api&parcel=23-10-24-4062-0140-0110,,www.putnam.realtaxdeed.com,2026-10-07T10:50:37+00:00
putnam,11/04/2026,09:00 AM ET,23-10-24-4062-0160-0180,2024-0011693,2024-0011693,,00 Unassigned Location RE,,,1180.32,,11/04/2026 09:00 AM ET,TAXDEED,https://www.putnam.realtaxdeed.com/index.cfm?zaction=auction&zmethod=details&AID=1524057&bypassPage=1,https://apps.putnam-fl.com/pa/property/?type=api&parcel=23-10-24-4062-0160-0180,,www.putnam.realtaxdeed.com,2026-10-07T10:50:37+00:00
putnam,11/04/2026,09:00 AM ET,24-10-23-4074-0590-0210,2024-0012274,2024-0012274,,"116 GLASGOW ST, INTERLACHEN, FL- 32148",,,2029.92,,11/04/2026 09:00 AM ET,TAXDEED,https://www.putnam.realtaxdeed.com/index.cfm?zaction=auction&zmethod=details&AID=1524058&bypassPage=1,https://apps.putnam-fl.com/pa/property/?type=api&parcel=24-10-23-4074-0590-0210,,www.putnam.realtaxdeed.com,2026-10-07T10:50:37+00:00
putnam,11/04/2026,09:00 AM ET,24-11-23-0000-0482-3330,2024-0012402,2024-0012402,,00 Unassigned Location RE,,,1166.69,,11/04/2026 09:00 AM ET,TAXDEED,https://www.putnam.realtaxdeed.com/index.cfm?zaction=auction&zmethod=details&AID=1524059&bypassPage=1,https://apps.putnam-fl.com/pa/property/?type=api&parcel=24-11-23-0000-0482-3330,,www.putnam.realtaxdeed.com,2026-10-07T10:50:37+00:00
putnam,11/04/2026,09:00 AM ET,26-09-24-4076-0640-0010,2019-0017480,2019-0017480,,00 Unassigned Location RE,,,2700.65,,11/04/2026 09:00 AM ET,TAXDEED,https://www.putnam.realtaxdeed.com/index.cfm?zaction=auction&zmethod=details&AID=1524020&bypassPage=1,https://apps.putnam-fl.com/pa/property/?type=api&parcel=26-09-24-4076-0640-0010,,www.putnam.realtaxdeed.com,2026-10-07T10:50:37+00:00
putnam,11/04/2026,09:00 AM ET,26-09-24-4076-0950-0040,2024-0013245,2024-0013245,,00 Unassigned Location RE,,,1295.36,,11/04/2026 09:00 AM ET,TAXDEED,https://www.putnam.realtaxdeed.com/index.cfm?zaction=auction&zmethod=details&AID=1524060&bypassPage=1,https://apps.putnam-fl.com/pa/property/?type=api&parcel=26-09-24-4076-0950-0040,,www.putnam.realtaxdeed.com,2026-10-07T10:50:37+00:00
putnam,11/04/2026,09:00 AM ET,26-09-24-4076-0950-0050,2024-0013246,2024-0013246,,00 Unassigned Location RE,,,1388.44,,11/04/2026 09:00 AM ET,TAXDEED,https://www.putnam.realtaxdeed.com/index.cfm?zaction=auction&zmethod=details&AID=1524061&bypassPage=1,https://apps.putnam-fl.com/pa/property/?type=api&parcel=26-09-24-4076-0950-0050,,www.putnam.realtaxdeed.com,2026-10-07T10:50:37+00:00
putnam,11/04/2026,09:00 AM ET,28-10-26-0000-8888-0689,2019-0018042,2019-0018042,,"219 E ST JOHNS ST, PALATKA, FL- 32177",,,2713.3,,11/04/2026 09:00 AM ET,TAXDEED,https://www.putnam.realtaxdeed.com/index.cfm?zaction=auction&zmethod=details&AID=1524021&bypassPage=1,https://apps.putnam-fl.com/pa/property/?type=api&parcel=28-10-26-0000-8888-0689,,www.putnam.realtaxdeed.com,2026-10-07T10:50:37+00:00
putnam,11/04/2026,09:00 AM ET,34-09-24-3230-0030-0600,2024-0014693,2024-0014693,,00 Unassigned Location RE,,,1130.05,,11/04/2026 09:00 AM ET,TAXDEED,https://www.putnam.realtaxdeed.com/index.cfm?zaction=auction&zmethod=details&AID=1524062&bypassPage=1,https://apps.putnam-fl.com/pa/property/?type=api&parcel=34-09-24-3230-0030-0600,,www.putnam.realtaxdeed.com,2026-10-07T10:50:37+00:00
putnam,11/04/2026,09:00 AM ET,34-09-24-3230-0030-0740,2019-0019305,2019-0019305,,00 Unassigned Location RE,,,1124.81,,11/04/2026 09:00 AM ET,TAXDEED,https://www.putnam.realtaxdeed.com/index.cfm?zaction=auction&zmethod=details&AID=1524022&bypassPage=1,https://apps.putnam-fl.com/pa/property/?type=api&parcel=34-09-24-3230-0030-0740,,www.putnam.realtaxdeed.com,2026-10-07T10:50:37+00:00
putnam,11/04/2026,09:00 AM ET,34-09-24-3230-0030-0750,2022-0017050,2022-0017050,,00 Unassigned Location RE,,,1125.13,,11/04/2026 09:00 AM ET,TAXDEED,https://www.putnam.realtaxdeed.com/index.cfm?zaction=auction&zmethod=details&AID=1524029&bypassPage=1,https://apps.putnam-fl.com/pa/property/?type=api&parcel=34-09-24-3230-0030-0750,,www.putnam.realtaxdeed.com,2026-10-07T10:50:37+00:00
putnam,11/04/2026,09:00 AM ET,34-09-24-3230-0090-0430,2023-0016862,2023-0016862,,00 Unassigned Location RE,,,1225.67,,11/04/2026 09:00 AM ET,TAXDEED,https://www.putnam.realtaxdeed.com/index.cfm?zaction=auction&zmethod=details&AID=1524034&bypassPage=1,https://apps.putnam-fl.com/pa/property/?type=api&parcel=34-09-24-3230-0090-0430,,www.putnam.realtaxdeed.com,2026-10-07T10:50:37+00:00
putnam,11/04/2026,09:00 AM ET,34-11-27-0000-0020-0571,2024-0015194,2024-0015194,,"115 LAR LN, CRESCENT CITY, FL- 32112",,,3637.06,,11/04/2026 09:00 AM ET,TAXDEED,https://www.putnam.realtaxdeed.com/index.cfm?zaction=auction&zmethod=details&AID=1524063&bypassPage=1,https://apps.putnam-fl.com/pa/property/?type=api&parcel=34-11-27-0000-0020-0571,,www.putnam.realtaxdeed.com,2026-10-07T10:50:37+00:00
putnam,11/04/2026,09:00 AM ET,35-09-24-4075-1820-0010,2019-0020204,2019-0020204,,00 Unassigned Location RE,,,2098.33,,11/04/2026 09:00 AM ET,TAXDEED,https://www.putnam.realtaxdeed.com/index.cfm?zaction=auction&zmethod=details&AID=1524023&bypassPage=1,https://apps.putnam-fl.com/pa/property/?type=api&parcel=35-09-24-4075-1820-0010,,www.putnam.realtaxdeed.com,2026-10-07T10:50:37+00:00
putnam,11/04/2026,09:00 AM ET,42-10-27-6850-2200-1000,2019-0022395,2019-0022395,,00 Unassigned Location RE,,,1451.52,,11/04/2026 09:00 AM ET,TAXDEED,https://www.putnam.realtaxdeed.com/index.cfm?zaction=auction&zmethod=details&AID=1524024&bypassPage=1,https://apps.putnam-fl.com/pa/property/?type=api&parcel=42-10-27-6850-2200-1000,,www.putnam.realtaxdeed.com,2026-10-07T10:50:37+00:00
putnam,11/04/2026,09:00 AM ET,43-10-27-8255-0130-0010,2024-0017532,2024-0017532,,"266 TROPIC AV, SATSUMA, FL- 32189",,,50538.58,,11/04/2026 09:00 AM ET,TAXDEED,https://www.putnam.realtaxdeed.com/index.cfm?zaction=auction&zmethod=details&AID=1524064&bypassPage=1,https://apps.putnam-fl.com/pa/property/?type=api&parcel=43-10-27-8255-0130-0010,,www.putnam.realtaxdeed.com,2026-10-07T10:50:37+00:00
putnam,11/04/2026,09:00 AM ET,48-10-27-8221-0000-0350,2024-0017625,2024-0017625,,"121 WEERTS RD, SAN MATEO, FL- 32187",,,6826.67,,11/04/2026 09:00 AM ET,TAXDEED,https://www.putnam.realtaxdeed.com/index.cfm?zaction=auction&zmethod=details&AID=1524065&bypassPage=1,https://apps.putnam-fl.com/pa/property/?type=api&parcel=48-10-27-8221-0000-0350,,www.putnam.realtaxdeed.com,2026-10-07T10:50:37+00:00
putnam,11/18/2026,09:00 AM ET,01-11-26-8241-0230-0270,2024-0000401,2024-0000401,,00 Unassigned Location RE,,,806.94,,11/18/2026 09:00 AM ET,TAXDEED,https://www.putnam.realtaxdeed.com/index.cfm?zaction=auction&zmethod=details&AID=1523943&bypassPage=1,https://apps.putnam-fl.com/pa/property/?type=api&parcel=01-11-26-8241-0230-0270,,www.putnam.realtaxdeed.com,2026-10-07T10:51:04+00:00
putnam,11/18/2026,09:00 AM ET,01-12-26-2730-0000-0140,2024-0000431,2024-0000431,,00 Unassigned Location RE,,,901.71,,11/18/2026 09:00 AM ET,TAXDEED,https://www.putnam.realtaxdeed.com/index.cfm?zaction=auction&zmethod=details&AID=1523944&bypassPage=1,https://apps.putnam-fl.com/pa/property/?type=api&parcel=01-12-26-2730-0000-0140,,www.putnam.realtaxdeed.com,2026-10-07T10:51:04+00:00
putnam,11/18/2026,09:00 AM ET,01-13-26-4910-0070-0460,2024-0000469,2024-0000469,,"119 LONGTREE ST, GEORGETOWN, FL- 32139",,,2741.32,,11/18/2026 09:00 AM ET,TAXDEED,https://www.putnam.realtaxdeed.com/index.cfm?zaction=auction&zmethod=details&AID=1523945&bypassPage=1,https://apps.putnam-fl.com/pa/property/?type=api&parcel=01-13-26-4910-0070-0460,,www.putnam.realtaxdeed.com,2026-10-07T10:51:04+00:00
putnam,11/18/2026,09:00 AM ET,03-09-27-7731-0130-0670,2024-0001090,2024-0001090,,00 Unassigned Location RE,,,792.02,,11/18/2026 09:00 AM ET,TAXDEED,https://www.putnam.realtaxdeed.com/index.cfm?zaction=auction&zmethod=details&AID=1523946&bypassPage=1,https://apps.putnam-fl.com/pa/property/?type=api&parcel=03-09-27-7731-0130-0670,,www.putnam.realtaxdeed.com,2026-10-07T10:51:04+00:00
putnam,11/18/2026,09:00 AM ET,04-10-24-9025-0030-0130,2020-0003241,2020-0003241,,Unassigned Location PP,,,1355.31,,11/18/2026 09:00 AM ET,TAXDEED,https://www.putnam.realtaxdeed.com/index.cfm?zaction=auction&zmethod=details&AID=1523941&bypassPage=1,https://apps.putnam-fl.com/pa/property/?type=api&parcel=04-10-24-9025-0030-0130,,www.putnam.realtaxdeed.com,2026-10-07T10:51:04+00:00
putnam,11/18/2026,09:00 AM ET,05-10-24-9045-0080-0350,2024-0003828,2024-0003828,,Unassigned Location PP,,,1304.2,,11/18/2026 09:00 AM ET,TAXDEED,https://www.putnam.realtaxdeed.com/index.cfm?zaction=auction&zmethod=details&AID=1523947&bypassPage=1,https://apps.putnam-fl.com/pa/property/?type=api&parcel=05-10-24-9045-0080-0350,,www.putnam.realtaxdeed.com,2026-10-07T10:51:04+00:00
putnam,11/18/2026,,05-10-27-0000-0030-0010,2024-0003865,2024-0003865,,"111 CHERRY LN, EAST PALATKA, FL- 32131",,,3433.64,,Redeemed,TAXDEED,https://www.putnam.realtaxdeed.com/index.cfm?zaction=auction&zmethod=details&AID=1523948&bypassPage=1,https://apps.putnam-fl.com/pa/property/?type=api&parcel=05-10-27-0000-0030-0010,,www.putnam.realtaxdeed.com,2026-10-07T10:51:04+00:00
putnam,11/18/2026,09:00 AM ET,05-10-27-0000-0240-0010,2024-0003871,2024-0003871,,"116 5TH ST, EAST PALATKA, FL- 32131",,,7448.19,,11/18/2026 09:00 AM ET,TAXDEED,https://www.putnam.realtaxdeed.com/index.cfm?zaction=auction&zmethod=details&AID=1523949&bypassPage=1,https://apps.putnam-fl.com/pa/property/?type=api&parcel=05-10-27-0000-0240-0010,,www.putnam.realtaxdeed.com,2026-10-07T10:51:04+00:00
putnam,11/18/2026,09:00 AM ET,06-10-25-4081-0310-0150,2024-0004115,2024-0004115,,00 Unassigned Location RE,,,921.67,,11/18/2026 09:00 AM ET,TAXDEED,https://www.putnam.realtaxdeed.com/index.cfm?zaction=auction&zmethod=details&AID=1523950&bypassPage=1,https://apps.putnam-fl.com/pa/property/?type=api&parcel=06-10-25-4081-0310-0150,,www.putnam.realtaxdeed.com,2026-10-07T10:51:04+00:00
putnam,11/18/2026,09:00 AM ET,06-10-25-4081-0350-0010,2024-0004127,2024-0004127,,00 Unassigned Location RE,,,998.04,,11/18/2026 09:00 AM ET,TAXDEED,https://www.putnam.realtaxdeed.com/index.cfm?zaction=auction&zmethod=details&AID=1523951&bypassPage=1,https://apps.putnam-fl.com/pa/property/?type=api&parcel=06-10-25-4081-0350-0010,,www.putnam.realtaxdeed.com,2026-10-07T10:51:04+00:00
putnam,11/18/2026,09:00 AM ET,06-10-25-4081-0390-0100,2024-0004150,2024-0004150,,00 Unassigned Location RE,,,1037.99,,11/18/2026 09:00 AM ET,TAXDEED,https://www.putnam.realtaxdeed.com/index.cfm?zaction=auction&zmethod=details&AID=1523952&bypassPage=1,https://apps.putnam-fl.com/pa/property/?type=api&parcel=06-10-25-4081-0390-0100,,www.putnam.realtaxdeed.com,2026-10-07T10:51:04+00:00
putnam,11/18/2026,09:00 AM ET,06-10-25-4081-0410-0030,2024-0004156,2024-0004156,,00 Unassigned Location RE,,,1050.11,,11/18/2026 09:00 AM ET,TAXDEED,https://www.putnam.realtaxdeed.com/index.cfm?zaction=auction&zmethod=details&AID=1523953&bypassPage=1,https://apps.putnam-fl.com/pa/property/?type=api&parcel=06-10-25-4081-0410-0030,,www.putnam.realtaxdeed.com,2026-10-07T10:51:04+00:00
putnam,11/18/2026,09:00 AM ET,06-10-25-4081-0410-0040,2024-0004157,2024-0004157,,00 Unassigned Location RE,,,1050.11,,11/18/2026 09:00 AM ET,TAXDEED,https://www.putnam.realtaxdeed.com/index.cfm?zaction=auction&zmethod=details&AID=1523954&bypassPage=1,https://apps.putnam-fl.com/pa/property/?type=api&parcel=06-10-25-4081-0410-0040,,www.putnam.realtaxdeed.com,2026-10-07T10:51:04+00:00
putnam,11/18/2026,09:00 AM ET,06-10-25-4081-0570-0200,2024-0004187,2024-0004187,,"139 WALLACE ST, INTERLACHEN, FL- 32148",,,870.68,,11/18/2026 09:00 AM ET,TAXDEED,https://www.putnam.realtaxdeed.com/index.cfm?zaction=auction&zmethod=details&AID=1523955&bypassPage=1,https://apps.putnam-fl.com/pa/property/?type=api&parcel=06-10-25-4081-0570-0200,,www.putnam.realtaxdeed.com,2026-10-07T10:51:04+00:00
putnam,11/18/2026,09:00 AM ET,07-10-24-4215-0320-0080,2024-0004559,2024-0004559,,00 Unassigned Location RE,,,1116.92,,11/18/2026 09:00 AM ET,TAXDEED,https://www.putnam.realtaxdeed.com/index.cfm?zaction=auction&zmethod=details&AID=1523956&bypassPage=1,https://apps.putnam-fl.com/pa/property/?type=api&parcel=07-10-24-4215-0320-0080,,www.putnam.realtaxdeed.com,2026-10-07T10:51:04+00:00
putnam,11/18/2026,09:00 AM ET,07-10-25-4081-0090-0180,2024-0005002,2024-0005002,,00 Unassigned Location RE,,,1134.91,,11/18/2026 09:00 AM ET,TAXDEED,https://www.putnam.realtaxdeed.com/index.cfm?zaction=auction&zmethod=details&AID=1523957&bypassPage=1,https://apps.putnam-fl.com/pa/property/?type=api&parcel=07-10-25-4081-0090-0180,,www.putnam.realtaxdeed.com,2026-10-07T10:51:04+00:00
putnam,11/18/2026,09:00 AM ET,07-10-25-4081-0100-0150,2024-0005008,2024-0005008,,00 Unassigned Location RE,,,1109.1,,11/18/2026 09:00 AM ET,TAXDEED,https://www.putnam.realtaxdeed.com/index.cfm?zaction=auction&zmethod=details&AID=1523958&bypassPage=1,https://apps.putnam-fl.com/pa/property/?type=api&parcel=07-10-25-4081-0100-0150,,www.putnam.realtaxdeed.com,2026-10-07T10:51:04+00:00
putnam,11/18/2026,09:00 AM ET,09-10-24-4067-0320-0140,2024-0006211,2024-0006211,,00 Unassigned Location RE,,,828.57,,11/18/2026 09:00 AM ET,TAXDEED,https://www.putnam.realtaxdeed.com/index.cfm?zaction=auction&zmethod=details&AID=1523959&bypassPage=1,https://apps.putnam-fl.com/pa/property/?type=api&parcel=09-10-24-4067-0320-0140,,www.putnam.realtaxdeed.com,2026-10-07T10:51:04+00:00
putnam,11/18/2026,09:00 AM ET,09-10-24-4067-0320-0150,2024-0006212,2024-0006212,,00 Unassigned Location RE,,,828.57,,11/18/2026 09:00 AM ET,TAXDEED,https://www.putnam.realtaxdeed.com/index.cfm?zaction=auction&zmethod=details&AID=1523960&bypassPage=1,https://apps.putnam-fl.com/pa/property/?type=api&parcel=09-10-24-4067-0320-0150,,www.putnam.realtaxdeed.com,2026-10-07T10:51:04+00:00
putnam,11/18/2026,09:00 AM ET,09-10-24-4067-0320-0160,2024-0006213,2024-0006213,,00 Unassigned Location RE,,,828.57,,11/18/2026 09:00 AM ET,TAXDEED,https://www.putnam.realtaxdeed.com/index.cfm?zaction=auction&zmethod=details&AID=1523961&bypassPage=1,https://apps.putnam-fl.com/pa/property/?type=api&parcel=09-10-24-4067-0320-0160,,www.putnam.realtaxdeed.com,2026-10-07T10:51:04+00:00
putnam,11/18/2026,09:00 AM ET,09-10-24-4067-0320-0170,2024-0006214,2024-0006214,,00 Unassigned Location RE,,,828.57,,11/18/2026 09:00 AM ET,TAXDEED,https://www.putnam.realtaxdeed.com/index.cfm?zaction=auction&zmethod=details&AID=1523962&bypassPage=1,https://apps.putnam-fl.com/pa/property/?type=api&parcel=09-10-24-4067-0320-0170,,www.putnam.realtaxdeed.com,2026-10-07T10:51:04+00:00
putnam,11/18/2026,09:00 AM ET,09-12-27-0000-0400-0120,2024-0006480,2024-0006480,,"131 TALLOW RD, POMONA PARK, FL- 32181",,,1942.62,,11/18/2026 09:00 AM ET,TAXDEED,https://www.putnam.realtaxdeed.com/index.cfm?zaction=auction&zmethod=details&AID=1523963&bypassPage=1,https://apps.putnam-fl.com/pa/property/?type=api&parcel=09-12-27-0000-0400-0120,,www.putnam.realtaxdeed.com,2026-10-07T10:51:04+00:00
putnam,11/18/2026,09:00 AM ET,10-10-24-8930-0000-0310,2024-0006760,2024-0006760,,00 Unassigned Location RE,,,1620.03,,11/18/2026 09:00 AM ET,TAXDEED,https://www.putnam.realtaxdeed.com/index.cfm?zaction=auction&zmethod=details&AID=1523964&bypassPage=1,https://apps.putnam-fl.com/pa/property/?type=api&parcel=10-10-24-8930-0000-0310,,www.putnam.realtaxdeed.com,2026-10-07T10:51:04+00:00
putnam,11/18/2026,09:00 AM ET,11-10-23-1670-0020-0350,2024-0006874,2024-0006874,,"112 MARYLAND AV, HAWTHORNE, FL- 32640",,,923.71,,11/18/2026 09:00 AM ET,TAXDEED,https://www.putnam.realtaxdeed.com/index.cfm?zaction=auction&zmethod=details&AID=1523965&bypassPage=1,https://apps.putnam-fl.com/pa/property/?type=api&parcel=11-10-23-1670-0020-0350,,www.putnam.realtaxdeed.com,2026-10-07T10:51:04+00:00
putnam,11/18/2026,09:00 AM ET,11-10-23-1670-0020-0360,2024-0006875,2024-0006875,,"114 MARYLAND AV, HAWTHORNE, FL- 32640",,,923.71,,11/18/2026 09:00 AM ET,TAXDEED,https://www.putnam.realtaxdeed.com/index.cfm?zaction=auction&zmethod=details&AID=1523966&bypassPage=1,https://apps.putnam-fl.com/pa/property/?type=api&parcel=11-10-23-1670-0020-0360,,www.putnam.realtaxdeed.com,2026-10-07T10:51:04+00:00
putnam,11/18/2026,09:00 AM ET,11-10-23-1670-0020-0370,2024-0006876,2024-0006876,,"116 MARYLAND AV, HAWTHORNE, FL- 32640",,,923.71,,11/18/2026 09:00 AM ET,TAXDEED,https://www.putnam.realtaxdeed.com/index.cfm?zaction=auction&zmethod=details&AID=1523967&bypassPage=1,https://apps.putnam-fl.com/pa/property/?type=api&parcel=11-10-23-1670-0020-0370,,www.putnam.realtaxdeed.com,2026-10-07T10:51:04+00:00
putnam,11/18/2026,09:00 AM ET,11-10-23-1670-0020-0380,2024-0006877,2024-0006877,,"118 MARYLAND AV, HAWTHORNE, FL- 32640",,,923.94,,11/18/2026 09:00 AM ET,TAXDEED,https://www.putnam.realtaxdeed.com/index.cfm?zaction=auction&zmethod=details&AID=1523968&bypassPage=1,https://apps.putnam-fl.com/pa/property/?type=api&parcel=11-10-23-1670-0020-0380,,www.putnam.realtaxdeed.com,2026-10-07T10:51:04+00:00
putnam,11/18/2026,09:00 AM ET,11-10-23-1670-0020-0390,2023-0007875,2023-0007875,,"120 MARYLAND AV, HAWTHORNE, FL- 32640",,,923.78,,11/18/2026 09:00 AM ET,TAXDEED,https://www.putnam.realtaxdeed.com/index.cfm?zaction=auction&zmethod=details&AID=1523942&bypassPage=1,https://apps.putnam-fl.com/pa/property/?type=api&parcel=11-10-23-1670-0020-0390,,www.putnam.realtaxdeed.com,2026-10-07T10:51:04+00:00
putnam,11/18/2026,09:00 AM ET,11-11-26-8243-0121-0030,2024-0007525,2024-0007525,,"160 LAKE CIR, SATSUMA, FL- 32189",,,6123.09,,11/18/2026 09:00 AM ET,TAXDEED,https://www.putnam.realtaxdeed.com/index.cfm?zaction=auction&zmethod=details&AID=1523969&bypassPage=1,https://apps.putnam-fl.com/pa/property/?type=api&parcel=11-11-26-8243-0121-0030,,www.putnam.realtaxdeed.com,2026-10-07T10:51:04+00:00
putnam,11/18/2026,,12-10-24-4075-2360-0270,2024-0008095,2024-0008095,,"125 MACKEY AV, INTERLACHEN, FL- 32148",,,1128.79,,Redeemed,TAXDEED,https://www.putnam.realtaxdeed.com/index.cfm?zaction=auction&zmethod=details&AID=1523970&bypassPage=1,https://apps.putnam-fl.com/pa/property/?type=api&parcel=12-10-24-4075-2360-0270,,www.putnam.realtaxdeed.com,2026-10-07T10:51:04+00:00
putnam,11/18/2026,09:00 AM ET,12-10-24-4075-2450-0410,2024-0008109,2024-0008109,,00 Unassigned Location RE,,,1085.32,,11/18/2026 09:00 AM ET,TAXDEED,https://www.putnam.realtaxdeed.com/index.cfm?zaction=auction&zmethod=details&AID=1523971&bypassPage=1,https://apps.putnam-fl.com/pa/property/?type=api&parcel=12-10-24-4075-2450-0410,,www.putnam.realtaxdeed.com,2026-10-07T10:51:04+00:00
putnam,11/18/2026,09:00 AM ET,13-08-24-5102-0610-0120,2024-0008505,2024-0008505,,"2032 BELLAMY RD, FLORAHOME, FL- 32140",,,980.92,,11/18/2026 09:00 AM ET,TAXDEED,https://www.putnam.realtaxdeed.com/index.cfm?zaction=auction&zmethod=details&AID=1523972&bypassPage=1,https://apps.putnam-fl.com/pa/property/?type=api&parcel=13-08-24-5102-0610-0120,,www.putnam.realtaxdeed.com,2026-10-07T10:51:04+00:00
putnam,11/18/2026,09:00 AM ET,13-08-24-5102-0650-0250,2024-0008515,2024-0008515,,"116 ST LUCIE ST, FLORAHOME, FL- 32140",,,1142.61,,11/18/2026 09:00 AM ET,TAXDEED,https://www.putnam.realtaxdeed.com/index.cfm?zaction=auction&zmethod=details&AID=1523973&bypassPage=1,https://apps.putnam-fl.com/pa/property/?type=api&parcel=13-08-24-5102-0650-0250,,www.putnam.realtaxdeed.com,2026-10-07T10:51:04+00:00
putnam,11/18/2026,09:00 AM ET,13-09-24-4076-1530-0130,2024-0008637,2024-0008637,,00 Unassigned Location RE,,,1176.25,,11/18/2026 09:00 AM ET,TAXDEED,https://www.putnam.realtaxdeed.com/index.cfm?zaction=auction&zmethod=details&AID=1523974&bypassPage=1,https://apps.putnam-fl.com/pa/property/?type=api&parcel=13-09-24-4076-1530-0130,,www.putnam.realtaxdeed.com,2026-10-07T10:51:04+00:00
putnam,11/18/2026,09:00 AM ET,13-09-24-4076-1610-0600,2024-0008651,2024-0008651,,00 Unassigned Location RE,,,1088.34,,11/18/2026 09:00 AM ET,TAXDEED,https://www.putnam.realtaxdeed.com/index.cfm?zaction=auction&zmethod=details&AID=1523975&bypassPage=1,https://apps.putnam-fl.com/pa/property/?type=api&parcel=13-09-24-4076-1610-0600,,www.putnam.realtaxdeed.com,2026-10-07T10:51:04+00:00
putnam,11/18/2026,09:00 AM ET,13-10-24-0000-0210-0490,2024-0008706,2024-0008706,,"113 LAKE EDGE TRL, INTERLACHEN, FL- 32148",,,3032.4,,11/18/2026 09:00 AM ET,TAXDEED,https://www.putnam.realtaxdeed.com/index.cfm?zaction=auction&zmethod=details&AID=1523976&bypassPage=1,https://apps.putnam-fl.com/pa/property/?type=api&parcel=13-10-24-0000-0210-0490,,www.putnam.realtaxdeed.com,2026-10-07T10:51:04+00:00
putnam,11/18/2026,09:00 AM ET,13-10-24-4080-0060-0070,2024-0008745,2024-0008745,,00 Unassigned Location RE,,,1127.02,,11/18/2026 09:00 AM ET,TAXDEED,https://www.putnam.realtaxdeed.com/index.cfm?zaction=auction&zmethod=details&AID=1523977&bypassPage=1,https://apps.putnam-fl.com/pa/property/?type=api&parcel=13-10-24-4080-0060-0070,,www.putnam.realtaxdeed.com,2026-10-07T10:51:04+00:00
putnam,11/18/2026,09:00 AM ET,13-11-26-8244-0250-0060,2024-0008881,2024-0008881,,"111 COLORADO ST, SATSUMA, FL- 32189",,,916.66,,11/18/2026 09:00 AM ET,TAXDEED,https://www.putnam.realtaxdeed.com/index.cfm?zaction=auction&zmethod=details&AID=1523978&bypassPage=1,https://apps.putnam-fl.com/pa/property/?type=api&parcel=13-11-26-8244-0250-0060,,www.putnam.realtaxdeed.com,2026-10-07T10:51:04+00:00
putnam,11/18/2026,09:00 AM ET,13-11-26-8244-0250-0070,2024-0008882,2024-0008882,,"113 COLORADO ST, SATSUMA, FL- 32189",,,914.71,,11/18/2026 09:00 AM ET,TAXDEED,https://www.putnam.realtaxdeed.com/index.cfm?zaction=auction&zmethod=details&AID=1523979&bypassPage=1,https://apps.putnam-fl.com/pa/property/?type=api&parcel=13-11-26-8244-0250-0070,,www.putnam.realtaxdeed.com,2026-10-07T10:51:04+00:00
putnam,11/18/2026,09:00 AM ET,15-10-23-0000-0010-0011,2024-0009490,2024-0009490,,"229 CHESSER MONROE RD, HAWTHORNE, FL- 32640",,,3381.52,,11/18/2026 09:00 AM ET,TAXDEED,https://www.putnam.realtaxdeed.com/index.cfm?zaction=auction&zmethod=details&AID=1523980&bypassPage=1,https://apps.putnam-fl.com/pa/property/?type=api&parcel=15-10-23-0000-0010-0011,,www.putnam.realtaxdeed.com,2026-10-07T10:51:04+00:00
putnam,11/18/2026,09:00 AM ET,17-10-26-0000-0130-0000,2024-0010087,2024-0010087,,"215 SILVER LAKE RD, PALATKA, FL- 32177",,,1513.04,,11/18/2026 09:00 AM ET,TAXDEED,https://www.putnam.realtaxdeed.com/index.cfm?zaction=auction&zmethod=details&AID=1523981&bypassPage=1,https://apps.putnam-fl.com/pa/property/?type=api&parcel=17-10-26-0000-0130-0000,,www.putnam.realtaxdeed.com,2026-10-07T10:51:04+00:00
putnam,11/18/2026,09:00 AM ET,18-10-24-5112-0020-0300,2024-0010490,2024-0010490,,00 Unassigned Location RE,,,2182.6,,11/18/2026 09:00 AM ET,TAXDEED,https://www.putnam.realtaxdeed.com/index.cfm?zaction=auction&zmethod=details&AID=1523982&bypassPage=1,https://apps.putnam-fl.com/pa/property/?type=api&parcel=18-10-24-5112-0020-0300,,www.putnam.realtaxdeed.com,2026-10-07T10:51:04+00:00
putnam,11/18/2026,09:00 AM ET,18-10-24-5112-0070-0260,2024-0010521,2024-0010521,,"251 2ND WAY, INTERLACHEN, FL- 32148",,,10013.39,,11/18/2026 09:00 AM ET,TAXDEED,https://www.putnam.realtaxdeed.com/index.cfm?zaction=auction&zmethod=details&AID=1523983&bypassPage=1,https://apps.putnam-fl.com/pa/property/?type=api&parcel=18-10-24-5112-0070-0260,,www.putnam.realtaxdeed.com,2026-10-07T10:51:04+00:00
putnam,11/18/2026,09:00 AM ET,20-10-24-4074-0400-0140,2024-0011050,2024-0011050,,Unassigned Location PP,,,1841.18,,11/18/2026 09:00 AM ET,TAXDEED,https://www.putnam.realtaxdeed.com/index.cfm?zaction=auction&zmethod=details&AID=1523984&bypassPage=1,https://apps.putnam-fl.com/pa/property/?type=api&parcel=20-10-24-4074-0400-0140,,www.putnam.realtaxdeed.com,2026-10-07T10:51:04+00:00
putnam,11/18/2026,09:00 AM ET,24-09-24-4075-0270-0150,2024-0011900,2024-0011900,,00 Unassigned Location RE,,,1161.98,,11/18/2026 09:00 AM ET,TAXDEED,https://www.putnam.realtaxdeed.com/index.cfm?zaction=auction&zmethod=details&AID=1523985&bypassPage=1,https://apps.putnam-fl.com/pa/property/?type=api&parcel=24-09-24-4075-0270-0150,,www.putnam.realtaxdeed.com,2026-10-07T10:51:04+00:00
putnam,11/18/2026,09:00 AM ET,24-09-24-4075-0280-0300,2024-0011919,2024-0011919,,00 Unassigned Location RE,,,1072.35,,11/18/2026 09:00 AM ET,TAXDEED,https://www.putnam.realtaxdeed.com/index.cfm?zaction=auction&zmethod=details&AID=1523986&bypassPage=1,https://apps.putnam-fl.com/pa/property/?type=api&parcel=24-09-24-4075-0280-0300,,www.putnam.realtaxdeed.com,2026-10-07T10:51:04+00:00
putnam,11/18/2026,09:00 AM ET,24-09-24-4075-0450-0170,2024-0012087,2024-0012087,,00 Unassigned Location RE,,,1048.57,,11/18/2026 09:00 AM ET,TAXDEED,https://www.putnam.realtaxdeed.com/index.cfm?zaction=auction&zmethod=details&AID=1523987&bypassPage=1,https://apps.putnam-fl.com/pa/property/?type=api&parcel=24-09-24-4075-0450-0170,,www.putnam.realtaxdeed.com,2026-10-07T10:51:04+00:00
putnam,11/18/2026,09:00 AM ET,24-09-24-4075-0460-0330,2024-0012107,2024-0012107,,00 Unassigned Location RE,,,1103.04,,11/18/2026 09:00 AM ET,TAXDEED,https://www.putnam.realtaxdeed.com/index.cfm?zaction=auction&zmethod=details&AID=1523988&bypassPage=1,https://apps.putnam-fl.com/pa/property/?type=api&parcel=24-09-24-4075-0460-0330,,www.putnam.realtaxdeed.com,2026-10-07T10:51:04+00:00
putnam,11/18/2026,09:00 AM ET,24-09-24-4075-0480-0100,2024-0012118,2024-0012118,,00 Unassigned Location RE,,,1048.57,,11/18/2026 09:00 AM ET,TAXDEED,https://www.putnam.realtaxdeed.com/index.cfm?zaction=auction&zmethod=details&AID=1523989&bypassPage=1,https://apps.putnam-fl.com/pa/property/?type=api&parcel=24-09-24-4075-0480-0100,,www.putnam.realtaxdeed.com,2026-10-07T10:51:04+00:00
putnam,11/18/2026,09:00 AM ET,25-09-24-4075-0730-0320,2024-0012619,2024-0012619,,00 Unassigned Location RE,,,1063.26,,11/18/2026 09:00 AM ET,TAXDEED,https://www.putnam.realtaxdeed.com/index.cfm?zaction=auction&zmethod=details&AID=1523990&bypassPage=1,https://apps.putnam-fl.com/pa/property/?type=api&parcel=25-09-24-4075-0730-0320,,www.putnam.realtaxdeed.com,2026-10-07T10:51:04+00:00
putnam,11/18/2026,09:00 AM ET,25-09-24-4075-0900-0240,2024-0012725,2024-0012725,,00 Unassigned Location RE,,,1094.06,,11/18/2026 09:00 AM ET,TAXDEED,https://www.putnam.realtaxdeed.com/index.cfm?zaction=auction&zmethod=details&AID=1523991&bypassPage=1,https://apps.putnam-fl.com/pa/property/?type=api&parcel=25-09-24-4075-0900-0240,,www.putnam.realtaxdeed.com,2026-10-07T10:51:04+00:00
putnam,11/18/2026,09:00 AM ET,25-09-24-4075-0900-0250,2024-0012726,2024-0012726,,00 Unassigned Location RE,,,1094.06,,11/18/2026 09:00 AM ET,TAXDEED,https://www.putnam.realtaxdeed.com/index.cfm?zaction=auction&zmethod=details&AID=1523992&bypassPage=1,https://apps.putnam-fl.com/pa/property/?type=api&parcel=25-09-24-4075-0900-0250,,www.putnam.realtaxdeed.com,2026-10-07T10:51:04+00:00
putnam,11/18/2026,09:00 AM ET,25-09-24-4075-1200-0140,2024-0012861,2024-0012861,,00 Unassigned Location RE,,,1094.06,,11/18/2026 09:00 AM ET,TAXDEED,https://www.putnam.realtaxdeed.com/index.cfm?zaction=auction&zmethod=details&AID=1523993&bypassPage=1,https://apps.putnam-fl.com/pa/property/?type=api&parcel=25-09-24-4075-1200-0140,,www.putnam.realtaxdeed.com,2026-10-07T10:51:04+00:00
putnam,11/18/2026,09:00 AM ET,26-09-24-4076-0470-0070,2024-0013050,2024-0013050,,00 Unassigned Location RE,,,1078.4,,11/18/2026 09:00 AM ET,TAXDEED,https://www.putnam.realtaxdeed.com/index.cfm?zaction=auction&zmethod=details&AID=1523994&bypassPage=1,https://apps.putnam-fl.com/pa/property/?type=api&parcel=26-09-24-4076-0470-0070,,www.putnam.realtaxdeed.com,2026-10-07T10:51:04+00:00
putnam,11/18/2026,09:00 AM ET,26-09-24-4076-0700-0330,2024-0013160,2024-0013160,,00 Unassigned Location RE,,,1106.12,,11/18/2026 09:00 AM ET,TAXDEED,https://www.putnam.realtaxdeed.com/index.cfm?zaction=auction&zmethod=details&AID=1523995&bypassPage=1,https://apps.putnam-fl.com/pa/property/?type=api&parcel=26-09-24-4076-0700-0330,,www.putnam.realtaxdeed.com,2026-10-07T10:51:04+00:00
putnam,11/18/2026,09:00 AM ET,26-09-24-4076-0720-0310,2024-0013174,2024-0013174,,00 Unassigned Location RE,,,1062.47,,11/18/2026 09:00 AM ET,TAXDEED,https://www.putnam.realtaxdeed.com/index.cfm?zaction=auction&zmethod=details&AID=1523996&bypassPage=1,https://apps.putnam-fl.com/pa/property/?type=api&parcel=26-09-24-4076-0720-0310,,www.putnam.realtaxdeed.com,2026-10-07T10:51:04+00:00
putnam,11/18/2026,09:00 AM ET,26-09-24-4076-0970-0320,2024-0013261,2024-0013261,,00 Unassigned Location RE,,,1071.11,,11/18/2026 09:00 AM ET,TAXDEED,https://www.putnam.realtaxdeed.com/index.cfm?zaction=auction&zmethod=details&AID=1523997&bypassPage=1,https://apps.putnam-fl.com/pa/property/?type=api&parcel=26-09-24-4076-0970-0320,,www.putnam.realtaxdeed.com,2026-10-07T10:51:04+00:00
putnam,11/18/2026,09:00 AM ET,35-09-24-4076-0160-0010,2024-0015533,2024-0015533,,00 Unassigned Location RE,,,1059.21,,11/18/2026 09:00 AM ET,TAXDEED,https://www.putnam.realtaxdeed.com/index.cfm?zaction=auction&zmethod=details&AID=1523998&bypassPage=1,https://apps.putnam-fl.com/pa/property/?type=api&parcel=35-09-24-4076-0160-0010,,www.putnam.realtaxdeed.com,2026-10-07T10:51:04+00:00
putnam,11/18/2026,09:00 AM ET,35-09-24-4076-0160-0110,2024-0015535,2024-0015535,,00 Unassigned Location RE,,,1157.42,,11/18/2026 09:00 AM ET,TAXDEED,https://www.putnam.realtaxdeed.com/index.cfm?zaction=auction&zmethod=details&AID=1523999&bypassPage=1,https://apps.putnam-fl.com/pa/property/?type=api&parcel=35-09-24-4076-0160-0110,,www.putnam.realtaxdeed.com,2026-10-07T10:51:04+00:00
putnam,11/18/2026,09:00 AM ET,36-09-24-4075-1170-0150,2024-0015857,2024-0015857,,00 Unassigned Location RE,,,1429.98,,11/18/2026 09:00 AM ET,TAXDEED,https://www.putnam.realtaxdeed.com/index.cfm?zaction=auction&zmethod=details&AID=1524000&bypassPage=1,https://apps.putnam-fl.com/pa/property/?type=api&parcel=36-09-24-4075-1170-0150,,www.putnam.realtaxdeed.com,2026-10-07T10:51:04+00:00
putnam,11/18/2026,09:00 AM ET,36-09-24-4075-1360-0010,2024-0015947,2024-0015947,,00 Unassigned Location RE,,,1059.21,,11/18/2026 09:00 AM ET,TAXDEED,https://www.putnam.realtaxdeed.com/index.cfm?zaction=auction&zmethod=details&AID=1524001&bypassPage=1,https://apps.putnam-fl.com/pa/property/?type=api&parcel=36-09-24-4075-1360-0010,,www.putnam.realtaxdeed.com,2026-10-07T10:51:04+00:00
putnam,11/18/2026,09:00 AM ET,36-09-24-4075-1360-0020,2024-0015948,2024-0015948,,00 Unassigned Location RE,,,1059.21,,11/18/2026 09:00 AM ET,TAXDEED,https://www.putnam.realtaxdeed.com/index.cfm?zaction=auction&zmethod=details&AID=1524002&bypassPage=1,https://apps.putnam-fl.com/pa/property/?type=api&parcel=36-09-24-4075-1360-0020,,www.putnam.realtaxdeed.com,2026-10-07T10:51:04+00:00
putnam,11/18/2026,09:00 AM ET,36-09-24-4075-1360-0030,2024-0015949,2024-0015949,,00 Unassigned Location RE,,,1059.21,,11/18/2026 09:00 AM ET,TAXDEED,https://www.putnam.realtaxdeed.com/index.cfm?zaction=auction&zmethod=details&AID=1524003&bypassPage=1,https://apps.putnam-fl.com/pa/property/?type=api&parcel=36-09-24-4075-1360-0030,,www.putnam.realtaxdeed.com,2026-10-07T10:51:04+00:00
putnam,11/18/2026,09:00 AM ET,36-09-24-4075-1360-0040,2024-0015950,2024-0015950,,00 Unassigned Location RE,,,1059.21,,11/18/2026 09:00 AM ET,TAXDEED,https://www.putnam.realtaxdeed.com/index.cfm?zaction=auction&zmethod=details&AID=1524004&bypassPage=1,https://apps.putnam-fl.com/pa/property/?type=api&parcel=36-09-24-4075-1360-0040,,www.putnam.realtaxdeed.com,2026-10-07T10:51:04+00:00
