county,sale_date,sale_time,parcel_id,case_number,certificate_number,owner_name,property_address,property_use,acreage,opening_bid,assessed_value,auction_status,auction_type,auction_url,appraiser_url,source_host,scraped_at
putnam,08/19/2026,09:00 AM ET,02-10-24-4075-2250-0030,2023-0000977,2023-0000977,,00 UNASSIGNED LOCATION RE,,,1169.61,,08/19/2026 09:00 AM ET,TAXDEED,https://www.putnam.realtaxdeed.com/index.cfm?zaction=AUCTION&Zmethod=PREVIEW&AUCTIONDATE=08/19/2026,https://apps.putnam-fl.com/pa/property/?type=api&parcel=02-10-24-4075-2250-0030,www.putnam.realtaxdeed.com,2026-08-15T03:52:59+00:00
putnam,08/19/2026,09:00 AM ET,03-10-24-9070-0110-0180,2019-0002038,2019-0002038,,00 UNASSIGNED LOCATION RE,,,1331.39,,08/19/2026 09:00 AM ET,TAXDEED,https://www.putnam.realtaxdeed.com/index.cfm?zaction=AUCTION&Zmethod=PREVIEW&AUCTIONDATE=08/19/2026,https://apps.putnam-fl.com/pa/property/?type=api&parcel=03-10-24-9070-0110-0180,www.putnam.realtaxdeed.com,2026-08-15T03:52:59+00:00
putnam,08/19/2026,09:00 AM ET,03-10-24-9070-0120-0080,2020-0002387,2020-0002387,,00 UNASSIGNED LOCATION RE,,,1192.47,,08/19/2026 09:00 AM ET,TAXDEED,https://www.putnam.realtaxdeed.com/index.cfm?zaction=AUCTION&Zmethod=PREVIEW&AUCTIONDATE=08/19/2026,https://apps.putnam-fl.com/pa/property/?type=api&parcel=03-10-24-9070-0120-0080,www.putnam.realtaxdeed.com,2026-08-15T03:52:59+00:00
putnam,08/19/2026,09:00 AM ET,03-10-24-9070-0150-0050,2019-0002103,2019-0002103,,00 UNASSIGNED LOCATION RE,,,1371.24,,08/19/2026 09:00 AM ET,TAXDEED,https://www.putnam.realtaxdeed.com/index.cfm?zaction=AUCTION&Zmethod=PREVIEW&AUCTIONDATE=08/19/2026,https://apps.putnam-fl.com/pa/property/?type=api&parcel=03-10-24-9070-0150-0050,www.putnam.realtaxdeed.com,2026-08-15T03:52:59+00:00
putnam,08/19/2026,09:00 AM ET,04-10-24-6450-0050-0240,2023-0002745,2023-0002745,,00 UNASSIGNED LOCATION RE,,,1195.63,,08/19/2026 09:00 AM ET,TAXDEED,https://www.putnam.realtaxdeed.com/index.cfm?zaction=AUCTION&Zmethod=PREVIEW&AUCTIONDATE=08/19/2026,https://apps.putnam-fl.com/pa/property/?type=api&parcel=04-10-24-6450-0050-0240,www.putnam.realtaxdeed.com,2026-08-15T03:52:59+00:00
putnam,08/19/2026,09:00 AM ET,04-10-24-6450-0060-0240,2019-0003179,2019-0003179,,00 UNASSIGNED LOCATION RE,,,1386.6,,08/19/2026 09:00 AM ET,TAXDEED,https://www.putnam.realtaxdeed.com/index.cfm?zaction=AUCTION&Zmethod=PREVIEW&AUCTIONDATE=08/19/2026,https://apps.putnam-fl.com/pa/property/?type=api&parcel=04-10-24-6450-0060-0240,www.putnam.realtaxdeed.com,2026-08-15T03:52:59+00:00
putnam,08/19/2026,09:00 AM ET,04-10-24-6450-0060-0300,2020-0003425,2020-0003425,,00 UNASSIGNED LOCATION RE,,,1319.75,,08/19/2026 09:00 AM ET,TAXDEED,https://www.putnam.realtaxdeed.com/index.cfm?zaction=AUCTION&Zmethod=PREVIEW&AUCTIONDATE=08/19/2026,https://apps.putnam-fl.com/pa/property/?type=api&parcel=04-10-24-6450-0060-0300,www.putnam.realtaxdeed.com,2026-08-15T03:52:59+00:00
putnam,08/19/2026,09:00 AM ET,04-10-24-6450-0060-0310,2020-0003423,2020-0003423,,00 UNASSIGNED LOCATION RE,,,1320.65,,08/19/2026 09:00 AM ET,TAXDEED,https://www.putnam.realtaxdeed.com/index.cfm?zaction=AUCTION&Zmethod=PREVIEW&AUCTIONDATE=08/19/2026,https://apps.putnam-fl.com/pa/property/?type=api&parcel=04-10-24-6450-0060-0310,www.putnam.realtaxdeed.com,2026-08-15T03:52:59+00:00
putnam,08/19/2026,09:00 AM ET,04-10-24-9025-0030-0290,2019-0003220,2019-0003220,,"209 LEMON ST, INTERLACHEN, FL- 32148",,,1443.65,,08/19/2026 09:00 AM ET,TAXDEED,https://www.putnam.realtaxdeed.com/index.cfm?zaction=AUCTION&Zmethod=PREVIEW&AUCTIONDATE=08/19/2026,https://apps.putnam-fl.com/pa/property/?type=api&parcel=04-10-24-9025-0030-0290,www.putnam.realtaxdeed.com,2026-08-15T03:52:59+00:00
putnam,08/19/2026,09:00 AM ET,04-10-24-9025-0030-0310,2019-0003218,2019-0003218,,"213 LEMON ST, INTERLACHEN, FL- 32148",,,1452.48,,08/19/2026 09:00 AM ET,TAXDEED,https://www.putnam.realtaxdeed.com/index.cfm?zaction=AUCTION&Zmethod=PREVIEW&AUCTIONDATE=08/19/2026,https://apps.putnam-fl.com/pa/property/?type=api&parcel=04-10-24-9025-0030-0310,www.putnam.realtaxdeed.com,2026-08-15T03:52:59+00:00
putnam,08/19/2026,09:00 AM ET,04-10-24-9030-0080-0340,2019-0003447,2019-0003447,,00 UNASSIGNED LOCATION RE,,,1487.14,,08/19/2026 09:00 AM ET,TAXDEED,https://www.putnam.realtaxdeed.com/index.cfm?zaction=AUCTION&Zmethod=PREVIEW&AUCTIONDATE=08/19/2026,https://apps.putnam-fl.com/pa/property/?type=api&parcel=04-10-24-9030-0080-0340,www.putnam.realtaxdeed.com,2026-08-15T03:52:59+00:00
putnam,08/19/2026,09:00 AM ET,04-10-24-9030-0080-0370,2019-0003443,2019-0003443,,00 UNASSIGNED LOCATION RE,,,1487.14,,08/19/2026 09:00 AM ET,TAXDEED,https://www.putnam.realtaxdeed.com/index.cfm?zaction=AUCTION&Zmethod=PREVIEW&AUCTIONDATE=08/19/2026,https://apps.putnam-fl.com/pa/property/?type=api&parcel=04-10-24-9030-0080-0370,www.putnam.realtaxdeed.com,2026-08-15T03:52:59+00:00
putnam,08/19/2026,09:00 AM ET,04-10-24-9030-0080-0380,2019-0003444,2019-0003444,,00 UNASSIGNED LOCATION RE,,,1404.0,,08/19/2026 09:00 AM ET,TAXDEED,https://www.putnam.realtaxdeed.com/index.cfm?zaction=AUCTION&Zmethod=PREVIEW&AUCTIONDATE=08/19/2026,https://apps.putnam-fl.com/pa/property/?type=api&parcel=04-10-24-9030-0080-0380,www.putnam.realtaxdeed.com,2026-08-15T03:52:59+00:00
putnam,08/19/2026,09:00 AM ET,04-12-27-0000-0160-0010,2019-0003751,2019-0003751,,"104 WOODSIDE AV, POMONA PARK, FL- 32181",,,1508.17,,08/19/2026 09:00 AM ET,TAXDEED,https://www.putnam.realtaxdeed.com/index.cfm?zaction=AUCTION&Zmethod=PREVIEW&AUCTIONDATE=08/19/2026,https://apps.putnam-fl.com/pa/property/?type=api&parcel=04-12-27-0000-0160-0010,www.putnam.realtaxdeed.com,2026-08-15T03:52:59+00:00
putnam,08/19/2026,,05-10-24-4927-0020-0180,2020-0003915,2020-0003915,,00 UNASSIGNED LOCATION RE,,,1336.0,,Redeemed,TAXDEED,https://www.putnam.realtaxdeed.com/index.cfm?zaction=AUCTION&Zmethod=PREVIEW&AUCTIONDATE=08/19/2026,https://apps.putnam-fl.com/pa/property/?type=api&parcel=05-10-24-4927-0020-0180,www.putnam.realtaxdeed.com,2026-08-15T03:52:59+00:00
putnam,08/19/2026,09:00 AM ET,05-10-24-4927-0060-0430,2019-0003928,2019-0003928,,00 UNASSIGNED LOCATION RE,,,1432.9,,08/19/2026 09:00 AM ET,TAXDEED,https://www.putnam.realtaxdeed.com/index.cfm?zaction=AUCTION&Zmethod=PREVIEW&AUCTIONDATE=08/19/2026,https://apps.putnam-fl.com/pa/property/?type=api&parcel=05-10-24-4927-0060-0430,www.putnam.realtaxdeed.com,2026-08-15T03:52:59+00:00
putnam,08/19/2026,09:00 AM ET,05-10-24-4928-0050-0080,2019-0004014,2019-0004014,,00 UNASSIGNED LOCATION RE,,,1496.97,,08/19/2026 09:00 AM ET,TAXDEED,https://www.putnam.realtaxdeed.com/index.cfm?zaction=AUCTION&Zmethod=PREVIEW&AUCTIONDATE=08/19/2026,https://apps.putnam-fl.com/pa/property/?type=api&parcel=05-10-24-4928-0050-0080,www.putnam.realtaxdeed.com,2026-08-15T03:52:59+00:00
putnam,08/19/2026,09:00 AM ET,05-10-24-4928-0050-0580,2019-0004065,2019-0004065,,00 UNASSIGNED LOCATION RE,,,1433.31,,08/19/2026 09:00 AM ET,TAXDEED,https://www.putnam.realtaxdeed.com/index.cfm?zaction=AUCTION&Zmethod=PREVIEW&AUCTIONDATE=08/19/2026,https://apps.putnam-fl.com/pa/property/?type=api&parcel=05-10-24-4928-0050-0580,www.putnam.realtaxdeed.com,2026-08-15T03:52:59+00:00
putnam,08/19/2026,09:00 AM ET,05-10-24-4930-0010-0160,2019-0004092,2019-0004092,,00 UNASSIGNED LOCATION RE,,,1175.47,,08/19/2026 09:00 AM ET,TAXDEED,https://www.putnam.realtaxdeed.com/index.cfm?zaction=AUCTION&Zmethod=PREVIEW&AUCTIONDATE=08/19/2026,https://apps.putnam-fl.com/pa/property/?type=api&parcel=05-10-24-4930-0010-0160,www.putnam.realtaxdeed.com,2026-08-15T03:52:59+00:00
putnam,08/19/2026,09:00 AM ET,05-10-24-4930-0030-0050,2019-0004169,2019-0004169,,00 UNASSIGNED LOCATION RE,,,1517.7,,08/19/2026 09:00 AM ET,TAXDEED,https://www.putnam.realtaxdeed.com/index.cfm?zaction=AUCTION&Zmethod=PREVIEW&AUCTIONDATE=08/19/2026,https://apps.putnam-fl.com/pa/property/?type=api&parcel=05-10-24-4930-0030-0050,www.putnam.realtaxdeed.com,2026-08-15T03:52:59+00:00
putnam,08/19/2026,09:00 AM ET,05-10-24-4930-0030-0060,2019-0004142,2019-0004142,,00 UNASSIGNED LOCATION RE,,,1529.24,,08/19/2026 09:00 AM ET,TAXDEED,https://www.putnam.realtaxdeed.com/index.cfm?zaction=AUCTION&Zmethod=PREVIEW&AUCTIONDATE=08/19/2026,https://apps.putnam-fl.com/pa/property/?type=api&parcel=05-10-24-4930-0030-0060,www.putnam.realtaxdeed.com,2026-08-15T03:52:59+00:00
putnam,08/19/2026,09:00 AM ET,05-10-24-4930-0030-0070,2019-0004143,2019-0004143,,00 UNASSIGNED LOCATION RE,,,1512.01,,08/19/2026 09:00 AM ET,TAXDEED,https://www.putnam.realtaxdeed.com/index.cfm?zaction=AUCTION&Zmethod=PREVIEW&AUCTIONDATE=08/19/2026,https://apps.putnam-fl.com/pa/property/?type=api&parcel=05-10-24-4930-0030-0070,www.putnam.realtaxdeed.com,2026-08-15T03:52:59+00:00
putnam,08/19/2026,09:00 AM ET,05-10-24-4930-0040-0060,2019-0004200,2019-0004200,,00 UNASSIGNED LOCATION RE,,,1489.03,,08/19/2026 09:00 AM ET,TAXDEED,https://www.putnam.realtaxdeed.com/index.cfm?zaction=AUCTION&Zmethod=PREVIEW&AUCTIONDATE=08/19/2026,https://apps.putnam-fl.com/pa/property/?type=api&parcel=05-10-24-4930-0040-0060,www.putnam.realtaxdeed.com,2026-08-15T03:52:59+00:00
putnam,08/19/2026,09:00 AM ET,05-10-24-4930-0040-0070,2019-0004211,2019-0004211,,00 UNASSIGNED LOCATION RE,,,1467.99,,08/19/2026 09:00 AM ET,TAXDEED,https://www.putnam.realtaxdeed.com/index.cfm?zaction=AUCTION&Zmethod=PREVIEW&AUCTIONDATE=08/19/2026,https://apps.putnam-fl.com/pa/property/?type=api&parcel=05-10-24-4930-0040-0070,www.putnam.realtaxdeed.com,2026-08-15T03:52:59+00:00
putnam,08/19/2026,09:00 AM ET,05-10-24-4930-0040-0080,2019-0004210,2019-0004210,,00 UNASSIGNED LOCATION RE,,,1481.22,,08/19/2026 09:00 AM ET,TAXDEED,https://www.putnam.realtaxdeed.com/index.cfm?zaction=AUCTION&Zmethod=PREVIEW&AUCTIONDATE=08/19/2026,https://apps.putnam-fl.com/pa/property/?type=api&parcel=05-10-24-4930-0040-0080,www.putnam.realtaxdeed.com,2026-08-15T03:52:59+00:00
putnam,08/19/2026,09:00 AM ET,05-10-24-4930-0040-0090,2019-0004209,2019-0004209,,00 UNASSIGNED LOCATION RE,,,1501.32,,08/19/2026 09:00 AM ET,TAXDEED,https://www.putnam.realtaxdeed.com/index.cfm?zaction=AUCTION&Zmethod=PREVIEW&AUCTIONDATE=08/19/2026,https://apps.putnam-fl.com/pa/property/?type=api&parcel=05-10-24-4930-0040-0090,www.putnam.realtaxdeed.com,2026-08-15T03:52:59+00:00
putnam,08/19/2026,09:00 AM ET,05-10-24-4930-0040-0100,2019-0004208,2019-0004208,,00 UNASSIGNED LOCATION RE,,,1501.32,,08/19/2026 09:00 AM ET,TAXDEED,https://www.putnam.realtaxdeed.com/index.cfm?zaction=AUCTION&Zmethod=PREVIEW&AUCTIONDATE=08/19/2026,https://apps.putnam-fl.com/pa/property/?type=api&parcel=05-10-24-4930-0040-0100,www.putnam.realtaxdeed.com,2026-08-15T03:52:59+00:00
putnam,08/19/2026,09:00 AM ET,05-10-24-4930-0040-0110,2019-0004207,2019-0004207,,00 UNASSIGNED LOCATION RE,,,1506.26,,08/19/2026 09:00 AM ET,TAXDEED,https://www.putnam.realtaxdeed.com/index.cfm?zaction=AUCTION&Zmethod=PREVIEW&AUCTIONDATE=08/19/2026,https://apps.putnam-fl.com/pa/property/?type=api&parcel=05-10-24-4930-0040-0110,www.putnam.realtaxdeed.com,2026-08-15T03:52:59+00:00
putnam,08/19/2026,09:00 AM ET,05-10-24-4930-0040-0120,2019-0004206,2019-0004206,,00 UNASSIGNED LOCATION RE,,,1506.26,,08/19/2026 09:00 AM ET,TAXDEED,https://www.putnam.realtaxdeed.com/index.cfm?zaction=AUCTION&Zmethod=PREVIEW&AUCTIONDATE=08/19/2026,https://apps.putnam-fl.com/pa/property/?type=api&parcel=05-10-24-4930-0040-0120,www.putnam.realtaxdeed.com,2026-08-15T03:52:59+00:00
putnam,08/19/2026,09:00 AM ET,05-10-24-4930-0040-0130,2019-0004205,2019-0004205,,00 UNASSIGNED LOCATION RE,,,1506.26,,08/19/2026 09:00 AM ET,TAXDEED,https://www.putnam.realtaxdeed.com/index.cfm?zaction=AUCTION&Zmethod=PREVIEW&AUCTIONDATE=08/19/2026,https://apps.putnam-fl.com/pa/property/?type=api&parcel=05-10-24-4930-0040-0130,www.putnam.realtaxdeed.com,2026-08-15T03:52:59+00:00
putnam,08/19/2026,09:00 AM ET,05-10-24-4930-0040-0140,2019-0004204,2019-0004204,,00 UNASSIGNED LOCATION RE,,,1506.26,,08/19/2026 09:00 AM ET,TAXDEED,https://www.putnam.realtaxdeed.com/index.cfm?zaction=AUCTION&Zmethod=PREVIEW&AUCTIONDATE=08/19/2026,https://apps.putnam-fl.com/pa/property/?type=api&parcel=05-10-24-4930-0040-0140,www.putnam.realtaxdeed.com,2026-08-15T03:52:59+00:00
putnam,08/19/2026,09:00 AM ET,05-10-24-4930-0040-0150,2019-0004193,2019-0004193,,00 UNASSIGNED LOCATION RE,,,1463.06,,08/19/2026 09:00 AM ET,TAXDEED,https://www.putnam.realtaxdeed.com/index.cfm?zaction=AUCTION&Zmethod=PREVIEW&AUCTIONDATE=08/19/2026,https://apps.putnam-fl.com/pa/property/?type=api&parcel=05-10-24-4930-0040-0150,www.putnam.realtaxdeed.com,2026-08-15T03:52:59+00:00
putnam,08/19/2026,09:00 AM ET,05-10-24-4930-0040-0160,2019-0004194,2019-0004194,,00 UNASSIGNED LOCATION RE,,,1463.06,,08/19/2026 09:00 AM ET,TAXDEED,https://www.putnam.realtaxdeed.com/index.cfm?zaction=AUCTION&Zmethod=PREVIEW&AUCTIONDATE=08/19/2026,https://apps.putnam-fl.com/pa/property/?type=api&parcel=05-10-24-4930-0040-0160,www.putnam.realtaxdeed.com,2026-08-15T03:52:59+00:00
putnam,08/19/2026,09:00 AM ET,05-10-24-4940-0080-0130,2020-0004317,2020-0004317,,00 UNASSIGNED LOCATION RE,,,1299.84,,08/19/2026 09:00 AM ET,TAXDEED,https://www.putnam.realtaxdeed.com/index.cfm?zaction=AUCTION&Zmethod=PREVIEW&AUCTIONDATE=08/19/2026,https://apps.putnam-fl.com/pa/property/?type=api&parcel=05-10-24-4940-0080-0130,www.putnam.realtaxdeed.com,2026-08-15T03:52:59+00:00
putnam,08/19/2026,09:00 AM ET,05-10-24-4940-0100-0150,2020-0004726,2020-0004726,,00 UNASSIGNED LOCATION RE,,,1299.84,,08/19/2026 09:00 AM ET,TAXDEED,https://www.putnam.realtaxdeed.com/index.cfm?zaction=AUCTION&Zmethod=PREVIEW&AUCTIONDATE=08/19/2026,https://apps.putnam-fl.com/pa/property/?type=api&parcel=05-10-24-4940-0100-0150,www.putnam.realtaxdeed.com,2026-08-15T03:52:59+00:00
putnam,08/19/2026,09:00 AM ET,05-10-24-4940-0100-0250,2020-0004868,2020-0004868,,00 UNASSIGNED LOCATION RE,,,1407.91,,08/19/2026 09:00 AM ET,TAXDEED,https://www.putnam.realtaxdeed.com/index.cfm?zaction=AUCTION&Zmethod=PREVIEW&AUCTIONDATE=08/19/2026,https://apps.putnam-fl.com/pa/property/?type=api&parcel=05-10-24-4940-0100-0250,www.putnam.realtaxdeed.com,2026-08-15T03:52:59+00:00
putnam,08/19/2026,09:00 AM ET,05-10-24-4940-0100-0260,2023-0004108,2023-0004108,,00 UNASSIGNED LOCATION RE,,,1407.91,,08/19/2026 09:00 AM ET,TAXDEED,https://www.putnam.realtaxdeed.com/index.cfm?zaction=AUCTION&Zmethod=PREVIEW&AUCTIONDATE=08/19/2026,https://apps.putnam-fl.com/pa/property/?type=api&parcel=05-10-24-4940-0100-0260,www.putnam.realtaxdeed.com,2026-08-15T03:52:59+00:00
putnam,08/19/2026,09:00 AM ET,05-10-24-9045-0080-0150,2019-0004709,2019-0004709,,00 UNASSIGNED LOCATION RE,,,1494.79,,08/19/2026 09:00 AM ET,TAXDEED,https://www.putnam.realtaxdeed.com/index.cfm?zaction=AUCTION&Zmethod=PREVIEW&AUCTIONDATE=08/19/2026,https://apps.putnam-fl.com/pa/property/?type=api&parcel=05-10-24-9045-0080-0150,www.putnam.realtaxdeed.com,2026-08-15T03:52:59+00:00
putnam,08/19/2026,09:00 AM ET,07-10-24-7072-0190-0200,2019-0006039,2019-0006039,,00 UNASSIGNED LOCATION RE,,,1498.26,,08/19/2026 09:00 AM ET,TAXDEED,https://www.putnam.realtaxdeed.com/index.cfm?zaction=AUCTION&Zmethod=PREVIEW&AUCTIONDATE=08/19/2026,https://apps.putnam-fl.com/pa/property/?type=api&parcel=07-10-24-7072-0190-0200,www.putnam.realtaxdeed.com,2026-08-15T03:52:59+00:00
putnam,08/19/2026,09:00 AM ET,07-10-24-7072-0190-0210,2019-0006036,2019-0006036,,00 UNASSIGNED LOCATION RE,,,1498.26,,08/19/2026 09:00 AM ET,TAXDEED,https://www.putnam.realtaxdeed.com/index.cfm?zaction=AUCTION&Zmethod=PREVIEW&AUCTIONDATE=08/19/2026,https://apps.putnam-fl.com/pa/property/?type=api&parcel=07-10-24-7072-0190-0210,www.putnam.realtaxdeed.com,2026-08-15T03:52:59+00:00
putnam,08/19/2026,09:00 AM ET,07-10-24-7072-0190-0220,2019-0006025,2019-0006025,,"341 SW 56TH AV, INTERLACHEN, FL- 32148",,,1500.01,,08/19/2026 09:00 AM ET,TAXDEED,https://www.putnam.realtaxdeed.com/index.cfm?zaction=AUCTION&Zmethod=PREVIEW&AUCTIONDATE=08/19/2026,https://apps.putnam-fl.com/pa/property/?type=api&parcel=07-10-24-7072-0190-0220,www.putnam.realtaxdeed.com,2026-08-15T03:52:59+00:00
putnam,08/19/2026,09:00 AM ET,07-10-24-7072-0190-0230,2019-0006024,2019-0006024,,"343 SW 56TH AV, INTERLACHEN, FL- 32148",,,1500.01,,08/19/2026 09:00 AM ET,TAXDEED,https://www.putnam.realtaxdeed.com/index.cfm?zaction=AUCTION&Zmethod=PREVIEW&AUCTIONDATE=08/19/2026,https://apps.putnam-fl.com/pa/property/?type=api&parcel=07-10-24-7072-0190-0230,www.putnam.realtaxdeed.com,2026-08-15T03:52:59+00:00
putnam,08/19/2026,09:00 AM ET,07-10-24-7072-0200-0320,2019-0006069,2019-0006069,,00 UNASSIGNED LOCATION RE,,,1506.29,,08/19/2026 09:00 AM ET,TAXDEED,https://www.putnam.realtaxdeed.com/index.cfm?zaction=AUCTION&Zmethod=PREVIEW&AUCTIONDATE=08/19/2026,https://apps.putnam-fl.com/pa/property/?type=api&parcel=07-10-24-7072-0200-0320,www.putnam.realtaxdeed.com,2026-08-15T03:52:59+00:00
putnam,08/19/2026,09:00 AM ET,07-10-24-7072-0200-0330,2019-0006068,2019-0006068,,00 UNASSIGNED LOCATION RE,,,1506.29,,08/19/2026 09:00 AM ET,TAXDEED,https://www.putnam.realtaxdeed.com/index.cfm?zaction=AUCTION&Zmethod=PREVIEW&AUCTIONDATE=08/19/2026,https://apps.putnam-fl.com/pa/property/?type=api&parcel=07-10-24-7072-0200-0330,www.putnam.realtaxdeed.com,2026-08-15T03:52:59+00:00
putnam,08/19/2026,09:00 AM ET,07-10-24-7072-0200-0340,2019-0006073,2019-0006073,,00 UNASSIGNED LOCATION RE,,,1506.29,,08/19/2026 09:00 AM ET,TAXDEED,https://www.putnam.realtaxdeed.com/index.cfm?zaction=AUCTION&Zmethod=PREVIEW&AUCTIONDATE=08/19/2026,https://apps.putnam-fl.com/pa/property/?type=api&parcel=07-10-24-7072-0200-0340,www.putnam.realtaxdeed.com,2026-08-15T03:52:59+00:00
putnam,08/19/2026,09:00 AM ET,07-10-24-7072-0200-0350,2019-0006071,2019-0006071,,00 UNASSIGNED LOCATION RE,,,1506.29,,08/19/2026 09:00 AM ET,TAXDEED,https://www.putnam.realtaxdeed.com/index.cfm?zaction=AUCTION&Zmethod=PREVIEW&AUCTIONDATE=08/19/2026,https://apps.putnam-fl.com/pa/property/?type=api&parcel=07-10-24-7072-0200-0350,www.putnam.realtaxdeed.com,2026-08-15T03:52:59+00:00
putnam,08/19/2026,09:00 AM ET,07-10-24-7072-0210-0180,2019-0006045,2019-0006045,,"233 FLAMINGO DR, INTERLACHEN, FL- 32148",,,1499.62,,08/19/2026 09:00 AM ET,TAXDEED,https://www.putnam.realtaxdeed.com/index.cfm?zaction=AUCTION&Zmethod=PREVIEW&AUCTIONDATE=08/19/2026,https://apps.putnam-fl.com/pa/property/?type=api&parcel=07-10-24-7072-0210-0180,www.putnam.realtaxdeed.com,2026-08-15T03:52:59+00:00
putnam,08/19/2026,09:00 AM ET,07-10-24-7072-0210-0200,2019-0006041,2019-0006041,,"237 FLAMINGO DR, INTERLACHEN, FL- 32148",,,1503.49,,08/19/2026 09:00 AM ET,TAXDEED,https://www.putnam.realtaxdeed.com/index.cfm?zaction=AUCTION&Zmethod=PREVIEW&AUCTIONDATE=08/19/2026,https://apps.putnam-fl.com/pa/property/?type=api&parcel=07-10-24-7072-0210-0200,www.putnam.realtaxdeed.com,2026-08-15T03:52:59+00:00
putnam,08/19/2026,09:00 AM ET,07-10-24-7072-0220-0030,2019-0006077,2019-0006077,,00 UNASSIGNED LOCATION RE,,,1466.92,,08/19/2026 09:00 AM ET,TAXDEED,https://www.putnam.realtaxdeed.com/index.cfm?zaction=AUCTION&Zmethod=PREVIEW&AUCTIONDATE=08/19/2026,https://apps.putnam-fl.com/pa/property/?type=api&parcel=07-10-24-7072-0220-0030,www.putnam.realtaxdeed.com,2026-08-15T03:52:59+00:00
putnam,08/19/2026,09:00 AM ET,07-10-25-4082-0010-0230,2023-0005708,2023-0005708,,00 UNASSIGNED LOCATION RE,,,1135.9,,08/19/2026 09:00 AM ET,TAXDEED,https://www.putnam.realtaxdeed.com/index.cfm?zaction=AUCTION&Zmethod=PREVIEW&AUCTIONDATE=08/19/2026,https://apps.putnam-fl.com/pa/property/?type=api&parcel=07-10-25-4082-0010-0230,www.putnam.realtaxdeed.com,2026-08-15T03:52:59+00:00
putnam,08/19/2026,09:00 AM ET,08-10-24-6782-0080-0030,2019-0007169,2019-0007169,,00 UNASSIGNED LOCATION RE,,,1435.95,,08/19/2026 09:00 AM ET,TAXDEED,https://www.putnam.realtaxdeed.com/index.cfm?zaction=AUCTION&Zmethod=PREVIEW&AUCTIONDATE=08/19/2026,https://apps.putnam-fl.com/pa/property/?type=api&parcel=08-10-24-6782-0080-0030,www.putnam.realtaxdeed.com,2026-08-15T03:52:59+00:00
putnam,08/19/2026,09:00 AM ET,13-11-26-8244-0400-0110,2019-0011763,2019-0011763,,"707 MINNESOTA AV, SATSUMA, FL- 32189",,,1016.54,,08/19/2026 09:00 AM ET,TAXDEED,https://www.putnam.realtaxdeed.com/index.cfm?zaction=AUCTION&Zmethod=PREVIEW&AUCTIONDATE=08/19/2026,https://apps.putnam-fl.com/pa/property/?type=api&parcel=13-11-26-8244-0400-0110,www.putnam.realtaxdeed.com,2026-08-15T03:52:59+00:00
putnam,08/19/2026,09:00 AM ET,15-10-24-4050-0020-0390,2019-0012504,2019-0012504,,00 UNASSIGNED LOCATION RE,,,1794.82,,08/19/2026 09:00 AM ET,TAXDEED,https://www.putnam.realtaxdeed.com/index.cfm?zaction=AUCTION&Zmethod=PREVIEW&AUCTIONDATE=08/19/2026,https://apps.putnam-fl.com/pa/property/?type=api&parcel=15-10-24-4050-0020-0390,www.putnam.realtaxdeed.com,2026-08-15T03:52:59+00:00
putnam,08/19/2026,09:00 AM ET,17-09-27-0000-0100-0010,2024-0009836,2024-0009836,,00 UNASSIGNED LOCATION RE,,,1258.04,,08/19/2026 09:00 AM ET,TAXDEED,https://www.putnam.realtaxdeed.com/index.cfm?zaction=AUCTION&Zmethod=PREVIEW&AUCTIONDATE=08/19/2026,https://apps.putnam-fl.com/pa/property/?type=api&parcel=17-09-27-0000-0100-0010,www.putnam.realtaxdeed.com,2026-08-15T03:52:59+00:00
putnam,08/19/2026,09:00 AM ET,17-10-24-1520-0020-0270,2020-0013557,2020-0013557,,UNASSIGNED LOCATION PP,,,1173.02,,08/19/2026 09:00 AM ET,TAXDEED,https://www.putnam.realtaxdeed.com/index.cfm?zaction=AUCTION&Zmethod=PREVIEW&AUCTIONDATE=08/19/2026,https://apps.putnam-fl.com/pa/property/?type=api&parcel=17-10-24-1520-0020-0270,www.putnam.realtaxdeed.com,2026-08-15T03:52:59+00:00
putnam,08/19/2026,09:00 AM ET,18-08-25-5106-6150-0100,2023-0011854,2023-0011854,,"122 ESCAMBIA DR, FLORAHOME, FL- 32140",,,1462.78,,08/19/2026 09:00 AM ET,TAXDEED,https://www.putnam.realtaxdeed.com/index.cfm?zaction=AUCTION&Zmethod=PREVIEW&AUCTIONDATE=08/19/2026,https://apps.putnam-fl.com/pa/property/?type=api&parcel=18-08-25-5106-6150-0100,www.putnam.realtaxdeed.com,2026-08-15T03:52:59+00:00
putnam,08/19/2026,09:00 AM ET,19-08-25-5106-6060-0050,2023-0012363,2023-0012363,,"102 NOCATEE DR, FLORAHOME, FL- 32140",,,1111.18,,08/19/2026 09:00 AM ET,TAXDEED,https://www.putnam.realtaxdeed.com/index.cfm?zaction=AUCTION&Zmethod=PREVIEW&AUCTIONDATE=08/19/2026,https://apps.putnam-fl.com/pa/property/?type=api&parcel=19-08-25-5106-6060-0050,www.putnam.realtaxdeed.com,2026-08-15T03:52:59+00:00
putnam,08/19/2026,09:00 AM ET,19-08-25-5109-9020-0020,2023-0012364,2023-0012364,,"132 SOUTH DR, FLORAHOME, FL- 32140",,,1137.93,,08/19/2026 09:00 AM ET,TAXDEED,https://www.putnam.realtaxdeed.com/index.cfm?zaction=AUCTION&Zmethod=PREVIEW&AUCTIONDATE=08/19/2026,https://apps.putnam-fl.com/pa/property/?type=api&parcel=19-08-25-5109-9020-0020,www.putnam.realtaxdeed.com,2026-08-15T03:52:59+00:00
putnam,08/19/2026,09:00 AM ET,23-10-24-4061-0130-0120,2023-0013537,2023-0013537,,00 UNASSIGNED LOCATION RE,,,1040.99,,08/19/2026 09:00 AM ET,TAXDEED,https://www.putnam.realtaxdeed.com/index.cfm?zaction=AUCTION&Zmethod=PREVIEW&AUCTIONDATE=08/19/2026,https://apps.putnam-fl.com/pa/property/?type=api&parcel=23-10-24-4061-0130-0120,www.putnam.realtaxdeed.com,2026-08-15T03:52:59+00:00
putnam,08/19/2026,09:00 AM ET,23-10-24-4061-0130-0130,2023-0013538,2023-0013538,,00 UNASSIGNED LOCATION RE,,,1126.49,,08/19/2026 09:00 AM ET,TAXDEED,https://www.putnam.realtaxdeed.com/index.cfm?zaction=AUCTION&Zmethod=PREVIEW&AUCTIONDATE=08/19/2026,https://apps.putnam-fl.com/pa/property/?type=api&parcel=23-10-24-4061-0130-0130,www.putnam.realtaxdeed.com,2026-08-15T03:52:59+00:00
putnam,08/19/2026,09:00 AM ET,24-09-24-4075-0460-0190,2019-0016034,2019-0016034,,00 UNASSIGNED LOCATION RE,,,1903.49,,08/19/2026 09:00 AM ET,TAXDEED,https://www.putnam.realtaxdeed.com/index.cfm?zaction=AUCTION&Zmethod=PREVIEW&AUCTIONDATE=08/19/2026,https://apps.putnam-fl.com/pa/property/?type=api&parcel=24-09-24-4075-0460-0190,www.putnam.realtaxdeed.com,2026-08-15T03:52:59+00:00
putnam,08/19/2026,09:00 AM ET,24-09-24-4075-0510-0210,2019-0016080,2019-0016080,,00 UNASSIGNED LOCATION RE,,,1991.34,,08/19/2026 09:00 AM ET,TAXDEED,https://www.putnam.realtaxdeed.com/index.cfm?zaction=AUCTION&Zmethod=PREVIEW&AUCTIONDATE=08/19/2026,https://apps.putnam-fl.com/pa/property/?type=api&parcel=24-09-24-4075-0510-0210,www.putnam.realtaxdeed.com,2026-08-15T03:52:59+00:00
putnam,08/19/2026,09:00 AM ET,25-09-24-4075-0900-0050,2020-0017552,2020-0017552,,00 UNASSIGNED LOCATION RE,,,2000.67,,08/19/2026 09:00 AM ET,TAXDEED,https://www.putnam.realtaxdeed.com/index.cfm?zaction=AUCTION&Zmethod=PREVIEW&AUCTIONDATE=08/19/2026,https://apps.putnam-fl.com/pa/property/?type=api&parcel=25-09-24-4075-0900-0050,www.putnam.realtaxdeed.com,2026-08-15T03:52:59+00:00
putnam,08/19/2026,09:00 AM ET,34-10-23-4520-0060-0030,2021-0017035,2021-0017035,,00 UNASSIGNED LOCATION RE,,,1675.62,,08/19/2026 09:00 AM ET,TAXDEED,https://www.putnam.realtaxdeed.com/index.cfm?zaction=AUCTION&Zmethod=PREVIEW&AUCTIONDATE=08/19/2026,https://apps.putnam-fl.com/pa/property/?type=api&parcel=34-10-23-4520-0060-0030,www.putnam.realtaxdeed.com,2026-08-15T03:52:59+00:00
putnam,08/19/2026,09:00 AM ET,35-08-27-8152-0160-0070,2024-0015335,2024-0015335,,"144 BONITA DR, PALATKA, FL- 32177",,,19527.75,,08/19/2026 09:00 AM ET,TAXDEED,https://www.putnam.realtaxdeed.com/index.cfm?zaction=AUCTION&Zmethod=PREVIEW&AUCTIONDATE=08/19/2026,https://apps.putnam-fl.com/pa/property/?type=api&parcel=35-08-27-8152-0160-0070,www.putnam.realtaxdeed.com,2026-08-15T03:52:59+00:00
putnam,08/19/2026,09:00 AM ET,37-13-27-7061-0460-0390,2023-0018395,2023-0018395,,"336 BIRCH BLVD, GEORGETOWN, FL- 32139",,,1128.04,,08/19/2026 09:00 AM ET,TAXDEED,https://www.putnam.realtaxdeed.com/index.cfm?zaction=AUCTION&Zmethod=PREVIEW&AUCTIONDATE=08/19/2026,https://apps.putnam-fl.com/pa/property/?type=api&parcel=37-13-27-7061-0460-0390,www.putnam.realtaxdeed.com,2026-08-15T03:52:59+00:00
putnam,08/19/2026,09:00 AM ET,37-13-27-7061-0460-0400,2023-0018396,2023-0018396,,00 UNASSIGNED LOCATION RE,,,1128.04,,08/19/2026 09:00 AM ET,TAXDEED,https://www.putnam.realtaxdeed.com/index.cfm?zaction=AUCTION&Zmethod=PREVIEW&AUCTIONDATE=08/19/2026,https://apps.putnam-fl.com/pa/property/?type=api&parcel=37-13-27-7061-0460-0400,www.putnam.realtaxdeed.com,2026-08-15T03:52:59+00:00
putnam,08/19/2026,09:00 AM ET,37-13-27-7063-1100-0060,2022-0018802,2022-0018802,,"211 SIESTA DR, GEORGETOWN, FL- 32139",,,1217.27,,08/19/2026 09:00 AM ET,TAXDEED,https://www.putnam.realtaxdeed.com/index.cfm?zaction=AUCTION&Zmethod=PREVIEW&AUCTIONDATE=08/19/2026,https://apps.putnam-fl.com/pa/property/?type=api&parcel=37-13-27-7063-1100-0060,www.putnam.realtaxdeed.com,2026-08-15T03:52:59+00:00
putnam,08/19/2026,09:00 AM ET,37-13-27-7063-1100-0090,2020-0022193,2020-0022193,,"102 BAHAMA CT, GEORGETOWN, FL- 32139",,,1221.6,,08/19/2026 09:00 AM ET,TAXDEED,https://www.putnam.realtaxdeed.com/index.cfm?zaction=AUCTION&Zmethod=PREVIEW&AUCTIONDATE=08/19/2026,https://apps.putnam-fl.com/pa/property/?type=api&parcel=37-13-27-7063-1100-0090,www.putnam.realtaxdeed.com,2026-08-15T03:52:59+00:00
putnam,08/19/2026,09:00 AM ET,38-12-26-0000-0040-0002,2019-0021639,2019-0021639,,00 UNASSIGNED LOCATION RE,,,1670.94,,08/19/2026 09:00 AM ET,TAXDEED,https://www.putnam.realtaxdeed.com/index.cfm?zaction=AUCTION&Zmethod=PREVIEW&AUCTIONDATE=08/19/2026,https://apps.putnam-fl.com/pa/property/?type=api&parcel=38-12-26-0000-0040-0002,www.putnam.realtaxdeed.com,2026-08-15T03:52:59+00:00
putnam,08/19/2026,09:00 AM ET,39-10-27-7750-0110-0170,2020-0022947,2020-0022947,,00 UNASSIGNED LOCATION RE,,,1288.04,,08/19/2026 09:00 AM ET,TAXDEED,https://www.putnam.realtaxdeed.com/index.cfm?zaction=AUCTION&Zmethod=PREVIEW&AUCTIONDATE=08/19/2026,https://apps.putnam-fl.com/pa/property/?type=api&parcel=39-10-27-7750-0110-0170,www.putnam.realtaxdeed.com,2026-08-15T03:52:59+00:00
putnam,08/26/2026,,01-10-26-1470-0020-0180,2024-0000242,2024-0000242,,"202 PUTNAM AV, PALATKA, FL- 32177",,,3357.77,,Redeemed,TAXDEED,https://www.putnam.realtaxdeed.com/index.cfm?zaction=AUCTION&Zmethod=PREVIEW&AUCTIONDATE=08/26/2026,https://apps.putnam-fl.com/pa/property/?type=api&parcel=01-10-26-1470-0020-0180,www.putnam.realtaxdeed.com,2026-08-15T03:53:12+00:00
putnam,08/26/2026,09:00 AM ET,01-10-26-7200-0090-0050,2024-0000299,2024-0000299,,00 UNASSIGNED LOCATION RE,,,3378.3,,08/26/2026 09:00 AM ET,TAXDEED,https://www.putnam.realtaxdeed.com/index.cfm?zaction=AUCTION&Zmethod=PREVIEW&AUCTIONDATE=08/26/2026,https://apps.putnam-fl.com/pa/property/?type=api&parcel=01-10-26-7200-0090-0050,www.putnam.realtaxdeed.com,2026-08-15T03:53:12+00:00
putnam,08/26/2026,09:00 AM ET,02-10-24-4075-1870-0070,2024-0000711,2024-0000711,,"422 MARION AV, INTERLACHEN, FL- 32148",,,28497.09,,08/26/2026 09:00 AM ET,TAXDEED,https://www.putnam.realtaxdeed.com/index.cfm?zaction=AUCTION&Zmethod=PREVIEW&AUCTIONDATE=08/26/2026,https://apps.putnam-fl.com/pa/property/?type=api&parcel=02-10-24-4075-1870-0070,www.putnam.realtaxdeed.com,2026-08-15T03:53:12+00:00
putnam,08/26/2026,09:00 AM ET,02-12-27-0000-0240-0002,2024-0000939,2024-0000939,,"121 FISHERMANS COVE PARADISE R, CRESCENT CITY, FL- 32112",,,7794.04,,08/26/2026 09:00 AM ET,TAXDEED,https://www.putnam.realtaxdeed.com/index.cfm?zaction=AUCTION&Zmethod=PREVIEW&AUCTIONDATE=08/26/2026,https://apps.putnam-fl.com/pa/property/?type=api&parcel=02-12-27-0000-0240-0002,www.putnam.realtaxdeed.com,2026-08-15T03:53:12+00:00
putnam,08/26/2026,09:00 AM ET,02-12-27-5571-0000-0120,2024-0001013,2024-0001013,,"123 MCCLAIN BLVD, CRESCENT CITY, FL- 32112",,,5812.36,,08/26/2026 09:00 AM ET,TAXDEED,https://www.putnam.realtaxdeed.com/index.cfm?zaction=AUCTION&Zmethod=PREVIEW&AUCTIONDATE=08/26/2026,https://apps.putnam-fl.com/pa/property/?type=api&parcel=02-12-27-5571-0000-0120,www.putnam.realtaxdeed.com,2026-08-15T03:53:12+00:00
putnam,08/26/2026,09:00 AM ET,04-10-24-5532-0050-0140,2020-0002545,2020-0002545,,"127 PACIFIC AV, INTERLACHEN, FL- 32148",,,1108.41,,08/26/2026 09:00 AM ET,TAXDEED,https://www.putnam.realtaxdeed.com/index.cfm?zaction=AUCTION&Zmethod=PREVIEW&AUCTIONDATE=08/26/2026,https://apps.putnam-fl.com/pa/property/?type=api&parcel=04-10-24-5532-0050-0140,www.putnam.realtaxdeed.com,2026-08-15T03:53:12+00:00
putnam,08/26/2026,09:00 AM ET,04-10-25-4077-0210-0080,2024-0002780,2024-0002780,,"147 DARBY DR, PALATKA, FL- 32177",,,7976.06,,08/26/2026 09:00 AM ET,TAXDEED,https://www.putnam.realtaxdeed.com/index.cfm?zaction=AUCTION&Zmethod=PREVIEW&AUCTIONDATE=08/26/2026,https://apps.putnam-fl.com/pa/property/?type=api&parcel=04-10-25-4077-0210-0080,www.putnam.realtaxdeed.com,2026-08-15T03:53:12+00:00
putnam,08/26/2026,09:00 AM ET,06-11-26-0000-8888-1056,2020-0005124,2020-0005124,,00 UNASSIGNED LOCATION RE,,,1851.78,,08/26/2026 09:00 AM ET,TAXDEED,https://www.putnam.realtaxdeed.com/index.cfm?zaction=AUCTION&Zmethod=PREVIEW&AUCTIONDATE=08/26/2026,https://apps.putnam-fl.com/pa/property/?type=api&parcel=06-11-26-0000-8888-1056,www.putnam.realtaxdeed.com,2026-08-15T03:53:12+00:00
putnam,08/26/2026,09:00 AM ET,06-11-26-0000-8888-1083,2020-0005130,2020-0005130,,00 UNASSIGNED LOCATION RE,,,1845.16,,08/26/2026 09:00 AM ET,TAXDEED,https://www.putnam.realtaxdeed.com/index.cfm?zaction=AUCTION&Zmethod=PREVIEW&AUCTIONDATE=08/26/2026,https://apps.putnam-fl.com/pa/property/?type=api&parcel=06-11-26-0000-8888-1083,www.putnam.realtaxdeed.com,2026-08-15T03:53:12+00:00
putnam,08/26/2026,09:00 AM ET,06-11-26-0000-8888-1127,2020-0005165,2020-0005165,,00 UNASSIGNED LOCATION RE,,,1851.78,,08/26/2026 09:00 AM ET,TAXDEED,https://www.putnam.realtaxdeed.com/index.cfm?zaction=AUCTION&Zmethod=PREVIEW&AUCTIONDATE=08/26/2026,https://apps.putnam-fl.com/pa/property/?type=api&parcel=06-11-26-0000-8888-1127,www.putnam.realtaxdeed.com,2026-08-15T03:53:12+00:00
putnam,08/26/2026,09:00 AM ET,07-13-27-9020-0000-0171,2024-0005365,2024-0005365,,"107 GEORGETOWN POINT RD, GEORGETOWN, FL- 32139",,,6289.87,,08/26/2026 09:00 AM ET,TAXDEED,https://www.putnam.realtaxdeed.com/index.cfm?zaction=AUCTION&Zmethod=PREVIEW&AUCTIONDATE=08/26/2026,https://apps.putnam-fl.com/pa/property/?type=api&parcel=07-13-27-9020-0000-0171,www.putnam.realtaxdeed.com,2026-08-15T03:53:12+00:00
putnam,08/26/2026,09:00 AM ET,08-13-27-7061-0500-0160,2023-0006632,2023-0006632,,"409 ROSEWOOD ST, GEORGETOWN, FL- 32139",,,1699.38,,08/26/2026 09:00 AM ET,TAXDEED,https://www.putnam.realtaxdeed.com/index.cfm?zaction=AUCTION&Zmethod=PREVIEW&AUCTIONDATE=08/26/2026,https://apps.putnam-fl.com/pa/property/?type=api&parcel=08-13-27-7061-0500-0160,www.putnam.realtaxdeed.com,2026-08-15T03:53:12+00:00
putnam,08/26/2026,09:00 AM ET,08-13-27-7063-1320-0080,2019-0007563,2019-0007563,,"215 GARRISON AV, GEORGETOWN, FL- 32139",,,1172.97,,08/26/2026 09:00 AM ET,TAXDEED,https://www.putnam.realtaxdeed.com/index.cfm?zaction=AUCTION&Zmethod=PREVIEW&AUCTIONDATE=08/26/2026,https://apps.putnam-fl.com/pa/property/?type=api&parcel=08-13-27-7063-1320-0080,www.putnam.realtaxdeed.com,2026-08-15T03:53:12+00:00
putnam,08/26/2026,09:00 AM ET,11-10-24-4075-2370-0120,2024-0007392,2024-0007392,,"124 PHILLIP AV, INTERLACHEN, FL- 32148",,,3787.06,,08/26/2026 09:00 AM ET,TAXDEED,https://www.putnam.realtaxdeed.com/index.cfm?zaction=AUCTION&Zmethod=PREVIEW&AUCTIONDATE=08/26/2026,https://apps.putnam-fl.com/pa/property/?type=api&parcel=11-10-24-4075-2370-0120,www.putnam.realtaxdeed.com,2026-08-15T03:53:12+00:00
putnam,08/26/2026,,12-10-24-4075-2500-0140,2024-0008120,2024-0008120,,"120 EDWARD ST, INTERLACHEN, FL- 32148",,,3780.78,,Redeemed,TAXDEED,https://www.putnam.realtaxdeed.com/index.cfm?zaction=AUCTION&Zmethod=PREVIEW&AUCTIONDATE=08/26/2026,https://apps.putnam-fl.com/pa/property/?type=api&parcel=12-10-24-4075-2500-0140,www.putnam.realtaxdeed.com,2026-08-15T03:53:12+00:00
putnam,08/26/2026,,12-10-26-2670-0000-0010,2024-0008246,2024-0008246,,"201 NELLIE ST, PALATKA, FL- 32177",,,5726.31,,Redeemed,TAXDEED,https://www.putnam.realtaxdeed.com/index.cfm?zaction=AUCTION&Zmethod=PREVIEW&AUCTIONDATE=08/26/2026,https://apps.putnam-fl.com/pa/property/?type=api&parcel=12-10-26-2670-0000-0010,www.putnam.realtaxdeed.com,2026-08-15T03:53:12+00:00
putnam,08/26/2026,09:00 AM ET,12-11-26-8241-0310-0150,2024-0008394,2024-0008394,,"219 SUMMIT RD, SATSUMA, FL- 32189",,,3214.71,,08/26/2026 09:00 AM ET,TAXDEED,https://www.putnam.realtaxdeed.com/index.cfm?zaction=AUCTION&Zmethod=PREVIEW&AUCTIONDATE=08/26/2026,https://apps.putnam-fl.com/pa/property/?type=api&parcel=12-11-26-8241-0310-0150,www.putnam.realtaxdeed.com,2026-08-15T03:53:12+00:00
putnam,08/26/2026,09:00 AM ET,14-08-24-5104-1120-0230,2019-0012005,2019-0012005,,"218 MARJAK LN, FLORAHOME, FL- 32140",,,1213.42,,08/26/2026 09:00 AM ET,TAXDEED,https://www.putnam.realtaxdeed.com/index.cfm?zaction=AUCTION&Zmethod=PREVIEW&AUCTIONDATE=08/26/2026,https://apps.putnam-fl.com/pa/property/?type=api&parcel=14-08-24-5104-1120-0230,www.putnam.realtaxdeed.com,2026-08-15T03:53:12+00:00
putnam,08/26/2026,09:00 AM ET,14-08-24-5104-1130-0240,2019-0011992,2019-0011992,,"108 RICKIE LN, FLORAHOME, FL- 32140",,,1213.59,,08/26/2026 09:00 AM ET,TAXDEED,https://www.putnam.realtaxdeed.com/index.cfm?zaction=AUCTION&Zmethod=PREVIEW&AUCTIONDATE=08/26/2026,https://apps.putnam-fl.com/pa/property/?type=api&parcel=14-08-24-5104-1130-0240,www.putnam.realtaxdeed.com,2026-08-15T03:53:12+00:00
putnam,08/26/2026,09:00 AM ET,14-08-24-5104-1140-0090,2019-0011993,2019-0011993,,"117 RICKIE LN, FLORAHOME, FL- 32140",,,1213.77,,08/26/2026 09:00 AM ET,TAXDEED,https://www.putnam.realtaxdeed.com/index.cfm?zaction=AUCTION&Zmethod=PREVIEW&AUCTIONDATE=08/26/2026,https://apps.putnam-fl.com/pa/property/?type=api&parcel=14-08-24-5104-1140-0090,www.putnam.realtaxdeed.com,2026-08-15T03:53:12+00:00
putnam,08/26/2026,09:00 AM ET,14-10-23-9314-0010-0410,2019-0012098,2019-0012098,,"327 BADEN POWELL RD, HAWTHORNE, FL- 32640",,,1502.01,,08/26/2026 09:00 AM ET,TAXDEED,https://www.putnam.realtaxdeed.com/index.cfm?zaction=AUCTION&Zmethod=PREVIEW&AUCTIONDATE=08/26/2026,https://apps.putnam-fl.com/pa/property/?type=api&parcel=14-10-23-9314-0010-0410,www.putnam.realtaxdeed.com,2026-08-15T03:53:12+00:00
putnam,08/26/2026,09:00 AM ET,14-10-23-9314-0010-0420,2019-0012099,2019-0012099,,"325 BADEN POWELL RD, HAWTHORNE, FL- 32640",,,1502.01,,08/26/2026 09:00 AM ET,TAXDEED,https://www.putnam.realtaxdeed.com/index.cfm?zaction=AUCTION&Zmethod=PREVIEW&AUCTIONDATE=08/26/2026,https://apps.putnam-fl.com/pa/property/?type=api&parcel=14-10-23-9314-0010-0420,www.putnam.realtaxdeed.com,2026-08-15T03:53:12+00:00
putnam,08/26/2026,09:00 AM ET,16-10-24-4066-0190-0060,2024-0009726,2024-0009726,,"107 DICKENS ST, INTERLACHEN, FL- 32148",,,4836.54,,08/26/2026 09:00 AM ET,TAXDEED,https://www.putnam.realtaxdeed.com/index.cfm?zaction=AUCTION&Zmethod=PREVIEW&AUCTIONDATE=08/26/2026,https://apps.putnam-fl.com/pa/property/?type=api&parcel=16-10-24-4066-0190-0060,www.putnam.realtaxdeed.com,2026-08-15T03:53:12+00:00
putnam,08/26/2026,,16-10-24-4066-0210-0080,2024-0009733,2024-0009733,,"116 BRANDT ST, INTERLACHEN, FL- 32148",,,4895.21,,Redeemed,TAXDEED,https://www.putnam.realtaxdeed.com/index.cfm?zaction=AUCTION&Zmethod=PREVIEW&AUCTIONDATE=08/26/2026,https://apps.putnam-fl.com/pa/property/?type=api&parcel=16-10-24-4066-0210-0080,www.putnam.realtaxdeed.com,2026-08-15T03:53:12+00:00
putnam,08/26/2026,09:00 AM ET,18-10-24-1650-0010-1090,2024-0010381,2024-0010381,,"120 SW 60TH AV, INTERLACHEN, FL- 32148",,,6955.21,,08/26/2026 09:00 AM ET,TAXDEED,https://www.putnam.realtaxdeed.com/index.cfm?zaction=AUCTION&Zmethod=PREVIEW&AUCTIONDATE=08/26/2026,https://apps.putnam-fl.com/pa/property/?type=api&parcel=18-10-24-1650-0010-1090,www.putnam.realtaxdeed.com,2026-08-15T03:53:12+00:00
putnam,08/26/2026,09:00 AM ET,18-10-24-5112-0030-0430,2024-0010498,2024-0010498,,"226 5TH WAY, INTERLACHEN, FL- 32148",,,3640.06,,08/26/2026 09:00 AM ET,TAXDEED,https://www.putnam.realtaxdeed.com/index.cfm?zaction=AUCTION&Zmethod=PREVIEW&AUCTIONDATE=08/26/2026,https://apps.putnam-fl.com/pa/property/?type=api&parcel=18-10-24-5112-0030-0430,www.putnam.realtaxdeed.com,2026-08-15T03:53:12+00:00
putnam,08/26/2026,09:00 AM ET,21-10-27-0000-0490-0000,2024-0011260,2024-0011260,,"131 ASIA RD, SAN MATEO, FL- 32187",,,4103.79,,08/26/2026 09:00 AM ET,TAXDEED,https://www.putnam.realtaxdeed.com/index.cfm?zaction=AUCTION&Zmethod=PREVIEW&AUCTIONDATE=08/26/2026,https://apps.putnam-fl.com/pa/property/?type=api&parcel=21-10-27-0000-0490-0000,www.putnam.realtaxdeed.com,2026-08-15T03:53:12+00:00
putnam,08/26/2026,,22-10-26-5470-0050-0010,2024-0011466,2024-0011466,,"209 HIGGINS ST, PALATKA, FL- 32177",,,5716.74,,Redeemed,TAXDEED,https://www.putnam.realtaxdeed.com/index.cfm?zaction=AUCTION&Zmethod=PREVIEW&AUCTIONDATE=08/26/2026,https://apps.putnam-fl.com/pa/property/?type=api&parcel=22-10-26-5470-0050-0010,www.putnam.realtaxdeed.com,2026-08-15T03:53:12+00:00
putnam,08/26/2026,09:00 AM ET,22-10-26-5470-0070-0100,2024-0011468,2024-0011468,,"206 BLANCHETTE AV, PALATKA, FL- 32177",,,6291.97,,08/26/2026 09:00 AM ET,TAXDEED,https://www.putnam.realtaxdeed.com/index.cfm?zaction=AUCTION&Zmethod=PREVIEW&AUCTIONDATE=08/26/2026,https://apps.putnam-fl.com/pa/property/?type=api&parcel=22-10-26-5470-0070-0100,www.putnam.realtaxdeed.com,2026-08-15T03:53:12+00:00
putnam,08/26/2026,09:00 AM ET,23-10-23-0000-0450-0000,2024-0011623,2024-0011623,,"180 S COUNTY RD 21, HAWTHORNE, FL- 32640",,,7514.25,,08/26/2026 09:00 AM ET,TAXDEED,https://www.putnam.realtaxdeed.com/index.cfm?zaction=AUCTION&Zmethod=PREVIEW&AUCTIONDATE=08/26/2026,https://apps.putnam-fl.com/pa/property/?type=api&parcel=23-10-23-0000-0450-0000,www.putnam.realtaxdeed.com,2026-08-15T03:53:12+00:00
putnam,08/26/2026,09:00 AM ET,23-10-24-4062-0020-0110,2024-0011660,2024-0011660,,"104 ALMOND AV, INTERLACHEN, FL- 32148",,,7998.03,,08/26/2026 09:00 AM ET,TAXDEED,https://www.putnam.realtaxdeed.com/index.cfm?zaction=AUCTION&Zmethod=PREVIEW&AUCTIONDATE=08/26/2026,https://apps.putnam-fl.com/pa/property/?type=api&parcel=23-10-24-4062-0020-0110,www.putnam.realtaxdeed.com,2026-08-15T03:53:12+00:00
putnam,08/26/2026,09:00 AM ET,24-09-24-4075-0320-0260,2024-0011953,2024-0011953,,"815 DEL MONACO AV, INTERLACHEN, FL- 32148",,,7732.44,,08/26/2026 09:00 AM ET,TAXDEED,https://www.putnam.realtaxdeed.com/index.cfm?zaction=AUCTION&Zmethod=PREVIEW&AUCTIONDATE=08/26/2026,https://apps.putnam-fl.com/pa/property/?type=api&parcel=24-09-24-4075-0320-0260,www.putnam.realtaxdeed.com,2026-08-15T03:53:12+00:00
putnam,08/26/2026,09:00 AM ET,29-09-26-0000-0030-0000,2024-0013669,2024-0013669,,"133 STATE RD 100, PALATKA, FL- 32177",,,3751.89,,08/26/2026 09:00 AM ET,TAXDEED,https://www.putnam.realtaxdeed.com/index.cfm?zaction=AUCTION&Zmethod=PREVIEW&AUCTIONDATE=08/26/2026,https://apps.putnam-fl.com/pa/property/?type=api&parcel=29-09-26-0000-0030-0000,www.putnam.realtaxdeed.com,2026-08-15T03:53:12+00:00
putnam,08/26/2026,09:00 AM ET,31-12-26-0000-0025-0030,2024-0014074,2024-0014074,,"243 BIG BUCK RD, PALATKA, FL- 32177",,,6069.28,,08/26/2026 09:00 AM ET,TAXDEED,https://www.putnam.realtaxdeed.com/index.cfm?zaction=AUCTION&Zmethod=PREVIEW&AUCTIONDATE=08/26/2026,https://apps.putnam-fl.com/pa/property/?type=api&parcel=31-12-26-0000-0025-0030,www.putnam.realtaxdeed.com,2026-08-15T03:53:12+00:00
putnam,08/26/2026,09:00 AM ET,31-12-28-0000-0590-0020,2024-0014122,2024-0014122,,"100 S AMIN RD, CRESCENT CITY, FL- 32112",,,4995.64,,08/26/2026 09:00 AM ET,TAXDEED,https://www.putnam.realtaxdeed.com/index.cfm?zaction=AUCTION&Zmethod=PREVIEW&AUCTIONDATE=08/26/2026,https://apps.putnam-fl.com/pa/property/?type=api&parcel=31-12-28-0000-0590-0020,www.putnam.realtaxdeed.com,2026-08-15T03:53:12+00:00
putnam,08/26/2026,,34-09-24-3245-0110-0240,2024-0014906,2024-0014906,,"229 ALASKA AV, INTERLACHEN, FL- 32148",,,3809.81,,Redeemed,TAXDEED,https://www.putnam.realtaxdeed.com/index.cfm?zaction=AUCTION&Zmethod=PREVIEW&AUCTIONDATE=08/26/2026,https://apps.putnam-fl.com/pa/property/?type=api&parcel=34-09-24-3245-0110-0240,www.putnam.realtaxdeed.com,2026-08-15T03:53:12+00:00
putnam,08/26/2026,09:00 AM ET,35-08-27-8151-0000-6300,2024-0015250,2024-0015250,,"881 WEST RIVER RD, PALATKA, FL- 32177",,,3417.62,,08/26/2026 09:00 AM ET,TAXDEED,https://www.putnam.realtaxdeed.com/index.cfm?zaction=AUCTION&Zmethod=PREVIEW&AUCTIONDATE=08/26/2026,https://apps.putnam-fl.com/pa/property/?type=api&parcel=35-08-27-8151-0000-6300,www.putnam.realtaxdeed.com,2026-08-15T03:53:12+00:00
putnam,08/26/2026,,35-09-24-4076-0110-0020,2024-0015511,2024-0015511,,"1406 SHIRLEY ST, INTERLACHEN, FL- 32148",,,22276.02,,Redeemed,TAXDEED,https://www.putnam.realtaxdeed.com/index.cfm?zaction=AUCTION&Zmethod=PREVIEW&AUCTIONDATE=08/26/2026,https://apps.putnam-fl.com/pa/property/?type=api&parcel=35-09-24-4076-0110-0020,www.putnam.realtaxdeed.com,2026-08-15T03:53:12+00:00
putnam,08/26/2026,09:00 AM ET,35-09-24-4076-0490-0220,2024-0015693,2024-0015693,,"805 DAWN AV, INTERLACHEN, FL- 32148",,,5396.52,,08/26/2026 09:00 AM ET,TAXDEED,https://www.putnam.realtaxdeed.com/index.cfm?zaction=AUCTION&Zmethod=PREVIEW&AUCTIONDATE=08/26/2026,https://apps.putnam-fl.com/pa/property/?type=api&parcel=35-09-24-4076-0490-0220,www.putnam.realtaxdeed.com,2026-08-15T03:53:12+00:00
putnam,08/26/2026,09:00 AM ET,36-09-24-4076-0260-0230,2024-0015984,2024-0015984,,"209 WILSON DR, INTERLACHEN, FL- 32148",,,3562.33,,08/26/2026 09:00 AM ET,TAXDEED,https://www.putnam.realtaxdeed.com/index.cfm?zaction=AUCTION&Zmethod=PREVIEW&AUCTIONDATE=08/26/2026,https://apps.putnam-fl.com/pa/property/?type=api&parcel=36-09-24-4076-0260-0230,www.putnam.realtaxdeed.com,2026-08-15T03:53:12+00:00
putnam,08/26/2026,09:00 AM ET,37-13-27-7063-1230-0070,2019-0021475,2019-0021475,,"103 ORLEANS CT, GEORGETOWN, FL- 32139",,,1191.22,,08/26/2026 09:00 AM ET,TAXDEED,https://www.putnam.realtaxdeed.com/index.cfm?zaction=AUCTION&Zmethod=PREVIEW&AUCTIONDATE=08/26/2026,https://apps.putnam-fl.com/pa/property/?type=api&parcel=37-13-27-7063-1230-0070,www.putnam.realtaxdeed.com,2026-08-15T03:53:12+00:00
putnam,08/26/2026,09:00 AM ET,37-13-27-7063-1280-0050,2019-0021559,2019-0021559,,"309 LAISY DR, GEORGETOWN, FL- 32139",,,1159.57,,08/26/2026 09:00 AM ET,TAXDEED,https://www.putnam.realtaxdeed.com/index.cfm?zaction=AUCTION&Zmethod=PREVIEW&AUCTIONDATE=08/26/2026,https://apps.putnam-fl.com/pa/property/?type=api&parcel=37-13-27-7063-1280-0050,www.putnam.realtaxdeed.com,2026-08-15T03:53:12+00:00
putnam,08/26/2026,09:00 AM ET,37-13-27-7063-1280-0220,2019-0021556,2019-0021556,,00 UNASSIGNED LOCATION RE,,,1168.94,,08/26/2026 09:00 AM ET,TAXDEED,https://www.putnam.realtaxdeed.com/index.cfm?zaction=AUCTION&Zmethod=PREVIEW&AUCTIONDATE=08/26/2026,https://apps.putnam-fl.com/pa/property/?type=api&parcel=37-13-27-7063-1280-0220,www.putnam.realtaxdeed.com,2026-08-15T03:53:12+00:00
putnam,08/26/2026,09:00 AM ET,42-10-27-6850-0060-0010,2024-0017089,2024-0017089,,00 UNASSIGNED LOCATION RE,,,10743.68,,08/26/2026 09:00 AM ET,TAXDEED,https://www.putnam.realtaxdeed.com/index.cfm?zaction=AUCTION&Zmethod=PREVIEW&AUCTIONDATE=08/26/2026,https://apps.putnam-fl.com/pa/property/?type=api&parcel=42-10-27-6850-0060-0010,www.putnam.realtaxdeed.com,2026-08-15T03:53:12+00:00
putnam,08/26/2026,,42-10-27-6850-2520-0800,2024-0017308,2024-0017308,,"1310 ST JOHNS AV, PALATKA, FL- 32177",,,4820.83,,Redeemed,TAXDEED,https://www.putnam.realtaxdeed.com/index.cfm?zaction=AUCTION&Zmethod=PREVIEW&AUCTIONDATE=08/26/2026,https://apps.putnam-fl.com/pa/property/?type=api&parcel=42-10-27-6850-2520-0800,www.putnam.realtaxdeed.com,2026-08-15T03:53:12+00:00
putnam,08/26/2026,,49-09-27-0220-0030-0081,2024-0017650,2024-0017650,,"102 W CRACKER SWAMP RD, EAST PALATKA, FL- 32131",,,4914.47,,Redeemed,TAXDEED,https://www.putnam.realtaxdeed.com/index.cfm?zaction=AUCTION&Zmethod=PREVIEW&AUCTIONDATE=08/26/2026,https://apps.putnam-fl.com/pa/property/?type=api&parcel=49-09-27-0220-0030-0081,www.putnam.realtaxdeed.com,2026-08-15T03:53:12+00:00
putnam,09/02/2026,09:00 AM ET,01-13-26-4910-0070-1950,2024-0000475,2024-0000475,,"123 FOREST ST, GEORGETOWN, FL- 32139",,,1691.7,,09/02/2026 09:00 AM ET,TAXDEED,https://www.putnam.realtaxdeed.com/index.cfm?zaction=AUCTION&Zmethod=PREVIEW&AUCTIONDATE=09/02/2026,https://apps.putnam-fl.com/pa/property/?type=api&parcel=01-13-26-4910-0070-1950,www.putnam.realtaxdeed.com,2026-08-15T03:53:43+00:00
putnam,09/02/2026,09:00 AM ET,02-10-26-0000-0960-0000,2024-0000833,2024-0000833,,"403 HOLDEN RD, PALATKA, FL- 32177",,,4082.08,,09/02/2026 09:00 AM ET,TAXDEED,https://www.putnam.realtaxdeed.com/index.cfm?zaction=AUCTION&Zmethod=PREVIEW&AUCTIONDATE=09/02/2026,https://apps.putnam-fl.com/pa/property/?type=api&parcel=02-10-26-0000-0960-0000,www.putnam.realtaxdeed.com,2026-08-15T03:53:43+00:00
putnam,09/02/2026,09:00 AM ET,02-12-27-1829-0300-0270,2024-0001010,2024-0001010,,"108 RUTH DR, CRESCENT CITY, FL- 32112",,,2278.27,,09/02/2026 09:00 AM ET,TAXDEED,https://www.putnam.realtaxdeed.com/index.cfm?zaction=AUCTION&Zmethod=PREVIEW&AUCTIONDATE=09/02/2026,https://apps.putnam-fl.com/pa/property/?type=api&parcel=02-12-27-1829-0300-0270,www.putnam.realtaxdeed.com,2026-08-15T03:53:43+00:00
putnam,09/02/2026,09:00 AM ET,03-10-24-2570-0010-0410,2019-0001896,2019-0001896,,00 UNASSIGNED LOCATION RE,,,1227.48,,09/02/2026 09:00 AM ET,TAXDEED,https://www.putnam.realtaxdeed.com/index.cfm?zaction=AUCTION&Zmethod=PREVIEW&AUCTIONDATE=09/02/2026,https://apps.putnam-fl.com/pa/property/?type=api&parcel=03-10-24-2570-0010-0410,www.putnam.realtaxdeed.com,2026-08-15T03:53:43+00:00
putnam,09/02/2026,09:00 AM ET,03-10-24-9070-0110-0190,2019-0002039,2019-0002039,,00 UNASSIGNED LOCATION RE,,,1325.07,,09/02/2026 09:00 AM ET,TAXDEED,https://www.putnam.realtaxdeed.com/index.cfm?zaction=AUCTION&Zmethod=PREVIEW&AUCTIONDATE=09/02/2026,https://apps.putnam-fl.com/pa/property/?type=api&parcel=03-10-24-9070-0110-0190,www.putnam.realtaxdeed.com,2026-08-15T03:53:43+00:00
putnam,09/02/2026,09:00 AM ET,03-10-24-9070-0120-0090,2020-0002386,2020-0002386,,00 UNASSIGNED LOCATION RE,,,1217.06,,09/02/2026 09:00 AM ET,TAXDEED,https://www.putnam.realtaxdeed.com/index.cfm?zaction=AUCTION&Zmethod=PREVIEW&AUCTIONDATE=09/02/2026,https://apps.putnam-fl.com/pa/property/?type=api&parcel=03-10-24-9070-0120-0090,www.putnam.realtaxdeed.com,2026-08-15T03:53:43+00:00
putnam,09/02/2026,09:00 AM ET,03-10-24-9070-0120-0100,2020-0002385,2020-0002385,,00 UNASSIGNED LOCATION RE,,,1257.92,,09/02/2026 09:00 AM ET,TAXDEED,https://www.putnam.realtaxdeed.com/index.cfm?zaction=AUCTION&Zmethod=PREVIEW&AUCTIONDATE=09/02/2026,https://apps.putnam-fl.com/pa/property/?type=api&parcel=03-10-24-9070-0120-0100,www.putnam.realtaxdeed.com,2026-08-15T03:53:43+00:00
putnam,09/02/2026,09:00 AM ET,04-09-27-0000-0021-1460,2024-0001619,2024-0001619,,"401 NW 8TH AV, PALATKA, FL- 32177",,,1515.94,,09/02/2026 09:00 AM ET,TAXDEED,https://www.putnam.realtaxdeed.com/index.cfm?zaction=AUCTION&Zmethod=PREVIEW&AUCTIONDATE=09/02/2026,https://apps.putnam-fl.com/pa/property/?type=api&parcel=04-09-27-0000-0021-1460,www.putnam.realtaxdeed.com,2026-08-15T03:53:43+00:00
putnam,09/02/2026,09:00 AM ET,04-10-24-5531-0050-0510,2019-0002541,2019-0002541,,00 UNASSIGNED LOCATION RE,,,1085.34,,09/02/2026 09:00 AM ET,TAXDEED,https://www.putnam.realtaxdeed.com/index.cfm?zaction=AUCTION&Zmethod=PREVIEW&AUCTIONDATE=09/02/2026,https://apps.putnam-fl.com/pa/property/?type=api&parcel=04-10-24-5531-0050-0510,www.putnam.realtaxdeed.com,2026-08-15T03:53:43+00:00
putnam,09/02/2026,09:00 AM ET,04-10-24-5540-0020-0100,2019-0002931,2019-0002931,,00 UNASSIGNED LOCATION RE,,,1497.73,,09/02/2026 09:00 AM ET,TAXDEED,https://www.putnam.realtaxdeed.com/index.cfm?zaction=AUCTION&Zmethod=PREVIEW&AUCTIONDATE=09/02/2026,https://apps.putnam-fl.com/pa/property/?type=api&parcel=04-10-24-5540-0020-0100,www.putnam.realtaxdeed.com,2026-08-15T03:53:43+00:00
putnam,09/02/2026,09:00 AM ET,04-10-24-6450-0040-0330,2020-0003125,2020-0003125,,00 UNASSIGNED LOCATION RE,,,1202.94,,09/02/2026 09:00 AM ET,TAXDEED,https://www.putnam.realtaxdeed.com/index.cfm?zaction=AUCTION&Zmethod=PREVIEW&AUCTIONDATE=09/02/2026,https://apps.putnam-fl.com/pa/property/?type=api&parcel=04-10-24-6450-0040-0330,www.putnam.realtaxdeed.com,2026-08-15T03:53:43+00:00
putnam,09/02/2026,09:00 AM ET,04-10-24-6450-0040-0440,2020-0003096,2020-0003096,,00 UNASSIGNED LOCATION RE,,,1448.78,,09/02/2026 09:00 AM ET,TAXDEED,https://www.putnam.realtaxdeed.com/index.cfm?zaction=AUCTION&Zmethod=PREVIEW&AUCTIONDATE=09/02/2026,https://apps.putnam-fl.com/pa/property/?type=api&parcel=04-10-24-6450-0040-0440,www.putnam.realtaxdeed.com,2026-08-15T03:53:43+00:00
putnam,09/02/2026,09:00 AM ET,04-10-24-9030-0020-0550,2024-0002477,2024-0002477,,00 UNASSIGNED LOCATION RE,,,1200.72,,09/02/2026 09:00 AM ET,TAXDEED,https://www.putnam.realtaxdeed.com/index.cfm?zaction=AUCTION&Zmethod=PREVIEW&AUCTIONDATE=09/02/2026,https://apps.putnam-fl.com/pa/property/?type=api&parcel=04-10-24-9030-0020-0550,www.putnam.realtaxdeed.com,2026-08-15T03:53:43+00:00
putnam,09/02/2026,09:00 AM ET,04-10-24-9035-0010-0890,2019-0003455,2019-0003455,,00 UNASSIGNED LOCATION RE,,,1394.51,,09/02/2026 09:00 AM ET,TAXDEED,https://www.putnam.realtaxdeed.com/index.cfm?zaction=AUCTION&Zmethod=PREVIEW&AUCTIONDATE=09/02/2026,https://apps.putnam-fl.com/pa/property/?type=api&parcel=04-10-24-9035-0010-0890,www.putnam.realtaxdeed.com,2026-08-15T03:53:43+00:00
putnam,09/02/2026,09:00 AM ET,04-10-24-9035-0010-1010,2020-0003446,2020-0003446,,00 UNASSIGNED LOCATION RE,,,1303.29,,09/02/2026 09:00 AM ET,TAXDEED,https://www.putnam.realtaxdeed.com/index.cfm?zaction=AUCTION&Zmethod=PREVIEW&AUCTIONDATE=09/02/2026,https://apps.putnam-fl.com/pa/property/?type=api&parcel=04-10-24-9035-0010-1010,www.putnam.realtaxdeed.com,2026-08-15T03:53:43+00:00
putnam,09/02/2026,09:00 AM ET,05-10-24-4925-0050-0350,2023-0003407,2023-0003407,,00 UNASSIGNED LOCATION RE,,,1332.76,,09/02/2026 09:00 AM ET,TAXDEED,https://www.putnam.realtaxdeed.com/index.cfm?zaction=AUCTION&Zmethod=PREVIEW&AUCTIONDATE=09/02/2026,https://apps.putnam-fl.com/pa/property/?type=api&parcel=05-10-24-4925-0050-0350,www.putnam.realtaxdeed.com,2026-08-15T03:53:43+00:00
putnam,09/02/2026,09:00 AM ET,05-10-24-4925-0080-0010,2019-0003870,2019-0003870,,00 UNASSIGNED LOCATION RE,,,1503.58,,09/02/2026 09:00 AM ET,TAXDEED,https://www.putnam.realtaxdeed.com/index.cfm?zaction=AUCTION&Zmethod=PREVIEW&AUCTIONDATE=09/02/2026,https://apps.putnam-fl.com/pa/property/?type=api&parcel=05-10-24-4925-0080-0010,www.putnam.realtaxdeed.com,2026-08-15T03:53:43+00:00
putnam,09/02/2026,09:00 AM ET,05-10-24-4930-0030-0500,2020-0004283,2020-0004283,,00 UNASSIGNED LOCATION RE,,,1475.46,,09/02/2026 09:00 AM ET,TAXDEED,https://www.putnam.realtaxdeed.com/index.cfm?zaction=AUCTION&Zmethod=PREVIEW&AUCTIONDATE=09/02/2026,https://apps.putnam-fl.com/pa/property/?type=api&parcel=05-10-24-4930-0030-0500,www.putnam.realtaxdeed.com,2026-08-15T03:53:43+00:00
putnam,09/02/2026,09:00 AM ET,05-10-24-4940-0050-0290,2023-0003964,2023-0003964,,"2610 TWIN LAKES BLVD, INTERLACHEN, FL- 32148",,,1114.48,,09/02/2026 09:00 AM ET,TAXDEED,https://www.putnam.realtaxdeed.com/index.cfm?zaction=AUCTION&Zmethod=PREVIEW&AUCTIONDATE=09/02/2026,https://apps.putnam-fl.com/pa/property/?type=api&parcel=05-10-24-4940-0050-0290,www.putnam.realtaxdeed.com,2026-08-15T03:53:43+00:00
putnam,09/02/2026,09:00 AM ET,05-10-24-4940-0070-0250,2020-0004153,2020-0004153,,00 UNASSIGNED LOCATION RE,,,1496.36,,09/02/2026 09:00 AM ET,TAXDEED,https://www.putnam.realtaxdeed.com/index.cfm?zaction=AUCTION&Zmethod=PREVIEW&AUCTIONDATE=09/02/2026,https://apps.putnam-fl.com/pa/property/?type=api&parcel=05-10-24-4940-0070-0250,www.putnam.realtaxdeed.com,2026-08-15T03:53:43+00:00
putnam,09/02/2026,09:00 AM ET,06-13-27-4910-0060-1320,2023-0004953,2023-0004953,,"125 EDGEMERE DR, GEORGETOWN, FL- 32139",,,1070.61,,09/02/2026 09:00 AM ET,TAXDEED,https://www.putnam.realtaxdeed.com/index.cfm?zaction=AUCTION&Zmethod=PREVIEW&AUCTIONDATE=09/02/2026,https://apps.putnam-fl.com/pa/property/?type=api&parcel=06-13-27-4910-0060-1320,www.putnam.realtaxdeed.com,2026-08-15T03:53:43+00:00
putnam,09/02/2026,09:00 AM ET,06-13-27-4910-0060-1730,2023-0004955,2023-0004955,,"110 HAMPTON CIR, GEORGETOWN, FL- 32139",,,1086.12,,09/02/2026 09:00 AM ET,TAXDEED,https://www.putnam.realtaxdeed.com/index.cfm?zaction=AUCTION&Zmethod=PREVIEW&AUCTIONDATE=09/02/2026,https://apps.putnam-fl.com/pa/property/?type=api&parcel=06-13-27-4910-0060-1730,www.putnam.realtaxdeed.com,2026-08-15T03:53:43+00:00
putnam,09/02/2026,09:00 AM ET,07-10-24-1650-0150-0020,2019-0005605,2019-0005605,,00 UNASSIGNED LOCATION RE,,,1327.23,,09/02/2026 09:00 AM ET,TAXDEED,https://www.putnam.realtaxdeed.com/index.cfm?zaction=AUCTION&Zmethod=PREVIEW&AUCTIONDATE=09/02/2026,https://apps.putnam-fl.com/pa/property/?type=api&parcel=07-10-24-1650-0150-0020,www.putnam.realtaxdeed.com,2026-08-15T03:53:43+00:00
putnam,09/02/2026,09:00 AM ET,07-10-24-7072-0220-0200,2019-0006136,2019-0006136,,00 UNASSIGNED LOCATION RE,,,1506.62,,09/02/2026 09:00 AM ET,TAXDEED,https://www.putnam.realtaxdeed.com/index.cfm?zaction=AUCTION&Zmethod=PREVIEW&AUCTIONDATE=09/02/2026,https://apps.putnam-fl.com/pa/property/?type=api&parcel=07-10-24-7072-0220-0200,www.putnam.realtaxdeed.com,2026-08-15T03:53:43+00:00
putnam,09/02/2026,09:00 AM ET,07-13-27-7060-0130-0190,2024-0005196,2024-0005196,,00 UNASSIGNED LOCATION RE,,,1788.83,,09/02/2026 09:00 AM ET,TAXDEED,https://www.putnam.realtaxdeed.com/index.cfm?zaction=AUCTION&Zmethod=PREVIEW&AUCTIONDATE=09/02/2026,https://apps.putnam-fl.com/pa/property/?type=api&parcel=07-13-27-7060-0130-0190,www.putnam.realtaxdeed.com,2026-08-15T03:53:43+00:00
putnam,09/02/2026,09:00 AM ET,07-13-27-7060-0320-0090,2023-0006020,2023-0006020,,"217 DOGWOOD AV, GEORGETOWN, FL- 32139",,,1118.97,,09/02/2026 09:00 AM ET,TAXDEED,https://www.putnam.realtaxdeed.com/index.cfm?zaction=AUCTION&Zmethod=PREVIEW&AUCTIONDATE=09/02/2026,https://apps.putnam-fl.com/pa/property/?type=api&parcel=07-13-27-7060-0320-0090,www.putnam.realtaxdeed.com,2026-08-15T03:53:43+00:00
putnam,09/02/2026,09:00 AM ET,07-13-27-7062-0760-0090,2023-0006154,2023-0006154,,"117 MARIE AV, GEORGETOWN, FL- 32139",,,1473.46,,09/02/2026 09:00 AM ET,TAXDEED,https://www.putnam.realtaxdeed.com/index.cfm?zaction=AUCTION&Zmethod=PREVIEW&AUCTIONDATE=09/02/2026,https://apps.putnam-fl.com/pa/property/?type=api&parcel=07-13-27-7062-0760-0090,www.putnam.realtaxdeed.com,2026-08-15T03:53:43+00:00
putnam,09/02/2026,09:00 AM ET,08-10-24-6782-0060-0240,2019-0007107,2019-0007107,,00 UNASSIGNED LOCATION RE,,,1510.33,,09/02/2026 09:00 AM ET,TAXDEED,https://www.putnam.realtaxdeed.com/index.cfm?zaction=AUCTION&Zmethod=PREVIEW&AUCTIONDATE=09/02/2026,https://apps.putnam-fl.com/pa/property/?type=api&parcel=08-10-24-6782-0060-0240,www.putnam.realtaxdeed.com,2026-08-15T03:53:43+00:00
putnam,09/02/2026,09:00 AM ET,08-10-24-6782-0060-0250,2019-0007108,2019-0007108,,00 UNASSIGNED LOCATION RE,,,1510.33,,09/02/2026 09:00 AM ET,TAXDEED,https://www.putnam.realtaxdeed.com/index.cfm?zaction=AUCTION&Zmethod=PREVIEW&AUCTIONDATE=09/02/2026,https://apps.putnam-fl.com/pa/property/?type=api&parcel=08-10-24-6782-0060-0250,www.putnam.realtaxdeed.com,2026-08-15T03:53:43+00:00
putnam,09/02/2026,09:00 AM ET,08-10-24-6782-0060-0260,2019-0007105,2019-0007105,,00 UNASSIGNED LOCATION RE,,,1510.33,,09/02/2026 09:00 AM ET,TAXDEED,https://www.putnam.realtaxdeed.com/index.cfm?zaction=AUCTION&Zmethod=PREVIEW&AUCTIONDATE=09/02/2026,https://apps.putnam-fl.com/pa/property/?type=api&parcel=08-10-24-6782-0060-0260,www.putnam.realtaxdeed.com,2026-08-15T03:53:43+00:00
putnam,09/02/2026,09:00 AM ET,08-10-24-6782-0060-0270,2019-0007106,2019-0007106,,00 UNASSIGNED LOCATION RE,,,1510.33,,09/02/2026 09:00 AM ET,TAXDEED,https://www.putnam.realtaxdeed.com/index.cfm?zaction=AUCTION&Zmethod=PREVIEW&AUCTIONDATE=09/02/2026,https://apps.putnam-fl.com/pa/property/?type=api&parcel=08-10-24-6782-0060-0270,www.putnam.realtaxdeed.com,2026-08-15T03:53:43+00:00
putnam,09/02/2026,09:00 AM ET,08-10-24-6782-0070-0180,2024-0005657,2024-0005657,,00 UNASSIGNED LOCATION RE,,,1072.74,,09/02/2026 09:00 AM ET,TAXDEED,https://www.putnam.realtaxdeed.com/index.cfm?zaction=AUCTION&Zmethod=PREVIEW&AUCTIONDATE=09/02/2026,https://apps.putnam-fl.com/pa/property/?type=api&parcel=08-10-24-6782-0070-0180,www.putnam.realtaxdeed.com,2026-08-15T03:53:43+00:00
putnam,09/02/2026,09:00 AM ET,08-10-24-6782-0080-0060,2019-0007164,2019-0007164,,00 UNASSIGNED LOCATION RE,,,1478.13,,09/02/2026 09:00 AM ET,TAXDEED,https://www.putnam.realtaxdeed.com/index.cfm?zaction=AUCTION&Zmethod=PREVIEW&AUCTIONDATE=09/02/2026,https://apps.putnam-fl.com/pa/property/?type=api&parcel=08-10-24-6782-0080-0060,www.putnam.realtaxdeed.com,2026-08-15T03:53:43+00:00
putnam,09/02/2026,09:00 AM ET,08-13-27-7061-0480-0030,2024-0005803,2024-0005803,,00 UNASSIGNED LOCATION RE,,,1879.21,,09/02/2026 09:00 AM ET,TAXDEED,https://www.putnam.realtaxdeed.com/index.cfm?zaction=AUCTION&Zmethod=PREVIEW&AUCTIONDATE=09/02/2026,https://apps.putnam-fl.com/pa/property/?type=api&parcel=08-13-27-7061-0480-0030,www.putnam.realtaxdeed.com,2026-08-15T03:53:43+00:00
putnam,09/02/2026,09:00 AM ET,08-13-27-7063-1320-0240,2019-0007597,2019-0007597,,"204 MANDARIN AV, GEORGETOWN, FL- 32139",,,1276.62,,09/02/2026 09:00 AM ET,TAXDEED,https://www.putnam.realtaxdeed.com/index.cfm?zaction=AUCTION&Zmethod=PREVIEW&AUCTIONDATE=09/02/2026,https://apps.putnam-fl.com/pa/property/?type=api&parcel=08-13-27-7063-1320-0240,www.putnam.realtaxdeed.com,2026-08-15T03:53:43+00:00
putnam,09/02/2026,09:00 AM ET,08-13-27-7063-1320-0260,2019-0007602,2019-0007602,,"208 MANDARIN AV, GEORGETOWN, FL- 32139",,,1276.62,,09/02/2026 09:00 AM ET,TAXDEED,https://www.putnam.realtaxdeed.com/index.cfm?zaction=AUCTION&Zmethod=PREVIEW&AUCTIONDATE=09/02/2026,https://apps.putnam-fl.com/pa/property/?type=api&parcel=08-13-27-7063-1320-0260,www.putnam.realtaxdeed.com,2026-08-15T03:53:43+00:00
putnam,09/02/2026,09:00 AM ET,09-10-24-0351-0060-0150,2019-0007783,2019-0007783,,"107 CLAUDETTE ST, INTERLACHEN, FL- 32148",,,1598.41,,09/02/2026 09:00 AM ET,TAXDEED,https://www.putnam.realtaxdeed.com/index.cfm?zaction=AUCTION&Zmethod=PREVIEW&AUCTIONDATE=09/02/2026,https://apps.putnam-fl.com/pa/property/?type=api&parcel=09-10-24-0351-0060-0150,www.putnam.realtaxdeed.com,2026-08-15T03:53:43+00:00
putnam,09/02/2026,09:00 AM ET,11-10-23-9303-0110-0260,2021-0008073,2021-0008073,,"149 INDIANAPOLIS ST, HAWTHORNE, FL- 32640",,,1276.83,,09/02/2026 09:00 AM ET,TAXDEED,https://www.putnam.realtaxdeed.com/index.cfm?zaction=AUCTION&Zmethod=PREVIEW&AUCTIONDATE=09/02/2026,https://apps.putnam-fl.com/pa/property/?type=api&parcel=11-10-23-9303-0110-0260,www.putnam.realtaxdeed.com,2026-08-15T03:53:43+00:00
putnam,09/02/2026,09:00 AM ET,11-11-26-8243-0320-0720,2024-0007595,2024-0007595,,"307 N EDGELINE RD, SATSUMA, FL- 32189",,,4989.96,,09/02/2026 09:00 AM ET,TAXDEED,https://www.putnam.realtaxdeed.com/index.cfm?zaction=AUCTION&Zmethod=PREVIEW&AUCTIONDATE=09/02/2026,https://apps.putnam-fl.com/pa/property/?type=api&parcel=11-11-26-8243-0320-0720,www.putnam.realtaxdeed.com,2026-08-15T03:53:43+00:00
putnam,09/02/2026,09:00 AM ET,12-10-23-1660-0030-0330,2023-0008982,2023-0008982,,00 UNASSIGNED LOCATION RE,,,966.26,,09/02/2026 09:00 AM ET,TAXDEED,https://www.putnam.realtaxdeed.com/index.cfm?zaction=AUCTION&Zmethod=PREVIEW&AUCTIONDATE=09/02/2026,https://apps.putnam-fl.com/pa/property/?type=api&parcel=12-10-23-1660-0030-0330,www.putnam.realtaxdeed.com,2026-08-15T03:53:43+00:00
putnam,09/02/2026,09:00 AM ET,12-10-23-1660-0040-0260,2023-0009000,2023-0009000,,00 UNASSIGNED LOCATION RE,,,860.69,,09/02/2026 09:00 AM ET,TAXDEED,https://www.putnam.realtaxdeed.com/index.cfm?zaction=AUCTION&Zmethod=PREVIEW&AUCTIONDATE=09/02/2026,https://apps.putnam-fl.com/pa/property/?type=api&parcel=12-10-23-1660-0040-0260,www.putnam.realtaxdeed.com,2026-08-15T03:53:43+00:00
putnam,09/02/2026,09:00 AM ET,12-10-24-4079-0130-0100,2024-0008166,2024-0008166,,00 UNASSIGNED LOCATION RE,,,1681.27,,09/02/2026 09:00 AM ET,TAXDEED,https://www.putnam.realtaxdeed.com/index.cfm?zaction=AUCTION&Zmethod=PREVIEW&AUCTIONDATE=09/02/2026,https://apps.putnam-fl.com/pa/property/?type=api&parcel=12-10-24-4079-0130-0100,www.putnam.realtaxdeed.com,2026-08-15T03:53:43+00:00
putnam,09/02/2026,09:00 AM ET,12-11-26-8240-0060-0190,2024-0008337,2024-0008337,,"111 HILLCREST RD, SATSUMA, FL- 32189",,,4339.88,,09/02/2026 09:00 AM ET,TAXDEED,https://www.putnam.realtaxdeed.com/index.cfm?zaction=AUCTION&Zmethod=PREVIEW&AUCTIONDATE=09/02/2026,https://apps.putnam-fl.com/pa/property/?type=api&parcel=12-11-26-8240-0060-0190,www.putnam.realtaxdeed.com,2026-08-15T03:53:43+00:00
putnam,09/02/2026,09:00 AM ET,13-10-26-5630-0010-0150,2024-0008785,2024-0008785,,"2912 BAINBRIDGE RD, PALATKA, FL- 32177",,,5358.49,,09/02/2026 09:00 AM ET,TAXDEED,https://www.putnam.realtaxdeed.com/index.cfm?zaction=AUCTION&Zmethod=PREVIEW&AUCTIONDATE=09/02/2026,https://apps.putnam-fl.com/pa/property/?type=api&parcel=13-10-26-5630-0010-0150,www.putnam.realtaxdeed.com,2026-08-15T03:53:43+00:00
putnam,09/02/2026,09:00 AM ET,14-08-24-5102-0061-0110,2024-0009082,2024-0009082,,"205 CALHOUN AV, FLORAHOME, FL- 32140",,,1644.36,,09/02/2026 09:00 AM ET,TAXDEED,https://www.putnam.realtaxdeed.com/index.cfm?zaction=AUCTION&Zmethod=PREVIEW&AUCTIONDATE=09/02/2026,https://apps.putnam-fl.com/pa/property/?type=api&parcel=14-08-24-5102-0061-0110,www.putnam.realtaxdeed.com,2026-08-15T03:53:43+00:00
putnam,09/02/2026,09:00 AM ET,14-10-24-4070-0070-0010,2024-0009331,2024-0009331,,00 UNASSIGNED LOCATION RE,,,1657.08,,09/02/2026 09:00 AM ET,TAXDEED,https://www.putnam.realtaxdeed.com/index.cfm?zaction=AUCTION&Zmethod=PREVIEW&AUCTIONDATE=09/02/2026,https://apps.putnam-fl.com/pa/property/?type=api&parcel=14-10-24-4070-0070-0010,www.putnam.realtaxdeed.com,2026-08-15T03:53:43+00:00
putnam,09/02/2026,09:00 AM ET,14-12-26-0000-0011-0100,2024-0009441,2024-0009441,,"125 KETNER RD, WELAKA, FL- 32193",,,2108.28,,09/02/2026 09:00 AM ET,TAXDEED,https://www.putnam.realtaxdeed.com/index.cfm?zaction=AUCTION&Zmethod=PREVIEW&AUCTIONDATE=09/02/2026,https://apps.putnam-fl.com/pa/property/?type=api&parcel=14-12-26-0000-0011-0100,www.putnam.realtaxdeed.com,2026-08-15T03:53:43+00:00
putnam,09/02/2026,09:00 AM ET,17-09-23-4920-0090-0000,2019-0012842,2019-0012842,,00 UNASSIGNED LOCATION RE,,,2575.1,,09/02/2026 09:00 AM ET,TAXDEED,https://www.putnam.realtaxdeed.com/index.cfm?zaction=AUCTION&Zmethod=PREVIEW&AUCTIONDATE=09/02/2026,https://apps.putnam-fl.com/pa/property/?type=api&parcel=17-09-23-4920-0090-0000,www.putnam.realtaxdeed.com,2026-08-15T03:53:43+00:00
putnam,09/02/2026,09:00 AM ET,18-08-25-5106-6180-0150,2024-0010259,2024-0010259,,"649 E HILLSBOROUGH AV, FLORAHOME, FL- 32140",,,1012.74,,09/02/2026 09:00 AM ET,TAXDEED,https://www.putnam.realtaxdeed.com/index.cfm?zaction=AUCTION&Zmethod=PREVIEW&AUCTIONDATE=09/02/2026,https://apps.putnam-fl.com/pa/property/?type=api&parcel=18-08-25-5106-6180-0150,www.putnam.realtaxdeed.com,2026-08-15T03:53:43+00:00
putnam,09/02/2026,09:00 AM ET,18-09-23-4020-0060-0010,2024-0010321,2024-0010321,,"210 POWER LINE RD, MELROSE, FL- 32666",,,5086.78,,09/02/2026 09:00 AM ET,TAXDEED,https://www.putnam.realtaxdeed.com/index.cfm?zaction=AUCTION&Zmethod=PREVIEW&AUCTIONDATE=09/02/2026,https://apps.putnam-fl.com/pa/property/?type=api&parcel=18-09-23-4020-0060-0010,www.putnam.realtaxdeed.com,2026-08-15T03:53:43+00:00
putnam,09/02/2026,09:00 AM ET,18-10-24-5112-0010-0050,2024-0010485,2024-0010485,,00 UNASSIGNED LOCATION RE,,,1360.44,,09/02/2026 09:00 AM ET,TAXDEED,https://www.putnam.realtaxdeed.com/index.cfm?zaction=AUCTION&Zmethod=PREVIEW&AUCTIONDATE=09/02/2026,https://apps.putnam-fl.com/pa/property/?type=api&parcel=18-10-24-5112-0010-0050,www.putnam.realtaxdeed.com,2026-08-15T03:53:43+00:00
putnam,09/02/2026,09:00 AM ET,18-13-28-3343-0080-0030,2024-0010662,2024-0010662,,"118 MICHAEL DR, CRESCENT CITY, FL- 32112",,,4052.65,,09/02/2026 09:00 AM ET,TAXDEED,https://www.putnam.realtaxdeed.com/index.cfm?zaction=AUCTION&Zmethod=PREVIEW&AUCTIONDATE=09/02/2026,https://apps.putnam-fl.com/pa/property/?type=api&parcel=18-13-28-3343-0080-0030,www.putnam.realtaxdeed.com,2026-08-15T03:53:43+00:00
putnam,09/02/2026,09:00 AM ET,22-10-23-0000-0610-0000,2019-0015088,2019-0015088,,00 UNASSIGNED LOCATION RE,,,1648.72,,09/02/2026 09:00 AM ET,TAXDEED,https://www.putnam.realtaxdeed.com/index.cfm?zaction=AUCTION&Zmethod=PREVIEW&AUCTIONDATE=09/02/2026,https://apps.putnam-fl.com/pa/property/?type=api&parcel=22-10-23-0000-0610-0000,www.putnam.realtaxdeed.com,2026-08-15T03:53:43+00:00
putnam,09/02/2026,09:00 AM ET,22-10-23-0000-0624-0000,2019-0015085,2019-0015085,,00 UNASSIGNED LOCATION RE,,,1529.69,,09/02/2026 09:00 AM ET,TAXDEED,https://www.putnam.realtaxdeed.com/index.cfm?zaction=AUCTION&Zmethod=PREVIEW&AUCTIONDATE=09/02/2026,https://apps.putnam-fl.com/pa/property/?type=api&parcel=22-10-23-0000-0624-0000,www.putnam.realtaxdeed.com,2026-08-15T03:53:43+00:00
putnam,09/02/2026,09:00 AM ET,24-09-24-4075-0220-0060,2024-0011867,2024-0011867,,00 UNASSIGNED LOCATION RE,,,1712.86,,09/02/2026 09:00 AM ET,TAXDEED,https://www.putnam.realtaxdeed.com/index.cfm?zaction=AUCTION&Zmethod=PREVIEW&AUCTIONDATE=09/02/2026,https://apps.putnam-fl.com/pa/property/?type=api&parcel=24-09-24-4075-0220-0060,www.putnam.realtaxdeed.com,2026-08-15T03:53:43+00:00
putnam,09/02/2026,09:00 AM ET,24-09-24-4075-0260-0170,2024-0011898,2024-0011898,,00 UNASSIGNED LOCATION RE,,,1445.97,,09/02/2026 09:00 AM ET,TAXDEED,https://www.putnam.realtaxdeed.com/index.cfm?zaction=AUCTION&Zmethod=PREVIEW&AUCTIONDATE=09/02/2026,https://apps.putnam-fl.com/pa/property/?type=api&parcel=24-09-24-4075-0260-0170,www.putnam.realtaxdeed.com,2026-08-15T03:53:43+00:00
putnam,09/02/2026,09:00 AM ET,24-09-24-4075-0380-0040,2024-0012019,2024-0012019,,"826 SELMA AV, INTERLACHEN, FL- 32148",,,9251.02,,09/02/2026 09:00 AM ET,TAXDEED,https://www.putnam.realtaxdeed.com/index.cfm?zaction=AUCTION&Zmethod=PREVIEW&AUCTIONDATE=09/02/2026,https://apps.putnam-fl.com/pa/property/?type=api&parcel=24-09-24-4075-0380-0040,www.putnam.realtaxdeed.com,2026-08-15T03:53:43+00:00
putnam,09/02/2026,09:00 AM ET,24-12-27-3350-0950-0001,2019-0016533,2019-0016533,,00 UNASSIGNED LOCATION RE,,,1709.0,,09/02/2026 09:00 AM ET,TAXDEED,https://www.putnam.realtaxdeed.com/index.cfm?zaction=AUCTION&Zmethod=PREVIEW&AUCTIONDATE=09/02/2026,https://apps.putnam-fl.com/pa/property/?type=api&parcel=24-12-27-3350-0950-0001,www.putnam.realtaxdeed.com,2026-08-15T03:53:43+00:00
putnam,09/02/2026,09:00 AM ET,25-08-25-0000-0100-0020,2024-0012469,2024-0012469,,"143 MYRTLE RD, PALATKA, FL- 32177",,,1473.85,,09/02/2026 09:00 AM ET,TAXDEED,https://www.putnam.realtaxdeed.com/index.cfm?zaction=AUCTION&Zmethod=PREVIEW&AUCTIONDATE=09/02/2026,https://apps.putnam-fl.com/pa/property/?type=api&parcel=25-08-25-0000-0100-0020,www.putnam.realtaxdeed.com,2026-08-15T03:53:43+00:00
putnam,09/02/2026,09:00 AM ET,31-10-27-8251-0020-1270,2019-0018477,2019-0018477,,"433 MARINA RD, SATSUMA, FL- 32189",,,1176.81,,09/02/2026 09:00 AM ET,TAXDEED,https://www.putnam.realtaxdeed.com/index.cfm?zaction=AUCTION&Zmethod=PREVIEW&AUCTIONDATE=09/02/2026,https://apps.putnam-fl.com/pa/property/?type=api&parcel=31-10-27-8251-0020-1270,www.putnam.realtaxdeed.com,2026-08-15T03:53:43+00:00
putnam,09/02/2026,09:00 AM ET,32-11-27-0170-0170-0051,2024-0014219,2024-0014219,,"314 W MAIN ST, POMONA PARK, FL- 32181",,,37846.7,,09/02/2026 09:00 AM ET,TAXDEED,https://www.putnam.realtaxdeed.com/index.cfm?zaction=AUCTION&Zmethod=PREVIEW&AUCTIONDATE=09/02/2026,https://apps.putnam-fl.com/pa/property/?type=api&parcel=32-11-27-0170-0170-0051,www.putnam.realtaxdeed.com,2026-08-15T03:53:43+00:00
putnam,09/02/2026,09:00 AM ET,34-09-24-8630-0000-1660,2024-0014986,2024-0014986,,00 UNASSIGNED LOCATION RE,,,1702.35,,09/02/2026 09:00 AM ET,TAXDEED,https://www.putnam.realtaxdeed.com/index.cfm?zaction=AUCTION&Zmethod=PREVIEW&AUCTIONDATE=09/02/2026,https://apps.putnam-fl.com/pa/property/?type=api&parcel=34-09-24-8630-0000-1660,www.putnam.realtaxdeed.com,2026-08-15T03:53:43+00:00
putnam,09/02/2026,09:00 AM ET,35-09-24-4075-1560-0280,2024-0015424,2024-0015424,,"319 JANET AV, INTERLACHEN, FL- 32148",,,1855.28,,09/02/2026 09:00 AM ET,TAXDEED,https://www.putnam.realtaxdeed.com/index.cfm?zaction=AUCTION&Zmethod=PREVIEW&AUCTIONDATE=09/02/2026,https://apps.putnam-fl.com/pa/property/?type=api&parcel=35-09-24-4075-1560-0280,www.putnam.realtaxdeed.com,2026-08-15T03:53:43+00:00
putnam,09/02/2026,09:00 AM ET,37-10-26-6850-3240-0150,2024-0016092,2024-0016092,,"1702 BRONSON ST, PALATKA, FL- 32177",,,6764.35,,09/02/2026 09:00 AM ET,TAXDEED,https://www.putnam.realtaxdeed.com/index.cfm?zaction=AUCTION&Zmethod=PREVIEW&AUCTIONDATE=09/02/2026,https://apps.putnam-fl.com/pa/property/?type=api&parcel=37-10-26-6850-3240-0150,www.putnam.realtaxdeed.com,2026-08-15T03:53:43+00:00
putnam,09/02/2026,,37-13-27-7061-0620-0260,2024-0016235,2024-0016235,,"508 REDWOOD BLVD, GEORGETOWN, FL- 32139",,,5153.21,,Redeemed,TAXDEED,https://www.putnam.realtaxdeed.com/index.cfm?zaction=AUCTION&Zmethod=PREVIEW&AUCTIONDATE=09/02/2026,https://apps.putnam-fl.com/pa/property/?type=api&parcel=37-13-27-7061-0620-0260,www.putnam.realtaxdeed.com,2026-08-15T03:53:43+00:00
putnam,09/02/2026,09:00 AM ET,39-11-26-0000-0050-0050,2024-0016693,2024-0016693,,"218 E BUFFALO BLUFF RD, SATSUMA, FL- 32189",,,11362.43,,09/02/2026 09:00 AM ET,TAXDEED,https://www.putnam.realtaxdeed.com/index.cfm?zaction=AUCTION&Zmethod=PREVIEW&AUCTIONDATE=09/02/2026,https://apps.putnam-fl.com/pa/property/?type=api&parcel=39-11-26-0000-0050-0050,www.putnam.realtaxdeed.com,2026-08-15T03:53:43+00:00
putnam,09/02/2026,09:00 AM ET,39-11-26-9230-0140-0030,2024-0016950,2024-0016950,,"105 COMANCHEE ST, SATSUMA, FL- 32189",,,7178.93,,09/02/2026 09:00 AM ET,TAXDEED,https://www.putnam.realtaxdeed.com/index.cfm?zaction=AUCTION&Zmethod=PREVIEW&AUCTIONDATE=09/02/2026,https://apps.putnam-fl.com/pa/property/?type=api&parcel=39-11-26-9230-0140-0030,www.putnam.realtaxdeed.com,2026-08-15T03:53:43+00:00
putnam,09/02/2026,09:00 AM ET,41-13-26-1320-0060-0140,2024-0017066,2024-0017066,,"118 BROWNS FISH CAMP RD, CRESCENT CITY, FL- 32112",,,6121.36,,09/02/2026 09:00 AM ET,TAXDEED,https://www.putnam.realtaxdeed.com/index.cfm?zaction=AUCTION&Zmethod=PREVIEW&AUCTIONDATE=09/02/2026,https://apps.putnam-fl.com/pa/property/?type=api&parcel=41-13-26-1320-0060-0140,www.putnam.realtaxdeed.com,2026-08-15T03:53:43+00:00
putnam,09/02/2026,09:00 AM ET,42-10-27-6850-0330-0010,2024-0017111,2024-0017111,,"517 N 6TH ST, PALATKA, FL- 32177",,,7234.94,,09/02/2026 09:00 AM ET,TAXDEED,https://www.putnam.realtaxdeed.com/index.cfm?zaction=AUCTION&Zmethod=PREVIEW&AUCTIONDATE=09/02/2026,https://apps.putnam-fl.com/pa/property/?type=api&parcel=42-10-27-6850-0330-0010,www.putnam.realtaxdeed.com,2026-08-15T03:53:43+00:00
putnam,09/02/2026,09:00 AM ET,42-10-27-6850-0620-0050,2024-0017155,2024-0017155,,00 UNASSIGNED LOCATION RE,,,5742.85,,09/02/2026 09:00 AM ET,TAXDEED,https://www.putnam.realtaxdeed.com/index.cfm?zaction=AUCTION&Zmethod=PREVIEW&AUCTIONDATE=09/02/2026,https://apps.putnam-fl.com/pa/property/?type=api&parcel=42-10-27-6850-0620-0050,www.putnam.realtaxdeed.com,2026-08-15T03:53:43+00:00
putnam,09/02/2026,09:00 AM ET,42-10-27-6850-2640-0013,2024-0017331,2024-0017331,,"119 N 15TH ST, PALATKA, FL- 32177",,,8714.46,,09/02/2026 09:00 AM ET,TAXDEED,https://www.putnam.realtaxdeed.com/index.cfm?zaction=AUCTION&Zmethod=PREVIEW&AUCTIONDATE=09/02/2026,https://apps.putnam-fl.com/pa/property/?type=api&parcel=42-10-27-6850-2640-0013,www.putnam.realtaxdeed.com,2026-08-15T03:53:43+00:00
putnam,09/02/2026,09:00 AM ET,43-10-27-8255-0050-0080,2024-0017518,2024-0017518,,"215 SUNGLOW AV, SATSUMA, FL- 32189",,,5541.8,,09/02/2026 09:00 AM ET,TAXDEED,https://www.putnam.realtaxdeed.com/index.cfm?zaction=AUCTION&Zmethod=PREVIEW&AUCTIONDATE=09/02/2026,https://apps.putnam-fl.com/pa/property/?type=api&parcel=43-10-27-8255-0050-0080,www.putnam.realtaxdeed.com,2026-08-15T03:53:43+00:00
putnam,09/02/2026,09:00 AM ET,43-10-27-8255-0100-0140,2024-0017528,2024-0017528,,00 UNASSIGNED LOCATION RE,,,2988.51,,09/02/2026 09:00 AM ET,TAXDEED,https://www.putnam.realtaxdeed.com/index.cfm?zaction=AUCTION&Zmethod=PREVIEW&AUCTIONDATE=09/02/2026,https://apps.putnam-fl.com/pa/property/?type=api&parcel=43-10-27-8255-0100-0140,www.putnam.realtaxdeed.com,2026-08-15T03:53:43+00:00
putnam,09/02/2026,,49-09-27-0015-0000-0180,2024-0017634,2024-0017634,,"143 VINE RD, EAST PALATKA, FL- 32131",,,6479.12,,Redeemed,TAXDEED,https://www.putnam.realtaxdeed.com/index.cfm?zaction=AUCTION&Zmethod=PREVIEW&AUCTIONDATE=09/02/2026,https://apps.putnam-fl.com/pa/property/?type=api&parcel=49-09-27-0015-0000-0180,www.putnam.realtaxdeed.com,2026-08-15T03:53:43+00:00
putnam,09/16/2026,09:00 AM ET,01-10-23-5740-0090-0090,2024-0000070,2024-0000070,,"241 CESSNA WAY, HAWTHORNE, FL- 32640",,,103170.38,,09/16/2026 09:00 AM ET,TAXDEED,https://www.putnam.realtaxdeed.com/index.cfm?zaction=AUCTION&Zmethod=PREVIEW&AUCTIONDATE=09/16/2026,https://apps.putnam-fl.com/pa/property/?type=api&parcel=01-10-23-5740-0090-0090,www.putnam.realtaxdeed.com,2026-08-15T03:54:08+00:00
putnam,09/16/2026,09:00 AM ET,01-10-24-4075-2040-0130,2024-0000114,2024-0000114,,"113 KELVIN AV, INTERLACHEN, FL- 32148",,,8402.54,,09/16/2026 09:00 AM ET,TAXDEED,https://www.putnam.realtaxdeed.com/index.cfm?zaction=AUCTION&Zmethod=PREVIEW&AUCTIONDATE=09/16/2026,https://apps.putnam-fl.com/pa/property/?type=api&parcel=01-10-24-4075-2040-0130,www.putnam.realtaxdeed.com,2026-08-15T03:54:08+00:00
putnam,09/16/2026,09:00 AM ET,01-10-26-0000-0180-0000,2024-0000194,2024-0000194,,00 UNASSIGNED LOCATION RE,,,1451.32,,09/16/2026 09:00 AM ET,TAXDEED,https://www.putnam.realtaxdeed.com/index.cfm?zaction=AUCTION&Zmethod=PREVIEW&AUCTIONDATE=09/16/2026,https://apps.putnam-fl.com/pa/property/?type=api&parcel=01-10-26-0000-0180-0000,www.putnam.realtaxdeed.com,2026-08-15T03:54:08+00:00
putnam,09/16/2026,,01-13-26-0000-0020-0010,2024-0000449,2024-0000449,,"188 ROSE WALK LN, GEORGETOWN, FL- 32139",,,40126.2,,Redeemed,TAXDEED,https://www.putnam.realtaxdeed.com/index.cfm?zaction=AUCTION&Zmethod=PREVIEW&AUCTIONDATE=09/16/2026,https://apps.putnam-fl.com/pa/property/?type=api&parcel=01-13-26-0000-0020-0010,www.putnam.realtaxdeed.com,2026-08-15T03:54:08+00:00
putnam,09/16/2026,,02-10-24-4075-1880-0180,2024-0000719,2024-0000719,,"400 ANNETTE AV, INTERLACHEN, FL- 32148",,,17149.76,,Redeemed,TAXDEED,https://www.putnam.realtaxdeed.com/index.cfm?zaction=AUCTION&Zmethod=PREVIEW&AUCTIONDATE=09/16/2026,https://apps.putnam-fl.com/pa/property/?type=api&parcel=02-10-24-4075-1880-0180,www.putnam.realtaxdeed.com,2026-08-15T03:54:08+00:00
putnam,09/16/2026,09:00 AM ET,02-10-24-4075-1890-0240,2021-0000925,2021-0000925,,00 UNASSIGNED LOCATION RE,,,1627.17,,09/16/2026 09:00 AM ET,TAXDEED,https://www.putnam.realtaxdeed.com/index.cfm?zaction=AUCTION&Zmethod=PREVIEW&AUCTIONDATE=09/16/2026,https://apps.putnam-fl.com/pa/property/?type=api&parcel=02-10-24-4075-1890-0240,www.putnam.realtaxdeed.com,2026-08-15T03:54:08+00:00
putnam,09/16/2026,09:00 AM ET,02-10-24-4075-1900-0280,2021-0000934,2021-0000934,,00 UNASSIGNED LOCATION RE,,,1606.6,,09/16/2026 09:00 AM ET,TAXDEED,https://www.putnam.realtaxdeed.com/index.cfm?zaction=AUCTION&Zmethod=PREVIEW&AUCTIONDATE=09/16/2026,https://apps.putnam-fl.com/pa/property/?type=api&parcel=02-10-24-4075-1900-0280,www.putnam.realtaxdeed.com,2026-08-15T03:54:08+00:00
putnam,09/16/2026,09:00 AM ET,02-10-24-4075-2130-0050,2024-0000763,2024-0000763,,"232 MALTAS AV, INTERLACHEN, FL- 32148",,,4087.39,,09/16/2026 09:00 AM ET,TAXDEED,https://www.putnam.realtaxdeed.com/index.cfm?zaction=AUCTION&Zmethod=PREVIEW&AUCTIONDATE=09/16/2026,https://apps.putnam-fl.com/pa/property/?type=api&parcel=02-10-24-4075-2130-0050,www.putnam.realtaxdeed.com,2026-08-15T03:54:08+00:00
putnam,09/16/2026,09:00 AM ET,02-10-26-8520-0000-0560,2024-0000874,2024-0000874,,"122 SHADOW LAWN ST, PALATKA, FL- 32177",,,38938.53,,09/16/2026 09:00 AM ET,TAXDEED,https://www.putnam.realtaxdeed.com/index.cfm?zaction=AUCTION&Zmethod=PREVIEW&AUCTIONDATE=09/16/2026,https://apps.putnam-fl.com/pa/property/?type=api&parcel=02-10-26-8520-0000-0560,www.putnam.realtaxdeed.com,2026-08-15T03:54:08+00:00
putnam,09/16/2026,09:00 AM ET,03-10-24-9070-0130-0020,2024-0001338,2024-0001338,,00 UNASSIGNED LOCATION RE,,,1799.94,,09/16/2026 09:00 AM ET,TAXDEED,https://www.putnam.realtaxdeed.com/index.cfm?zaction=AUCTION&Zmethod=PREVIEW&AUCTIONDATE=09/16/2026,https://apps.putnam-fl.com/pa/property/?type=api&parcel=03-10-24-9070-0130-0020,www.putnam.realtaxdeed.com,2026-08-15T03:54:08+00:00
putnam,09/16/2026,,03-12-27-0000-0330-0010,2024-0001556,2024-0001556,,"106 PENNSYLVANIA AV, POMONA PARK, FL- 32181",,,3689.88,,Redeemed,TAXDEED,https://www.putnam.realtaxdeed.com/index.cfm?zaction=AUCTION&Zmethod=PREVIEW&AUCTIONDATE=09/16/2026,https://apps.putnam-fl.com/pa/property/?type=api&parcel=03-12-27-0000-0330-0010,www.putnam.realtaxdeed.com,2026-08-15T03:54:08+00:00
putnam,09/16/2026,09:00 AM ET,04-10-24-6450-0040-0340,2020-0003117,2020-0003117,,00 UNASSIGNED LOCATION RE,,,1464.59,,09/16/2026 09:00 AM ET,TAXDEED,https://www.putnam.realtaxdeed.com/index.cfm?zaction=AUCTION&Zmethod=PREVIEW&AUCTIONDATE=09/16/2026,https://apps.putnam-fl.com/pa/property/?type=api&parcel=04-10-24-6450-0040-0340,www.putnam.realtaxdeed.com,2026-08-15T03:54:08+00:00
putnam,09/16/2026,09:00 AM ET,06-11-26-0000-8888-0986,2019-0005293,2019-0005293,,00 UNASSIGNED LOCATION RE,,,2169.48,,09/16/2026 09:00 AM ET,TAXDEED,https://www.putnam.realtaxdeed.com/index.cfm?zaction=AUCTION&Zmethod=PREVIEW&AUCTIONDATE=09/16/2026,https://apps.putnam-fl.com/pa/property/?type=api&parcel=06-11-26-0000-8888-0986,www.putnam.realtaxdeed.com,2026-08-15T03:54:08+00:00
putnam,09/16/2026,09:00 AM ET,06-13-27-4910-0040-0170,2024-0004338,2024-0004338,,"144 EDGEMERE DR # UNIT 1, GEORGETOWN, FL- 32139",,,79979.24,,09/16/2026 09:00 AM ET,TAXDEED,https://www.putnam.realtaxdeed.com/index.cfm?zaction=AUCTION&Zmethod=PREVIEW&AUCTIONDATE=09/16/2026,https://apps.putnam-fl.com/pa/property/?type=api&parcel=06-13-27-4910-0040-0170,www.putnam.realtaxdeed.com,2026-08-15T03:54:08+00:00
putnam,09/16/2026,09:00 AM ET,06-13-27-4910-0040-0820,2024-0004344,2024-0004344,,"142 FERNCREEK DR, GEORGETOWN, FL- 32139",,,5412.42,,09/16/2026 09:00 AM ET,TAXDEED,https://www.putnam.realtaxdeed.com/index.cfm?zaction=AUCTION&Zmethod=PREVIEW&AUCTIONDATE=09/16/2026,https://apps.putnam-fl.com/pa/property/?type=api&parcel=06-13-27-4910-0040-0820,www.putnam.realtaxdeed.com,2026-08-15T03:54:08+00:00
putnam,09/16/2026,09:00 AM ET,07-10-24-1650-0150-0030,2019-0005602,2019-0005602,,00 UNASSIGNED LOCATION RE,,,1372.89,,09/16/2026 09:00 AM ET,TAXDEED,https://www.putnam.realtaxdeed.com/index.cfm?zaction=AUCTION&Zmethod=PREVIEW&AUCTIONDATE=09/16/2026,https://apps.putnam-fl.com/pa/property/?type=api&parcel=07-10-24-1650-0150-0030,www.putnam.realtaxdeed.com,2026-08-15T03:54:08+00:00
putnam,09/16/2026,09:00 AM ET,07-10-24-4211-0060-0160,2024-0004512,2024-0004512,,"422 LAKE LUCY CIR, INTERLACHEN, FL- 32148",,,3523.25,,09/16/2026 09:00 AM ET,TAXDEED,https://www.putnam.realtaxdeed.com/index.cfm?zaction=AUCTION&Zmethod=PREVIEW&AUCTIONDATE=09/16/2026,https://apps.putnam-fl.com/pa/property/?type=api&parcel=07-10-24-4211-0060-0160,www.putnam.realtaxdeed.com,2026-08-15T03:54:08+00:00
putnam,09/16/2026,09:00 AM ET,07-10-24-7070-0020-0210,2019-0005755,2019-0005755,,00 UNASSIGNED LOCATION RE,,,1275.9,,09/16/2026 09:00 AM ET,TAXDEED,https://www.putnam.realtaxdeed.com/index.cfm?zaction=AUCTION&Zmethod=PREVIEW&AUCTIONDATE=09/16/2026,https://apps.putnam-fl.com/pa/property/?type=api&parcel=07-10-24-7070-0020-0210,www.putnam.realtaxdeed.com,2026-08-15T03:54:08+00:00
putnam,09/16/2026,09:00 AM ET,07-10-24-7070-0040-0240,2019-0005747,2019-0005747,,00 UNASSIGNED LOCATION RE,,,1606.95,,09/16/2026 09:00 AM ET,TAXDEED,https://www.putnam.realtaxdeed.com/index.cfm?zaction=AUCTION&Zmethod=PREVIEW&AUCTIONDATE=09/16/2026,https://apps.putnam-fl.com/pa/property/?type=api&parcel=07-10-24-7070-0040-0240,www.putnam.realtaxdeed.com,2026-08-15T03:54:08+00:00
putnam,09/16/2026,09:00 AM ET,07-10-25-4095-0010-0030,2024-0005089,2024-0005089,,"104 WARD AV, INTERLACHEN, FL- 32148",,,14511.05,,09/16/2026 09:00 AM ET,TAXDEED,https://www.putnam.realtaxdeed.com/index.cfm?zaction=AUCTION&Zmethod=PREVIEW&AUCTIONDATE=09/16/2026,https://apps.putnam-fl.com/pa/property/?type=api&parcel=07-10-25-4095-0010-0030,www.putnam.realtaxdeed.com,2026-08-15T03:54:08+00:00
putnam,09/16/2026,09:00 AM ET,07-13-27-7060-0250-0180,2024-0005235,2024-0005235,,00 UNASSIGNED LOCATION RE,,,1487.17,,09/16/2026 09:00 AM ET,TAXDEED,https://www.putnam.realtaxdeed.com/index.cfm?zaction=AUCTION&Zmethod=PREVIEW&AUCTIONDATE=09/16/2026,https://apps.putnam-fl.com/pa/property/?type=api&parcel=07-13-27-7060-0250-0180,www.putnam.realtaxdeed.com,2026-08-15T03:54:08+00:00
putnam,09/16/2026,09:00 AM ET,08-13-27-7061-0560-0180,2019-0007431,2019-0007431,,00 UNASSIGNED LOCATION RE,,,2373.06,,09/16/2026 09:00 AM ET,TAXDEED,https://www.putnam.realtaxdeed.com/index.cfm?zaction=AUCTION&Zmethod=PREVIEW&AUCTIONDATE=09/16/2026,https://apps.putnam-fl.com/pa/property/?type=api&parcel=08-13-27-7061-0560-0180,www.putnam.realtaxdeed.com,2026-08-15T03:54:08+00:00
putnam,09/16/2026,09:00 AM ET,09-09-23-0000-0510-0000,2024-0006013,2024-0006013,,"160 SWAN LAKE DR, MELROSE, FL- 32666",,,36091.15,,09/16/2026 09:00 AM ET,TAXDEED,https://www.putnam.realtaxdeed.com/index.cfm?zaction=AUCTION&Zmethod=PREVIEW&AUCTIONDATE=09/16/2026,https://apps.putnam-fl.com/pa/property/?type=api&parcel=09-09-23-0000-0510-0000,www.putnam.realtaxdeed.com,2026-08-15T03:54:08+00:00
putnam,09/16/2026,09:00 AM ET,09-10-24-4067-0240-0240,2024-0006173,2024-0006173,,"110 VICTORIA AV, INTERLACHEN, FL- 32148",,,2541.22,,09/16/2026 09:00 AM ET,TAXDEED,https://www.putnam.realtaxdeed.com/index.cfm?zaction=AUCTION&Zmethod=PREVIEW&AUCTIONDATE=09/16/2026,https://apps.putnam-fl.com/pa/property/?type=api&parcel=09-10-24-4067-0240-0240,www.putnam.realtaxdeed.com,2026-08-15T03:54:08+00:00
putnam,09/16/2026,09:00 AM ET,11-10-26-0000-0300-0000,2024-0007447,2024-0007447,,"718 ELMWOOD AV, PALATKA, FL- 32177",,,35698.04,,09/16/2026 09:00 AM ET,TAXDEED,https://www.putnam.realtaxdeed.com/index.cfm?zaction=AUCTION&Zmethod=PREVIEW&AUCTIONDATE=09/16/2026,https://apps.putnam-fl.com/pa/property/?type=api&parcel=11-10-26-0000-0300-0000,www.putnam.realtaxdeed.com,2026-08-15T03:54:08+00:00
putnam,09/16/2026,09:00 AM ET,11-11-26-8243-0320-0710,2024-0007594,2024-0007594,,"305 N EDGELINE RD, SATSUMA, FL- 32189",,,3343.15,,09/16/2026 09:00 AM ET,TAXDEED,https://www.putnam.realtaxdeed.com/index.cfm?zaction=AUCTION&Zmethod=PREVIEW&AUCTIONDATE=09/16/2026,https://apps.putnam-fl.com/pa/property/?type=api&parcel=11-11-26-8243-0320-0710,www.putnam.realtaxdeed.com,2026-08-15T03:54:08+00:00
putnam,09/16/2026,09:00 AM ET,12-10-24-0000-0030-0000,2024-0008075,2024-0008075,,"135 CHEYENNE AV, INTERLACHEN, FL- 32148",,,20750.63,,09/16/2026 09:00 AM ET,TAXDEED,https://www.putnam.realtaxdeed.com/index.cfm?zaction=AUCTION&Zmethod=PREVIEW&AUCTIONDATE=09/16/2026,https://apps.putnam-fl.com/pa/property/?type=api&parcel=12-10-24-0000-0030-0000,www.putnam.realtaxdeed.com,2026-08-15T03:54:08+00:00
putnam,09/16/2026,09:00 AM ET,12-10-24-4075-2450-0490,2024-0008111,2024-0008111,,"207 IDA BLVD, INTERLACHEN, FL- 32148",,,3905.45,,09/16/2026 09:00 AM ET,TAXDEED,https://www.putnam.realtaxdeed.com/index.cfm?zaction=AUCTION&Zmethod=PREVIEW&AUCTIONDATE=09/16/2026,https://apps.putnam-fl.com/pa/property/?type=api&parcel=12-10-24-4075-2450-0490,www.putnam.realtaxdeed.com,2026-08-15T03:54:08+00:00
putnam,09/16/2026,09:00 AM ET,12-10-24-4075-2600-0150,2024-0008140,2024-0008140,,"107 DUNAWAY ST, INTERLACHEN, FL- 32148",,,2487.21,,09/16/2026 09:00 AM ET,TAXDEED,https://www.putnam.realtaxdeed.com/index.cfm?zaction=AUCTION&Zmethod=PREVIEW&AUCTIONDATE=09/16/2026,https://apps.putnam-fl.com/pa/property/?type=api&parcel=12-10-24-4075-2600-0150,www.putnam.realtaxdeed.com,2026-08-15T03:54:08+00:00
putnam,09/16/2026,09:00 AM ET,12-10-26-7970-0000-0050,2024-0008277,2024-0008277,,"116 CLEVELAND AV, PALATKA, FL- 32177",,,118145.48,,09/16/2026 09:00 AM ET,TAXDEED,https://www.putnam.realtaxdeed.com/index.cfm?zaction=AUCTION&Zmethod=PREVIEW&AUCTIONDATE=09/16/2026,https://apps.putnam-fl.com/pa/property/?type=api&parcel=12-10-26-7970-0000-0050,www.putnam.realtaxdeed.com,2026-08-15T03:54:08+00:00
putnam,09/16/2026,09:00 AM ET,12-12-26-2730-0000-4930,2024-0008425,2024-0008425,,"205 PEAR ST, WELAKA, FL- 32193",,,1502.69,,09/16/2026 09:00 AM ET,TAXDEED,https://www.putnam.realtaxdeed.com/index.cfm?zaction=AUCTION&Zmethod=PREVIEW&AUCTIONDATE=09/16/2026,https://apps.putnam-fl.com/pa/property/?type=api&parcel=12-12-26-2730-0000-4930,www.putnam.realtaxdeed.com,2026-08-15T03:54:08+00:00
putnam,09/16/2026,09:00 AM ET,13-09-24-4075-0100-0100,2024-0008568,2024-0008568,,00 Unassigned Location RE,,,1434.35,,09/16/2026 09:00 AM ET,TAXDEED,https://www.putnam.realtaxdeed.com/index.cfm?zaction=AUCTION&Zmethod=PREVIEW&AUCTIONDATE=09/16/2026,https://apps.putnam-fl.com/pa/property/?type=api&parcel=13-09-24-4075-0100-0100,www.putnam.realtaxdeed.com,2026-08-15T03:54:08+00:00
putnam,09/16/2026,09:00 AM ET,13-10-26-2550-0020-0070,2024-0008774,2024-0008774,,"2601 SILVER LAKE DR, PALATKA, FL- 32177",,,25625.82,,09/16/2026 09:00 AM ET,TAXDEED,https://www.putnam.realtaxdeed.com/index.cfm?zaction=AUCTION&Zmethod=PREVIEW&AUCTIONDATE=09/16/2026,https://apps.putnam-fl.com/pa/property/?type=api&parcel=13-10-26-2550-0020-0070,www.putnam.realtaxdeed.com,2026-08-15T03:54:08+00:00
putnam,09/16/2026,09:00 AM ET,15-10-26-0000-0080-0000,2024-0009586,2024-0009586,,"1036 S MOODY RD, PALATKA, FL- 32177",,,51084.27,,09/16/2026 09:00 AM ET,TAXDEED,https://www.putnam.realtaxdeed.com/index.cfm?zaction=AUCTION&Zmethod=PREVIEW&AUCTIONDATE=09/16/2026,https://apps.putnam-fl.com/pa/property/?type=api&parcel=15-10-26-0000-0080-0000,www.putnam.realtaxdeed.com,2026-08-15T03:54:08+00:00
putnam,09/16/2026,09:00 AM ET,16-10-24-4066-0210-0250,2024-0009736,2024-0009736,,"115 KINDALL ST, INTERLACHEN, FL- 32148",,,3516.0,,09/16/2026 09:00 AM ET,TAXDEED,https://www.putnam.realtaxdeed.com/index.cfm?zaction=AUCTION&Zmethod=PREVIEW&AUCTIONDATE=09/16/2026,https://apps.putnam-fl.com/pa/property/?type=api&parcel=16-10-24-4066-0210-0250,www.putnam.realtaxdeed.com,2026-08-15T03:54:08+00:00
putnam,09/16/2026,09:00 AM ET,17-10-23-7075-0040-0020,2023-0011417,2023-0011417,,"230 N STATE RD 21, HAWTHORNE, FL- 32640",,,999.7,,09/16/2026 09:00 AM ET,TAXDEED,https://www.putnam.realtaxdeed.com/index.cfm?zaction=AUCTION&Zmethod=PREVIEW&AUCTIONDATE=09/16/2026,https://apps.putnam-fl.com/pa/property/?type=api&parcel=17-10-23-7075-0040-0020,www.putnam.realtaxdeed.com,2026-08-15T03:54:08+00:00
putnam,09/16/2026,09:00 AM ET,18-09-26-0000-0020-0033,2024-0010327,2024-0010327,,"151 OLD STARKE RD, PALATKA, FL- 32177",,,14958.21,,09/16/2026 09:00 AM ET,TAXDEED,https://www.putnam.realtaxdeed.com/index.cfm?zaction=AUCTION&Zmethod=PREVIEW&AUCTIONDATE=09/16/2026,https://apps.putnam-fl.com/pa/property/?type=api&parcel=18-09-26-0000-0020-0033,www.putnam.realtaxdeed.com,2026-08-15T03:54:08+00:00
putnam,09/16/2026,09:00 AM ET,18-10-24-1650-0040-0000,2019-0013639,2019-0013639,,00 UNASSIGNED LOCATION RE,,,8837.28,,09/16/2026 09:00 AM ET,TAXDEED,https://www.putnam.realtaxdeed.com/index.cfm?zaction=AUCTION&Zmethod=PREVIEW&AUCTIONDATE=09/16/2026,https://apps.putnam-fl.com/pa/property/?type=api&parcel=18-10-24-1650-0040-0000,www.putnam.realtaxdeed.com,2026-08-15T03:54:08+00:00
putnam,09/16/2026,09:00 AM ET,18-10-24-4860-0040-0400,2024-0010483,2024-0010483,,"113 MAPLE LN, INTERLACHEN, FL- 32148",,,30749.59,,09/16/2026 09:00 AM ET,TAXDEED,https://www.putnam.realtaxdeed.com/index.cfm?zaction=AUCTION&Zmethod=PREVIEW&AUCTIONDATE=09/16/2026,https://apps.putnam-fl.com/pa/property/?type=api&parcel=18-10-24-4860-0040-0400,www.putnam.realtaxdeed.com,2026-08-15T03:54:08+00:00
putnam,09/16/2026,09:00 AM ET,18-10-24-6520-0040-0390,2024-0010536,2024-0010536,,"320 5TH WAY, INTERLACHEN, FL- 32148",,,26420.28,,09/16/2026 09:00 AM ET,TAXDEED,https://www.putnam.realtaxdeed.com/index.cfm?zaction=AUCTION&Zmethod=PREVIEW&AUCTIONDATE=09/16/2026,https://apps.putnam-fl.com/pa/property/?type=api&parcel=18-10-24-6520-0040-0390,www.putnam.realtaxdeed.com,2026-08-15T03:54:08+00:00
putnam,09/16/2026,09:00 AM ET,21-10-27-0000-0270-0100,2024-0011253,2024-0011253,,"118 LIVE OAK ST, SAN MATEO, FL- 32187",,,29561.14,,09/16/2026 09:00 AM ET,TAXDEED,https://www.putnam.realtaxdeed.com/index.cfm?zaction=AUCTION&Zmethod=PREVIEW&AUCTIONDATE=09/16/2026,https://apps.putnam-fl.com/pa/property/?type=api&parcel=21-10-27-0000-0270-0100,www.putnam.realtaxdeed.com,2026-08-15T03:54:08+00:00
putnam,09/16/2026,09:00 AM ET,22-10-23-0000-0210-0000,2024-0011320,2024-0011320,,"1739 STATE RD 20, HAWTHORNE, FL- 32640",,,4998.92,,09/16/2026 09:00 AM ET,TAXDEED,https://www.putnam.realtaxdeed.com/index.cfm?zaction=AUCTION&Zmethod=PREVIEW&AUCTIONDATE=09/16/2026,https://apps.putnam-fl.com/pa/property/?type=api&parcel=22-10-23-0000-0210-0000,www.putnam.realtaxdeed.com,2026-08-15T03:54:08+00:00
putnam,09/16/2026,09:00 AM ET,22-10-23-0000-0880-0010,2024-0011354,2024-0011354,,"101 ADVENTIST LN, HAWTHORNE, FL- 32640",,,28504.21,,09/16/2026 09:00 AM ET,TAXDEED,https://www.putnam.realtaxdeed.com/index.cfm?zaction=AUCTION&Zmethod=PREVIEW&AUCTIONDATE=09/16/2026,https://apps.putnam-fl.com/pa/property/?type=api&parcel=22-10-23-0000-0880-0010,www.putnam.realtaxdeed.com,2026-08-15T03:54:08+00:00
putnam,09/16/2026,,23-08-27-0000-0061-0060,2024-0011544,2024-0011544,,"506 CEDAR CREEK RD # UNIT 1, PALATKA, FL- 32177",,,18283.53,,Redeemed,TAXDEED,https://www.putnam.realtaxdeed.com/index.cfm?zaction=AUCTION&Zmethod=PREVIEW&AUCTIONDATE=09/16/2026,https://apps.putnam-fl.com/pa/property/?type=api&parcel=23-08-27-0000-0061-0060,www.putnam.realtaxdeed.com,2026-08-15T03:54:08+00:00
putnam,09/16/2026,09:00 AM ET,23-12-26-0000-0020-0013,2024-0011749,2024-0011749,,"108 GORBUTT RD, CRESCENT CITY, FL- 32112",,,4697.81,,09/16/2026 09:00 AM ET,TAXDEED,https://www.putnam.realtaxdeed.com/index.cfm?zaction=AUCTION&Zmethod=PREVIEW&AUCTIONDATE=09/16/2026,https://apps.putnam-fl.com/pa/property/?type=api&parcel=23-12-26-0000-0020-0013,www.putnam.realtaxdeed.com,2026-08-15T03:54:08+00:00
putnam,09/16/2026,09:00 AM ET,24-10-23-4074-0600-0140,2024-0012281,2024-0012281,,"139 RHINE ST, INTERLACHEN, FL- 32148",,,12426.42,,09/16/2026 09:00 AM ET,TAXDEED,https://www.putnam.realtaxdeed.com/index.cfm?zaction=AUCTION&Zmethod=PREVIEW&AUCTIONDATE=09/16/2026,https://apps.putnam-fl.com/pa/property/?type=api&parcel=24-10-23-4074-0600-0140,www.putnam.realtaxdeed.com,2026-08-15T03:54:08+00:00
putnam,09/16/2026,09:00 AM ET,24-12-27-0000-0120-0000,2021-0014233,2021-0014233,,00 UNASSIGNED LOCATION RE,,,1224.75,,09/16/2026 09:00 AM ET,TAXDEED,https://www.putnam.realtaxdeed.com/index.cfm?zaction=AUCTION&Zmethod=PREVIEW&AUCTIONDATE=09/16/2026,https://apps.putnam-fl.com/pa/property/?type=api&parcel=24-12-27-0000-0120-0000,www.putnam.realtaxdeed.com,2026-08-15T03:54:08+00:00
putnam,09/16/2026,09:00 AM ET,24-12-27-0540-0000-0370,2024-0012419,2024-0012419,,"1012 FULLWOOD AV, CRESCENT CITY, FL- 32112",,,19332.26,,09/16/2026 09:00 AM ET,TAXDEED,https://www.putnam.realtaxdeed.com/index.cfm?zaction=AUCTION&Zmethod=PREVIEW&AUCTIONDATE=09/16/2026,https://apps.putnam-fl.com/pa/property/?type=api&parcel=24-12-27-0540-0000-0370,www.putnam.realtaxdeed.com,2026-08-15T03:54:08+00:00
putnam,09/16/2026,09:00 AM ET,24-12-27-3350-1100-0000,2024-0012444,2024-0012444,,00 Unassigned Location RE,,,1730.88,,09/16/2026 09:00 AM ET,TAXDEED,https://www.putnam.realtaxdeed.com/index.cfm?zaction=AUCTION&Zmethod=PREVIEW&AUCTIONDATE=09/16/2026,https://apps.putnam-fl.com/pa/property/?type=api&parcel=24-12-27-3350-1100-0000,www.putnam.realtaxdeed.com,2026-08-15T03:54:08+00:00
putnam,09/16/2026,09:00 AM ET,25-09-24-4075-0910-0100,2024-0012734,2024-0012734,,00 Unassigned Location RE,,,1252.66,,09/16/2026 09:00 AM ET,TAXDEED,https://www.putnam.realtaxdeed.com/index.cfm?zaction=AUCTION&Zmethod=PREVIEW&AUCTIONDATE=09/16/2026,https://apps.putnam-fl.com/pa/property/?type=api&parcel=25-09-24-4075-0910-0100,www.putnam.realtaxdeed.com,2026-08-15T03:54:08+00:00
putnam,09/16/2026,09:00 AM ET,27-10-23-0000-0330-0000,2024-0013482,2024-0013482,,"839 LAKE KEMPTON DR, HAWTHORNE, FL- 32640",,,5020.59,,09/16/2026 09:00 AM ET,TAXDEED,https://www.putnam.realtaxdeed.com/index.cfm?zaction=AUCTION&Zmethod=PREVIEW&AUCTIONDATE=09/16/2026,https://apps.putnam-fl.com/pa/property/?type=api&parcel=27-10-23-0000-0330-0000,www.putnam.realtaxdeed.com,2026-08-15T03:54:08+00:00
putnam,09/16/2026,09:00 AM ET,31-10-26-0000-8888-1427,2023-0016045,2023-0016045,,00 UNASSIGNED LOCATION RE,,,872.8,,09/16/2026 09:00 AM ET,TAXDEED,https://www.putnam.realtaxdeed.com/index.cfm?zaction=AUCTION&Zmethod=PREVIEW&AUCTIONDATE=09/16/2026,https://apps.putnam-fl.com/pa/property/?type=api&parcel=31-10-26-0000-8888-1427,www.putnam.realtaxdeed.com,2026-08-15T03:54:08+00:00
putnam,09/16/2026,09:00 AM ET,31-10-27-8251-0020-1390,2019-0018461,2019-0018461,,"444 MARINA RD, SATSUMA, FL- 32189",,,1195.55,,09/16/2026 09:00 AM ET,TAXDEED,https://www.putnam.realtaxdeed.com/index.cfm?zaction=AUCTION&Zmethod=PREVIEW&AUCTIONDATE=09/16/2026,https://apps.putnam-fl.com/pa/property/?type=api&parcel=31-10-27-8251-0020-1390,www.putnam.realtaxdeed.com,2026-08-15T03:54:08+00:00
putnam,09/16/2026,09:00 AM ET,32-10-26-8179-1850-0220,2024-0014182,2024-0014182,,00 Unassigned Location RE,,,940.26,,09/16/2026 09:00 AM ET,TAXDEED,https://www.putnam.realtaxdeed.com/index.cfm?zaction=AUCTION&Zmethod=PREVIEW&AUCTIONDATE=09/16/2026,https://apps.putnam-fl.com/pa/property/?type=api&parcel=32-10-26-8179-1850-0220,www.putnam.realtaxdeed.com,2026-08-15T03:54:08+00:00
putnam,09/16/2026,09:00 AM ET,32-11-27-0170-0010-0033,2024-0014201,2024-0014201,,"104 SUNNY LANE BR, POMONA PARK, FL- 32181",,,25168.9,,09/16/2026 09:00 AM ET,TAXDEED,https://www.putnam.realtaxdeed.com/index.cfm?zaction=AUCTION&Zmethod=PREVIEW&AUCTIONDATE=09/16/2026,https://apps.putnam-fl.com/pa/property/?type=api&parcel=32-11-27-0170-0010-0033,www.putnam.realtaxdeed.com,2026-08-15T03:54:08+00:00
putnam,09/16/2026,09:00 AM ET,33-09-25-4077-0220-0440,2024-0014300,2024-0014300,,"144 VIVIAN DR, PALATKA, FL- 32177",,,54353.39,,09/16/2026 09:00 AM ET,TAXDEED,https://www.putnam.realtaxdeed.com/index.cfm?zaction=AUCTION&Zmethod=PREVIEW&AUCTIONDATE=09/16/2026,https://apps.putnam-fl.com/pa/property/?type=api&parcel=33-09-25-4077-0220-0440,www.putnam.realtaxdeed.com,2026-08-15T03:54:08+00:00
putnam,09/16/2026,09:00 AM ET,33-10-26-8177-0180-0150,2024-0014605,2024-0014605,,00 Unassigned Location RE,,,1120.09,,09/16/2026 09:00 AM ET,TAXDEED,https://www.putnam.realtaxdeed.com/index.cfm?zaction=AUCTION&Zmethod=PREVIEW&AUCTIONDATE=09/16/2026,https://apps.putnam-fl.com/pa/property/?type=api&parcel=33-10-26-8177-0180-0150,www.putnam.realtaxdeed.com,2026-08-15T03:54:08+00:00
putnam,09/16/2026,09:00 AM ET,34-09-24-8630-0000-1479,2019-0019619,2019-0019619,,00 UNASSIGNED LOCATION RE,,,4065.66,,09/16/2026 09:00 AM ET,TAXDEED,https://www.putnam.realtaxdeed.com/index.cfm?zaction=AUCTION&Zmethod=PREVIEW&AUCTIONDATE=09/16/2026,https://apps.putnam-fl.com/pa/property/?type=api&parcel=34-09-24-8630-0000-1479,www.putnam.realtaxdeed.com,2026-08-15T03:54:08+00:00
putnam,09/16/2026,09:00 AM ET,35-10-23-0000-0014-0020,2024-0015707,2024-0015707,,"108 TREE FARM RD, HAWTHORNE, FL- 32640",,,19179.99,,09/16/2026 09:00 AM ET,TAXDEED,https://www.putnam.realtaxdeed.com/index.cfm?zaction=AUCTION&Zmethod=PREVIEW&AUCTIONDATE=09/16/2026,https://apps.putnam-fl.com/pa/property/?type=api&parcel=35-10-23-0000-0014-0020,www.putnam.realtaxdeed.com,2026-08-15T03:54:08+00:00
putnam,09/16/2026,09:00 AM ET,37-10-26-6850-3230-0020,2024-0016086,2024-0016086,,"1711 EAGLE ST # APT 1, PALATKA, FL- 32177",,,2562.08,,09/16/2026 09:00 AM ET,TAXDEED,https://www.putnam.realtaxdeed.com/index.cfm?zaction=AUCTION&Zmethod=PREVIEW&AUCTIONDATE=09/16/2026,https://apps.putnam-fl.com/pa/property/?type=api&parcel=37-10-26-6850-3230-0020,www.putnam.realtaxdeed.com,2026-08-15T03:54:08+00:00
putnam,09/16/2026,09:00 AM ET,37-10-26-6850-3420-0090,2024-0016112,2024-0016112,,"802 N 18TH ST, PALATKA, FL- 32177",,,5983.8,,09/16/2026 09:00 AM ET,TAXDEED,https://www.putnam.realtaxdeed.com/index.cfm?zaction=AUCTION&Zmethod=PREVIEW&AUCTIONDATE=09/16/2026,https://apps.putnam-fl.com/pa/property/?type=api&parcel=37-10-26-6850-3420-0090,www.putnam.realtaxdeed.com,2026-08-15T03:54:08+00:00
putnam,09/16/2026,,37-11-27-8254-0010-0740,2024-0016162,2024-0016162,,"234 CLEARWATER RD, SATSUMA, FL- 32189",,,7481.75,,Redeemed,TAXDEED,https://www.putnam.realtaxdeed.com/index.cfm?zaction=AUCTION&Zmethod=PREVIEW&AUCTIONDATE=09/16/2026,https://apps.putnam-fl.com/pa/property/?type=api&parcel=37-11-27-8254-0010-0740,www.putnam.realtaxdeed.com,2026-08-15T03:54:08+00:00
putnam,09/16/2026,09:00 AM ET,37-13-27-7061-0620-0270,2024-0016236,2024-0016236,,"510 REDWOOD BLVD, GEORGETOWN, FL- 32139",,,1669.94,,09/16/2026 09:00 AM ET,TAXDEED,https://www.putnam.realtaxdeed.com/index.cfm?zaction=AUCTION&Zmethod=PREVIEW&AUCTIONDATE=09/16/2026,https://apps.putnam-fl.com/pa/property/?type=api&parcel=37-13-27-7061-0620-0270,www.putnam.realtaxdeed.com,2026-08-15T03:54:08+00:00
putnam,09/16/2026,09:00 AM ET,39-11-26-0000-0052-0010,2023-0018943,2023-0018943,,"101 PINE LAKE DR, SATSUMA, FL- 32189",,,2195.96,,09/16/2026 09:00 AM ET,TAXDEED,https://www.putnam.realtaxdeed.com/index.cfm?zaction=AUCTION&Zmethod=PREVIEW&AUCTIONDATE=09/16/2026,https://apps.putnam-fl.com/pa/property/?type=api&parcel=39-11-26-0000-0052-0010,www.putnam.realtaxdeed.com,2026-08-15T03:54:08+00:00
putnam,09/16/2026,09:00 AM ET,41-12-26-8792-0000-3000,2024-0017021,2024-0017021,,"300 SPORTSMAN DR, WELAKA, FL- 32193",,,23943.93,,09/16/2026 09:00 AM ET,TAXDEED,https://www.putnam.realtaxdeed.com/index.cfm?zaction=AUCTION&Zmethod=PREVIEW&AUCTIONDATE=09/16/2026,https://apps.putnam-fl.com/pa/property/?type=api&parcel=41-12-26-8792-0000-3000,www.putnam.realtaxdeed.com,2026-08-15T03:54:08+00:00
putnam,09/16/2026,,42-10-27-6850-0070-0030,2024-0017091,2024-0017091,,"501 N 3RD ST, PALATKA, FL- 32177",,,46708.02,,Redeemed,TAXDEED,https://www.putnam.realtaxdeed.com/index.cfm?zaction=AUCTION&Zmethod=PREVIEW&AUCTIONDATE=09/16/2026,https://apps.putnam-fl.com/pa/property/?type=api&parcel=42-10-27-6850-0070-0030,www.putnam.realtaxdeed.com,2026-08-15T03:54:08+00:00
putnam,09/16/2026,09:00 AM ET,42-10-27-6850-2200-0800,2024-0017266,2024-0017266,,"1207 BRONSON ST, PALATKA, FL- 32177",,,12251.18,,09/16/2026 09:00 AM ET,TAXDEED,https://www.putnam.realtaxdeed.com/index.cfm?zaction=AUCTION&Zmethod=PREVIEW&AUCTIONDATE=09/16/2026,https://apps.putnam-fl.com/pa/property/?type=api&parcel=42-10-27-6850-2200-0800,www.putnam.realtaxdeed.com,2026-08-15T03:54:08+00:00
putnam,09/16/2026,09:00 AM ET,43-10-27-8252-0140-0130,2024-0017491,2024-0017491,,"112 KERRY DR, SATSUMA, FL- 32189",,,16547.06,,09/16/2026 09:00 AM ET,TAXDEED,https://www.putnam.realtaxdeed.com/index.cfm?zaction=AUCTION&Zmethod=PREVIEW&AUCTIONDATE=09/16/2026,https://apps.putnam-fl.com/pa/property/?type=api&parcel=43-10-27-8252-0140-0130,www.putnam.realtaxdeed.com,2026-08-15T03:54:08+00:00
putnam,09/16/2026,09:00 AM ET,49-09-27-0220-0040-0100,2024-0017651,2024-0017651,,"140 W CRACKER SWAMP RD, EAST PALATKA, FL- 32131",,,8397.64,,09/16/2026 09:00 AM ET,TAXDEED,https://www.putnam.realtaxdeed.com/index.cfm?zaction=AUCTION&Zmethod=PREVIEW&AUCTIONDATE=09/16/2026,https://apps.putnam-fl.com/pa/property/?type=api&parcel=49-09-27-0220-0040-0100,www.putnam.realtaxdeed.com,2026-08-15T03:54:08+00:00
putnam,09/30/2026,09:00 AM ET,02-11-23-0000-0060-0010,2024-0000880,2024-0000880,,"139 HIDDEN LAKE TRL, HAWTHORNE, FL- 32640",,,88768.63,,09/30/2026 09:00 AM ET,TAXDEED,https://www.putnam.realtaxdeed.com/index.cfm?zaction=AUCTION&Zmethod=PREVIEW&AUCTIONDATE=09/30/2026,https://apps.putnam-fl.com/pa/property/?type=api&parcel=02-11-23-0000-0060-0010,www.putnam.realtaxdeed.com,2026-08-15T03:54:33+00:00
putnam,09/30/2026,09:00 AM ET,04-10-24-5532-0110-0170,2019-0002700,2019-0002700,,00 Unassigned Location RE,,,1462.43,,09/30/2026 09:00 AM ET,TAXDEED,https://www.putnam.realtaxdeed.com/index.cfm?zaction=AUCTION&Zmethod=PREVIEW&AUCTIONDATE=09/30/2026,https://apps.putnam-fl.com/pa/property/?type=api&parcel=04-10-24-5532-0110-0170,www.putnam.realtaxdeed.com,2026-08-15T03:54:33+00:00
putnam,09/30/2026,09:00 AM ET,04-10-24-5532-0110-0180,2019-0002739,2019-0002739,,00 Unassigned Location RE,,,1562.24,,09/30/2026 09:00 AM ET,TAXDEED,https://www.putnam.realtaxdeed.com/index.cfm?zaction=AUCTION&Zmethod=PREVIEW&AUCTIONDATE=09/30/2026,https://apps.putnam-fl.com/pa/property/?type=api&parcel=04-10-24-5532-0110-0180,www.putnam.realtaxdeed.com,2026-08-15T03:54:33+00:00
putnam,09/30/2026,09:00 AM ET,04-10-24-5540-0070-0380,2024-0002183,2024-0002183,,00 Unassigned Location RE,,,1355.02,,09/30/2026 09:00 AM ET,TAXDEED,https://www.putnam.realtaxdeed.com/index.cfm?zaction=AUCTION&Zmethod=PREVIEW&AUCTIONDATE=09/30/2026,https://apps.putnam-fl.com/pa/property/?type=api&parcel=04-10-24-5540-0070-0380,www.putnam.realtaxdeed.com,2026-08-15T03:54:33+00:00
putnam,09/30/2026,09:00 AM ET,04-10-24-6450-0010-0100,2019-0003038,2019-0003038,,00 Unassigned Location RE,,,1277.02,,09/30/2026 09:00 AM ET,TAXDEED,https://www.putnam.realtaxdeed.com/index.cfm?zaction=AUCTION&Zmethod=PREVIEW&AUCTIONDATE=09/30/2026,https://apps.putnam-fl.com/pa/property/?type=api&parcel=04-10-24-6450-0010-0100,www.putnam.realtaxdeed.com,2026-08-15T03:54:33+00:00
putnam,09/30/2026,09:00 AM ET,04-10-24-6450-0010-0110,2019-0003039,2019-0003039,,00 Unassigned Location RE,,,1290.63,,09/30/2026 09:00 AM ET,TAXDEED,https://www.putnam.realtaxdeed.com/index.cfm?zaction=AUCTION&Zmethod=PREVIEW&AUCTIONDATE=09/30/2026,https://apps.putnam-fl.com/pa/property/?type=api&parcel=04-10-24-6450-0010-0110,www.putnam.realtaxdeed.com,2026-08-15T03:54:33+00:00
putnam,09/30/2026,09:00 AM ET,04-10-24-6450-0010-0470,2019-0003093,2019-0003093,,00 Unassigned Location RE,,,1449.49,,09/30/2026 09:00 AM ET,TAXDEED,https://www.putnam.realtaxdeed.com/index.cfm?zaction=AUCTION&Zmethod=PREVIEW&AUCTIONDATE=09/30/2026,https://apps.putnam-fl.com/pa/property/?type=api&parcel=04-10-24-6450-0010-0470,www.putnam.realtaxdeed.com,2026-08-15T03:54:33+00:00
putnam,09/30/2026,09:00 AM ET,04-10-24-9035-0080-0010,2020-0003782,2020-0003782,,00 Unassigned Location RE,,,1426.2,,09/30/2026 09:00 AM ET,TAXDEED,https://www.putnam.realtaxdeed.com/index.cfm?zaction=AUCTION&Zmethod=PREVIEW&AUCTIONDATE=09/30/2026,https://apps.putnam-fl.com/pa/property/?type=api&parcel=04-10-24-9035-0080-0010,www.putnam.realtaxdeed.com,2026-08-15T03:54:33+00:00
putnam,09/30/2026,09:00 AM ET,04-10-24-9040-0110-0170,2019-0003633,2019-0003633,,00 Unassigned Location RE,,,1571.48,,09/30/2026 09:00 AM ET,TAXDEED,https://www.putnam.realtaxdeed.com/index.cfm?zaction=AUCTION&Zmethod=PREVIEW&AUCTIONDATE=09/30/2026,https://apps.putnam-fl.com/pa/property/?type=api&parcel=04-10-24-9040-0110-0170,www.putnam.realtaxdeed.com,2026-08-15T03:54:33+00:00
putnam,09/30/2026,09:00 AM ET,05-10-24-4940-0070-0500,2019-0004443,2019-0004443,,00 Unassigned Location RE,,,1502.32,,09/30/2026 09:00 AM ET,TAXDEED,https://www.putnam.realtaxdeed.com/index.cfm?zaction=AUCTION&Zmethod=PREVIEW&AUCTIONDATE=09/30/2026,https://apps.putnam-fl.com/pa/property/?type=api&parcel=05-10-24-4940-0070-0500,www.putnam.realtaxdeed.com,2026-08-15T03:54:33+00:00
putnam,09/30/2026,09:00 AM ET,05-10-27-9570-0020-0040,2024-0003915,2024-0003915,,"406 WARWICK ST, EAST PALATKA, FL- 32131",,,4024.2,,09/30/2026 09:00 AM ET,TAXDEED,https://www.putnam.realtaxdeed.com/index.cfm?zaction=AUCTION&Zmethod=PREVIEW&AUCTIONDATE=09/30/2026,https://apps.putnam-fl.com/pa/property/?type=api&parcel=05-10-27-9570-0020-0040,www.putnam.realtaxdeed.com,2026-08-15T03:54:33+00:00
putnam,09/30/2026,09:00 AM ET,05-11-26-0000-8888-0017,2019-0004906,2019-0004906,,00 Unassigned Location RE,,,1978.5,,09/30/2026 09:00 AM ET,TAXDEED,https://www.putnam.realtaxdeed.com/index.cfm?zaction=AUCTION&Zmethod=PREVIEW&AUCTIONDATE=09/30/2026,https://apps.putnam-fl.com/pa/property/?type=api&parcel=05-11-26-0000-8888-0017,www.putnam.realtaxdeed.com,2026-08-15T03:54:33+00:00
putnam,09/30/2026,09:00 AM ET,06-13-27-4910-0060-1830,2024-0004370,2024-0004370,,"115 HAMPTON CIR, GEORGETOWN, FL- 32139",,,3791.87,,09/30/2026 09:00 AM ET,TAXDEED,https://www.putnam.realtaxdeed.com/index.cfm?zaction=AUCTION&Zmethod=PREVIEW&AUCTIONDATE=09/30/2026,https://apps.putnam-fl.com/pa/property/?type=api&parcel=06-13-27-4910-0060-1830,www.putnam.realtaxdeed.com,2026-08-15T03:54:33+00:00
putnam,09/30/2026,09:00 AM ET,08-10-26-0000-0170-0000,2024-0005707,2024-0005707,,"107 SILVER LAKE RD, PALATKA, FL- 32177",,,9288.25,,09/30/2026 09:00 AM ET,TAXDEED,https://www.putnam.realtaxdeed.com/index.cfm?zaction=AUCTION&Zmethod=PREVIEW&AUCTIONDATE=09/30/2026,https://apps.putnam-fl.com/pa/property/?type=api&parcel=08-10-26-0000-0170-0000,www.putnam.realtaxdeed.com,2026-08-15T03:54:33+00:00
putnam,09/30/2026,09:00 AM ET,08-13-27-7061-0490-0370,2024-0005815,2024-0005815,,"432 ROSEWOOD ST, GEORGETOWN, FL- 32139",,,3964.6,,09/30/2026 09:00 AM ET,TAXDEED,https://www.putnam.realtaxdeed.com/index.cfm?zaction=AUCTION&Zmethod=PREVIEW&AUCTIONDATE=09/30/2026,https://apps.putnam-fl.com/pa/property/?type=api&parcel=08-13-27-7061-0490-0370,www.putnam.realtaxdeed.com,2026-08-15T03:54:33+00:00
putnam,09/30/2026,09:00 AM ET,09-10-24-4068-0460-0030,2019-0008015,2019-0008015,,00 Unassigned Location RE,,,2255.75,,09/30/2026 09:00 AM ET,TAXDEED,https://www.putnam.realtaxdeed.com/index.cfm?zaction=AUCTION&Zmethod=PREVIEW&AUCTIONDATE=09/30/2026,https://apps.putnam-fl.com/pa/property/?type=api&parcel=09-10-24-4068-0460-0030,www.putnam.realtaxdeed.com,2026-08-15T03:54:33+00:00
putnam,09/30/2026,09:00 AM ET,11-11-26-8243-0170-0010,2024-0007541,2024-0007541,,00 Unassigned Location RE,,,1649.56,,09/30/2026 09:00 AM ET,TAXDEED,https://www.putnam.realtaxdeed.com/index.cfm?zaction=AUCTION&Zmethod=PREVIEW&AUCTIONDATE=09/30/2026,https://apps.putnam-fl.com/pa/property/?type=api&parcel=11-11-26-8243-0170-0010,www.putnam.realtaxdeed.com,2026-08-15T03:54:33+00:00
putnam,09/30/2026,09:00 AM ET,12-09-24-0000-0041-0020,2024-0007678,2024-0007678,,"986 STATE RD 100, FLORAHOME, FL- 32140",,,73820.48,,09/30/2026 09:00 AM ET,TAXDEED,https://www.putnam.realtaxdeed.com/index.cfm?zaction=AUCTION&Zmethod=PREVIEW&AUCTIONDATE=09/30/2026,https://apps.putnam-fl.com/pa/property/?type=api&parcel=12-09-24-0000-0041-0020,www.putnam.realtaxdeed.com,2026-08-15T03:54:33+00:00
putnam,09/30/2026,09:00 AM ET,12-10-26-6620-0000-0160,2024-0008271,2024-0008271,,"312 FERN ST, PALATKA, FL- 32177",,,7860.59,,09/30/2026 09:00 AM ET,TAXDEED,https://www.putnam.realtaxdeed.com/index.cfm?zaction=AUCTION&Zmethod=PREVIEW&AUCTIONDATE=09/30/2026,https://apps.putnam-fl.com/pa/property/?type=api&parcel=12-10-26-6620-0000-0160,www.putnam.realtaxdeed.com,2026-08-15T03:54:33+00:00
putnam,09/30/2026,09:00 AM ET,12-10-26-8450-0000-0800,2024-0008291,2024-0008291,,"131 AZALEA CIR, PALATKA, FL- 32177",,,9190.93,,09/30/2026 09:00 AM ET,TAXDEED,https://www.putnam.realtaxdeed.com/index.cfm?zaction=AUCTION&Zmethod=PREVIEW&AUCTIONDATE=09/30/2026,https://apps.putnam-fl.com/pa/property/?type=api&parcel=12-10-26-8450-0000-0800,www.putnam.realtaxdeed.com,2026-08-15T03:54:33+00:00
putnam,09/30/2026,09:00 AM ET,12-11-26-8240-0160-0070,2024-0008372,2024-0008372,,"113 HILLTOP TRL, SATSUMA, FL- 32189",,,4201.02,,09/30/2026 09:00 AM ET,TAXDEED,https://www.putnam.realtaxdeed.com/index.cfm?zaction=AUCTION&Zmethod=PREVIEW&AUCTIONDATE=09/30/2026,https://apps.putnam-fl.com/pa/property/?type=api&parcel=12-11-26-8240-0160-0070,www.putnam.realtaxdeed.com,2026-08-15T03:54:33+00:00
putnam,09/30/2026,09:00 AM ET,13-10-24-4080-0020-0150,2024-0008742,2024-0008742,,00 Unassigned Location RE,,,1735.28,,09/30/2026 09:00 AM ET,TAXDEED,https://www.putnam.realtaxdeed.com/index.cfm?zaction=AUCTION&Zmethod=PREVIEW&AUCTIONDATE=09/30/2026,https://apps.putnam-fl.com/pa/property/?type=api&parcel=13-10-24-4080-0020-0150,www.putnam.realtaxdeed.com,2026-08-15T03:54:33+00:00
putnam,09/30/2026,09:00 AM ET,13-10-26-6550-0050-0040,2024-0008793,2024-0008793,,"2325 WESTOVER DR, PALATKA, FL- 32177",,,7534.72,,09/30/2026 09:00 AM ET,TAXDEED,https://www.putnam.realtaxdeed.com/index.cfm?zaction=AUCTION&Zmethod=PREVIEW&AUCTIONDATE=09/30/2026,https://apps.putnam-fl.com/pa/property/?type=api&parcel=13-10-26-6550-0050-0040,www.putnam.realtaxdeed.com,2026-08-15T03:54:33+00:00
putnam,09/30/2026,09:00 AM ET,13-11-26-8244-0340-0070,2024-0008942,2024-0008942,,"125 SHARON DR, SATSUMA, FL- 32189",,,1608.79,,09/30/2026 09:00 AM ET,TAXDEED,https://www.putnam.realtaxdeed.com/index.cfm?zaction=AUCTION&Zmethod=PREVIEW&AUCTIONDATE=09/30/2026,https://apps.putnam-fl.com/pa/property/?type=api&parcel=13-11-26-8244-0340-0070,www.putnam.realtaxdeed.com,2026-08-15T03:54:33+00:00
putnam,09/30/2026,09:00 AM ET,14-08-24-5100-0090-0040,2024-0009032,2024-0009032,,"123 ALACHUA ST, FLORAHOME, FL- 32140",,,1290.72,,09/30/2026 09:00 AM ET,TAXDEED,https://www.putnam.realtaxdeed.com/index.cfm?zaction=AUCTION&Zmethod=PREVIEW&AUCTIONDATE=09/30/2026,https://apps.putnam-fl.com/pa/property/?type=api&parcel=14-08-24-5100-0090-0040,www.putnam.realtaxdeed.com,2026-08-15T03:54:33+00:00
putnam,09/30/2026,09:00 AM ET,17-09-27-0000-0120-0000,2024-0009837,2024-0009837,,"332 WEST RIVER RD, PALATKA, FL- 32177",,,72156.17,,09/30/2026 09:00 AM ET,TAXDEED,https://www.putnam.realtaxdeed.com/index.cfm?zaction=AUCTION&Zmethod=PREVIEW&AUCTIONDATE=09/30/2026,https://apps.putnam-fl.com/pa/property/?type=api&parcel=17-09-27-0000-0120-0000,www.putnam.realtaxdeed.com,2026-08-15T03:54:33+00:00
putnam,09/30/2026,,17-10-24-1520-0040-0230,2021-0011399,2021-0011399,,"145 6TH WAY, INTERLACHEN, FL- 32148",,,1152.97,,Redeemed,TAXDEED,https://www.putnam.realtaxdeed.com/index.cfm?zaction=AUCTION&Zmethod=PREVIEW&AUCTIONDATE=09/30/2026,https://apps.putnam-fl.com/pa/property/?type=api&parcel=17-10-24-1520-0040-0230,www.putnam.realtaxdeed.com,2026-08-15T03:54:33+00:00
putnam,09/30/2026,09:00 AM ET,17-11-23-4090-1080-0020,2019-0013286,2019-0013286,,"103 COTTONWOOD DR, HAWTHORNE, FL- 32640",,,2906.72,,09/30/2026 09:00 AM ET,TAXDEED,https://www.putnam.realtaxdeed.com/index.cfm?zaction=AUCTION&Zmethod=PREVIEW&AUCTIONDATE=09/30/2026,https://apps.putnam-fl.com/pa/property/?type=api&parcel=17-11-23-4090-1080-0020,www.putnam.realtaxdeed.com,2026-08-15T03:54:33+00:00
putnam,09/30/2026,09:00 AM ET,18-08-25-5106-6120-0080,2024-0010219,2024-0010219,,"114 HIAWATHA DR, FLORAHOME, FL- 32140",,,1519.38,,09/30/2026 09:00 AM ET,TAXDEED,https://www.putnam.realtaxdeed.com/index.cfm?zaction=AUCTION&Zmethod=PREVIEW&AUCTIONDATE=09/30/2026,https://apps.putnam-fl.com/pa/property/?type=api&parcel=18-08-25-5106-6120-0080,www.putnam.realtaxdeed.com,2026-08-15T03:54:33+00:00
putnam,09/30/2026,09:00 AM ET,18-08-25-5106-6120-0310,2024-0010228,2024-0010228,,"103 GRANADA DR, FLORAHOME, FL- 32140",,,1290.76,,09/30/2026 09:00 AM ET,TAXDEED,https://www.putnam.realtaxdeed.com/index.cfm?zaction=AUCTION&Zmethod=PREVIEW&AUCTIONDATE=09/30/2026,https://apps.putnam-fl.com/pa/property/?type=api&parcel=18-08-25-5106-6120-0310,www.putnam.realtaxdeed.com,2026-08-15T03:54:33+00:00
putnam,09/30/2026,09:00 AM ET,18-08-25-5106-6130-0320,2023-0011845,2023-0011845,,"309 FLORA DR, FLORAHOME, FL- 32140",,,1494.34,,09/30/2026 09:00 AM ET,TAXDEED,https://www.putnam.realtaxdeed.com/index.cfm?zaction=AUCTION&Zmethod=PREVIEW&AUCTIONDATE=09/30/2026,https://apps.putnam-fl.com/pa/property/?type=api&parcel=18-08-25-5106-6130-0320,www.putnam.realtaxdeed.com,2026-08-15T03:54:33+00:00
putnam,09/30/2026,09:00 AM ET,18-12-27-4941-0020-0120,2019-0013951,2019-0013951,,"113 HOWELL LAKE DR, POMONA PARK, FL- 32181",,,1203.48,,09/30/2026 09:00 AM ET,TAXDEED,https://www.putnam.realtaxdeed.com/index.cfm?zaction=AUCTION&Zmethod=PREVIEW&AUCTIONDATE=09/30/2026,https://apps.putnam-fl.com/pa/property/?type=api&parcel=18-12-27-4941-0020-0120,www.putnam.realtaxdeed.com,2026-08-15T03:54:33+00:00
putnam,09/30/2026,09:00 AM ET,19-08-25-5109-9020-0080,2024-0010708,2024-0010708,,"120 SOUTH DR, FLORAHOME, FL- 32140",,,1793.47,,09/30/2026 09:00 AM ET,TAXDEED,https://www.putnam.realtaxdeed.com/index.cfm?zaction=AUCTION&Zmethod=PREVIEW&AUCTIONDATE=09/30/2026,https://apps.putnam-fl.com/pa/property/?type=api&parcel=19-08-25-5109-9020-0080,www.putnam.realtaxdeed.com,2026-08-15T03:54:33+00:00
putnam,09/30/2026,09:00 AM ET,19-09-23-9370-0000-0038,2024-0010744,2024-0010744,,00 Unassigned Location RE,,,13768.21,,09/30/2026 09:00 AM ET,TAXDEED,https://www.putnam.realtaxdeed.com/index.cfm?zaction=AUCTION&Zmethod=PREVIEW&AUCTIONDATE=09/30/2026,https://apps.putnam-fl.com/pa/property/?type=api&parcel=19-09-23-9370-0000-0038,www.putnam.realtaxdeed.com,2026-08-15T03:54:33+00:00
putnam,09/30/2026,,19-10-24-4074-0310-0250,2024-0010776,2024-0010776,,"121 JONES ST, INTERLACHEN, FL- 32148",,,1744.68,,Redeemed,TAXDEED,https://www.putnam.realtaxdeed.com/index.cfm?zaction=AUCTION&Zmethod=PREVIEW&AUCTIONDATE=09/30/2026,https://apps.putnam-fl.com/pa/property/?type=api&parcel=19-10-24-4074-0310-0250,www.putnam.realtaxdeed.com,2026-08-15T03:54:33+00:00
putnam,09/30/2026,09:00 AM ET,20-10-24-4074-0180-0070,2019-0014591,2019-0014591,,00 Unassigned Location RE,,,1585.28,,09/30/2026 09:00 AM ET,TAXDEED,https://www.putnam.realtaxdeed.com/index.cfm?zaction=AUCTION&Zmethod=PREVIEW&AUCTIONDATE=09/30/2026,https://apps.putnam-fl.com/pa/property/?type=api&parcel=20-10-24-4074-0180-0070,www.putnam.realtaxdeed.com,2026-08-15T03:54:33+00:00
putnam,09/30/2026,09:00 AM ET,20-10-24-4074-0180-0080,2019-0014592,2019-0014592,,"122 NAPLES ST, INTERLACHEN, FL- 32148",,,1443.83,,09/30/2026 09:00 AM ET,TAXDEED,https://www.putnam.realtaxdeed.com/index.cfm?zaction=AUCTION&Zmethod=PREVIEW&AUCTIONDATE=09/30/2026,https://apps.putnam-fl.com/pa/property/?type=api&parcel=20-10-24-4074-0180-0080,www.putnam.realtaxdeed.com,2026-08-15T03:54:33+00:00
putnam,09/30/2026,09:00 AM ET,20-10-24-4074-0270-0160,2024-0011047,2024-0011047,,00 Unassigned Location RE,,,2156.6,,09/30/2026 09:00 AM ET,TAXDEED,https://www.putnam.realtaxdeed.com/index.cfm?zaction=AUCTION&Zmethod=PREVIEW&AUCTIONDATE=09/30/2026,https://apps.putnam-fl.com/pa/property/?type=api&parcel=20-10-24-4074-0270-0160,www.putnam.realtaxdeed.com,2026-08-15T03:54:33+00:00
putnam,09/30/2026,09:00 AM ET,21-10-23-0000-0130-0000,2024-0011189,2024-0011189,,"1827 STATE RD 20, HAWTHORNE, FL- 32640",,,65603.92,,09/30/2026 09:00 AM ET,TAXDEED,https://www.putnam.realtaxdeed.com/index.cfm?zaction=AUCTION&Zmethod=PREVIEW&AUCTIONDATE=09/30/2026,https://apps.putnam-fl.com/pa/property/?type=api&parcel=21-10-23-0000-0130-0000,www.putnam.realtaxdeed.com,2026-08-15T03:54:33+00:00
putnam,09/30/2026,09:00 AM ET,21-10-23-3646-0000-0010,2024-0011198,2024-0011198,,"1864 STATE RD 20, HAWTHORNE, FL- 32640",,,42709.12,,09/30/2026 09:00 AM ET,TAXDEED,https://www.putnam.realtaxdeed.com/index.cfm?zaction=AUCTION&Zmethod=PREVIEW&AUCTIONDATE=09/30/2026,https://apps.putnam-fl.com/pa/property/?type=api&parcel=21-10-23-3646-0000-0010,www.putnam.realtaxdeed.com,2026-08-15T03:54:33+00:00
putnam,09/30/2026,09:00 AM ET,21-10-26-0000-0060-0020,2024-0011230,2024-0011230,,"367 HORSEMAN CLUB RD, PALATKA, FL- 32177",,,11806.58,,09/30/2026 09:00 AM ET,TAXDEED,https://www.putnam.realtaxdeed.com/index.cfm?zaction=AUCTION&Zmethod=PREVIEW&AUCTIONDATE=09/30/2026,https://apps.putnam-fl.com/pa/property/?type=api&parcel=21-10-26-0000-0060-0020,www.putnam.realtaxdeed.com,2026-08-15T03:54:33+00:00
putnam,09/30/2026,09:00 AM ET,23-09-24-4076-1140-0180,2024-0011567,2024-0011567,,"1400 MALTAS AV, INTERLACHEN, FL- 32148",,,10825.94,,09/30/2026 09:00 AM ET,TAXDEED,https://www.putnam.realtaxdeed.com/index.cfm?zaction=AUCTION&Zmethod=PREVIEW&AUCTIONDATE=09/30/2026,https://apps.putnam-fl.com/pa/property/?type=api&parcel=23-09-24-4076-1140-0180,www.putnam.realtaxdeed.com,2026-08-15T03:54:33+00:00
putnam,09/30/2026,09:00 AM ET,23-12-27-0000-0110-0050,2024-0011754,2024-0011754,,"123 BLOSSOM TRL, CRESCENT CITY, FL- 32112",,,6694.53,,09/30/2026 09:00 AM ET,TAXDEED,https://www.putnam.realtaxdeed.com/index.cfm?zaction=AUCTION&Zmethod=PREVIEW&AUCTIONDATE=09/30/2026,https://apps.putnam-fl.com/pa/property/?type=api&parcel=23-12-27-0000-0110-0050,www.putnam.realtaxdeed.com,2026-08-15T03:54:33+00:00
putnam,09/30/2026,09:00 AM ET,24-08-24-5100-0180-0060,2024-0011798,2024-0011798,,"108 PINELLAS ST, FLORAHOME, FL- 32140",,,1304.92,,09/30/2026 09:00 AM ET,TAXDEED,https://www.putnam.realtaxdeed.com/index.cfm?zaction=AUCTION&Zmethod=PREVIEW&AUCTIONDATE=09/30/2026,https://apps.putnam-fl.com/pa/property/?type=api&parcel=24-08-24-5100-0180-0060,www.putnam.realtaxdeed.com,2026-08-15T03:54:33+00:00
putnam,09/30/2026,09:00 AM ET,24-12-27-3350-1370-0060,2024-0012458,2024-0012458,,"1136 HUNTINGTON RD, CRESCENT CITY, FL- 32112",,,33556.25,,09/30/2026 09:00 AM ET,TAXDEED,https://www.putnam.realtaxdeed.com/index.cfm?zaction=AUCTION&Zmethod=PREVIEW&AUCTIONDATE=09/30/2026,https://apps.putnam-fl.com/pa/property/?type=api&parcel=24-12-27-3350-1370-0060,www.putnam.realtaxdeed.com,2026-08-15T03:54:33+00:00
putnam,09/30/2026,09:00 AM ET,26-08-27-8152-0090-0240,2023-0015114,2023-0015114,,"116 MACKEREL AV, PALATKA, FL- 32177",,,5440.59,,09/30/2026 09:00 AM ET,TAXDEED,https://www.putnam.realtaxdeed.com/index.cfm?zaction=AUCTION&Zmethod=PREVIEW&AUCTIONDATE=09/30/2026,https://apps.putnam-fl.com/pa/property/?type=api&parcel=26-08-27-8152-0090-0240,www.putnam.realtaxdeed.com,2026-08-15T03:54:33+00:00
putnam,09/30/2026,09:00 AM ET,26-10-23-0000-0160-0011,2024-0013368,2024-0013368,,"104 KARRIE WAY, HAWTHORNE, FL- 32640",,,63712.03,,09/30/2026 09:00 AM ET,TAXDEED,https://www.putnam.realtaxdeed.com/index.cfm?zaction=AUCTION&Zmethod=PREVIEW&AUCTIONDATE=09/30/2026,https://apps.putnam-fl.com/pa/property/?type=api&parcel=26-10-23-0000-0160-0011,www.putnam.realtaxdeed.com,2026-08-15T03:54:33+00:00
putnam,09/30/2026,09:00 AM ET,30-08-27-0750-0320-0020,2024-0013796,2024-0013796,,"119 CARRAWAY ST, PALATKA, FL- 32177",,,76408.74,,09/30/2026 09:00 AM ET,TAXDEED,https://www.putnam.realtaxdeed.com/index.cfm?zaction=AUCTION&Zmethod=PREVIEW&AUCTIONDATE=09/30/2026,https://apps.putnam-fl.com/pa/property/?type=api&parcel=30-08-27-0750-0320-0020,www.putnam.realtaxdeed.com,2026-08-15T03:54:33+00:00
putnam,09/30/2026,09:00 AM ET,30-12-28-1750-0120-0030,2024-0013879,2024-0013879,,"10 N PARK ST, CRESCENT CITY, FL- 32112",,,23790.28,,09/30/2026 09:00 AM ET,TAXDEED,https://www.putnam.realtaxdeed.com/index.cfm?zaction=AUCTION&Zmethod=PREVIEW&AUCTIONDATE=09/30/2026,https://apps.putnam-fl.com/pa/property/?type=api&parcel=30-12-28-1750-0120-0030,www.putnam.realtaxdeed.com,2026-08-15T03:54:33+00:00
putnam,09/30/2026,09:00 AM ET,31-10-26-0000-8888-1610,2019-0018467,2019-0018467,,00 Unassigned Location RE,,,2018.07,,09/30/2026 09:00 AM ET,TAXDEED,https://www.putnam.realtaxdeed.com/index.cfm?zaction=AUCTION&Zmethod=PREVIEW&AUCTIONDATE=09/30/2026,https://apps.putnam-fl.com/pa/property/?type=api&parcel=31-10-26-0000-8888-1610,www.putnam.realtaxdeed.com,2026-08-15T03:54:33+00:00
putnam,09/30/2026,09:00 AM ET,35-09-24-4075-1820-0020,2019-0020205,2019-0020205,,00 Unassigned Location RE,,,2028.19,,09/30/2026 09:00 AM ET,TAXDEED,https://www.putnam.realtaxdeed.com/index.cfm?zaction=AUCTION&Zmethod=PREVIEW&AUCTIONDATE=09/30/2026,https://apps.putnam-fl.com/pa/property/?type=api&parcel=35-09-24-4075-1820-0020,www.putnam.realtaxdeed.com,2026-08-15T03:54:33+00:00
putnam,09/30/2026,09:00 AM ET,35-09-24-4076-0110-0040,2024-0015513,2024-0015513,,00 Unassigned Location RE,,,1807.58,,09/30/2026 09:00 AM ET,TAXDEED,https://www.putnam.realtaxdeed.com/index.cfm?zaction=AUCTION&Zmethod=PREVIEW&AUCTIONDATE=09/30/2026,https://apps.putnam-fl.com/pa/property/?type=api&parcel=35-09-24-4076-0110-0040,www.putnam.realtaxdeed.com,2026-08-15T03:54:33+00:00
putnam,09/30/2026,09:00 AM ET,35-09-24-4076-0360-0120,2019-0020417,2019-0020417,,00 Unassigned Location RE,,,2178.76,,09/30/2026 09:00 AM ET,TAXDEED,https://www.putnam.realtaxdeed.com/index.cfm?zaction=AUCTION&Zmethod=PREVIEW&AUCTIONDATE=09/30/2026,https://apps.putnam-fl.com/pa/property/?type=api&parcel=35-09-24-4076-0360-0120,www.putnam.realtaxdeed.com,2026-08-15T03:54:33+00:00
putnam,09/30/2026,09:00 AM ET,36-09-24-4075-1310-0240,2024-0015929,2024-0015929,,"211 NEISMAN AV, INTERLACHEN, FL- 32148",,,1517.74,,09/30/2026 09:00 AM ET,TAXDEED,https://www.putnam.realtaxdeed.com/index.cfm?zaction=AUCTION&Zmethod=PREVIEW&AUCTIONDATE=09/30/2026,https://apps.putnam-fl.com/pa/property/?type=api&parcel=36-09-24-4075-1310-0240,www.putnam.realtaxdeed.com,2026-08-15T03:54:33+00:00
putnam,09/30/2026,09:00 AM ET,39-11-26-8231-0120-0110,2024-0016742,2024-0016742,,"131 DEERSKIN AV, SATSUMA, FL- 32189",,,39592.86,,09/30/2026 09:00 AM ET,TAXDEED,https://www.putnam.realtaxdeed.com/index.cfm?zaction=AUCTION&Zmethod=PREVIEW&AUCTIONDATE=09/30/2026,https://apps.putnam-fl.com/pa/property/?type=api&parcel=39-11-26-8231-0120-0110,www.putnam.realtaxdeed.com,2026-08-15T03:54:33+00:00
putnam,09/30/2026,09:00 AM ET,39-11-26-8470-0110-0201,2024-0016884,2024-0016884,,"1162 S HIGHWAY 17, SATSUMA, FL- 32189",,,10329.69,,09/30/2026 09:00 AM ET,TAXDEED,https://www.putnam.realtaxdeed.com/index.cfm?zaction=AUCTION&Zmethod=PREVIEW&AUCTIONDATE=09/30/2026,https://apps.putnam-fl.com/pa/property/?type=api&parcel=39-11-26-8470-0110-0201,www.putnam.realtaxdeed.com,2026-08-15T03:54:33+00:00
putnam,09/30/2026,09:00 AM ET,39-11-26-8470-0210-0100,2024-0016901,2024-0016901,,"120 MAPLE LN, SATSUMA, FL- 32189",,,6497.79,,09/30/2026 09:00 AM ET,TAXDEED,https://www.putnam.realtaxdeed.com/index.cfm?zaction=AUCTION&Zmethod=PREVIEW&AUCTIONDATE=09/30/2026,https://apps.putnam-fl.com/pa/property/?type=api&parcel=39-11-26-8470-0210-0100,www.putnam.realtaxdeed.com,2026-08-15T03:54:33+00:00
putnam,09/30/2026,09:00 AM ET,39-13-26-0000-0010-0280,2024-0016965,2024-0016965,,00 Unassigned Location RE,,,2295.09,,09/30/2026 09:00 AM ET,TAXDEED,https://www.putnam.realtaxdeed.com/index.cfm?zaction=AUCTION&Zmethod=PREVIEW&AUCTIONDATE=09/30/2026,https://apps.putnam-fl.com/pa/property/?type=api&parcel=39-13-26-0000-0010-0280,www.putnam.realtaxdeed.com,2026-08-15T03:54:33+00:00
putnam,09/30/2026,09:00 AM ET,41-13-26-0000-0260-0000,2024-0017061,2024-0017061,,"111 PORT COVE LANDING RD, GEORGETOWN, FL- 32139",,,29140.75,,09/30/2026 09:00 AM ET,TAXDEED,https://www.putnam.realtaxdeed.com/index.cfm?zaction=AUCTION&Zmethod=PREVIEW&AUCTIONDATE=09/30/2026,https://apps.putnam-fl.com/pa/property/?type=api&parcel=41-13-26-0000-0260-0000,www.putnam.realtaxdeed.com,2026-08-15T03:54:33+00:00
putnam,09/30/2026,09:00 AM ET,41-13-26-5500-0000-0011,2024-0017084,2024-0017084,,"108 PORT COVE LANDING RD, GEORGETOWN, FL- 32139",,,21650.11,,09/30/2026 09:00 AM ET,TAXDEED,https://www.putnam.realtaxdeed.com/index.cfm?zaction=AUCTION&Zmethod=PREVIEW&AUCTIONDATE=09/30/2026,https://apps.putnam-fl.com/pa/property/?type=api&parcel=41-13-26-5500-0000-0011,www.putnam.realtaxdeed.com,2026-08-15T03:54:33+00:00
putnam,09/30/2026,09:00 AM ET,42-10-27-6850-0160-0011,2024-0017095,2024-0017095,,"213 N 4TH ST, PALATKA, FL- 32177",,,18024.54,,09/30/2026 09:00 AM ET,TAXDEED,https://www.putnam.realtaxdeed.com/index.cfm?zaction=AUCTION&Zmethod=PREVIEW&AUCTIONDATE=09/30/2026,https://apps.putnam-fl.com/pa/property/?type=api&parcel=42-10-27-6850-0160-0011,www.putnam.realtaxdeed.com,2026-08-15T03:54:33+00:00
putnam,09/30/2026,09:00 AM ET,42-10-27-6850-0630-0051,2024-0017158,2024-0017158,,"805 ST JOHNS AV, PALATKA, FL- 32177",,,45464.1,,09/30/2026 09:00 AM ET,TAXDEED,https://www.putnam.realtaxdeed.com/index.cfm?zaction=AUCTION&Zmethod=PREVIEW&AUCTIONDATE=09/30/2026,https://apps.putnam-fl.com/pa/property/?type=api&parcel=42-10-27-6850-0630-0051,www.putnam.realtaxdeed.com,2026-08-15T03:54:33+00:00
putnam,09/30/2026,09:00 AM ET,42-10-27-6850-2610-0040,2024-0017322,2024-0017322,,"1412 CARR ST, PALATKA, FL- 32177",,,9936.61,,09/30/2026 09:00 AM ET,TAXDEED,https://www.putnam.realtaxdeed.com/index.cfm?zaction=AUCTION&Zmethod=PREVIEW&AUCTIONDATE=09/30/2026,https://apps.putnam-fl.com/pa/property/?type=api&parcel=42-10-27-6850-2610-0040,www.putnam.realtaxdeed.com,2026-08-15T03:54:33+00:00
putnam,09/30/2026,09:00 AM ET,42-10-27-6850-3100-0110,2024-0017368,2024-0017368,,"1618 EAGLE ST, PALATKA, FL- 32177",,,7601.64,,09/30/2026 09:00 AM ET,TAXDEED,https://www.putnam.realtaxdeed.com/index.cfm?zaction=AUCTION&Zmethod=PREVIEW&AUCTIONDATE=09/30/2026,https://apps.putnam-fl.com/pa/property/?type=api&parcel=42-10-27-6850-3100-0110,www.putnam.realtaxdeed.com,2026-08-15T03:54:33+00:00
putnam,09/30/2026,09:00 AM ET,43-10-27-8252-0080-0200,2024-0017465,2024-0017465,,"727 SAN MATEO RD, SATSUMA, FL- 32189",,,5623.67,,09/30/2026 09:00 AM ET,TAXDEED,https://www.putnam.realtaxdeed.com/index.cfm?zaction=AUCTION&Zmethod=PREVIEW&AUCTIONDATE=09/30/2026,https://apps.putnam-fl.com/pa/property/?type=api&parcel=43-10-27-8252-0080-0200,www.putnam.realtaxdeed.com,2026-08-15T03:54:33+00:00
putnam,09/30/2026,09:00 AM ET,43-10-27-8252-0130-0170,2024-0017483,2024-0017483,,"132 KERRY DR, SATSUMA, FL- 32189",,,1195.88,,09/30/2026 09:00 AM ET,TAXDEED,https://www.putnam.realtaxdeed.com/index.cfm?zaction=AUCTION&Zmethod=PREVIEW&AUCTIONDATE=09/30/2026,https://apps.putnam-fl.com/pa/property/?type=api&parcel=43-10-27-8252-0130-0170,www.putnam.realtaxdeed.com,2026-08-15T03:54:33+00:00
putnam,09/30/2026,09:00 AM ET,48-10-27-4570-0030-0070,2024-0017617,2024-0017617,,"119 CULPEPPER RD, SAN MATEO, FL- 32187",,,38251.74,,09/30/2026 09:00 AM ET,TAXDEED,https://www.putnam.realtaxdeed.com/index.cfm?zaction=AUCTION&Zmethod=PREVIEW&AUCTIONDATE=09/30/2026,https://apps.putnam-fl.com/pa/property/?type=api&parcel=48-10-27-4570-0030-0070,www.putnam.realtaxdeed.com,2026-08-15T03:54:33+00:00
