county,sale_date,sale_time,parcel_id,case_number,certificate_number,owner_name,property_address,property_use,acreage,opening_bid,assessed_value,auction_status,auction_type,auction_url,appraiser_url,clerk_case_url,source_host,scraped_at
charlotte,09/29/2026,09:00 AM ET,402102380017,26-0388,2024-192,,"16238 TANGLEWOOD AVE, PORT CHARLOTTE, FL- 33954",,,3540.76,28900.0,09/29/2026 09:00 AM ET,TAXDEED,https://www.charlotte.realforeclose.com/index.cfm?zaction=auction&zmethod=details&AID=1517032&bypassPage=1,http://www.ccappraiser.com/Show_parcel.asp?acct=402102380017&gen=T&tax=T&bld=T&oth=T&sal=T&lnd=T&leg=T,https://recording.charlotteclerk.com/Render/ViewDocuments?inFromSearch=INSTRUMENTNUMBER&inDirectReverse=&inFirstName=&inLastName=&inMiddleName=&inBusinessName=&inBookType=&inBook=&inPage=&inStartDate=&inEndDate=&inCaseNumber=&inInstrumentNumber=&inLegal=&inDocumentTypeIds=,www.charlotte.realforeclose.com,2026-09-21T14:53:05+00:00
charlotte,09/29/2026,,402103376005,26-0339,2024-284,,"578 LOMOND DRIVE, PORT CHARLOTTE, FL- 33953",,,22147.15,,Redeemed,TAXDEED,https://www.charlotte.realforeclose.com/index.cfm?zaction=auction&zmethod=details&AID=1517079&bypassPage=1,http://www.ccappraiser.com/Show_parcel.asp?acct=402103376005&gen=T&tax=T&bld=T&oth=T&sal=T&lnd=T&leg=T,https://recording.charlotteclerk.com/Render/ViewDocuments?inFromSearch=INSTRUMENTNUMBER&inDirectReverse=&inFirstName=&inLastName=&inMiddleName=&inBusinessName=&inBookType=&inBook=&inPage=&inStartDate=&inEndDate=&inCaseNumber=&inInstrumentNumber=&inLegal=&inDocumentTypeIds=,www.charlotte.realforeclose.com,2026-09-21T14:53:05+00:00
charlotte,09/29/2026,,402128326014,26-0390,2024-2226,,"4275 SOUTHLAND AVENUE, PORT CHARLOTTE, FL- 33953",,,9495.23,113587.0,Redeemed,TAXDEED,https://www.charlotte.realforeclose.com/index.cfm?zaction=auction&zmethod=details&AID=1517031&bypassPage=1,http://www.ccappraiser.com/Show_parcel.asp?acct=402128326014&gen=T&tax=T&bld=T&oth=T&sal=T&lnd=T&leg=T,https://recording.charlotteclerk.com/Render/ViewDocuments?inFromSearch=INSTRUMENTNUMBER&inDirectReverse=&inFirstName=&inLastName=&inMiddleName=&inBusinessName=&inBookType=&inBook=&inPage=&inStartDate=&inEndDate=&inCaseNumber=&inInstrumentNumber=&inLegal=&inDocumentTypeIds=,www.charlotte.realforeclose.com,2026-09-21T14:53:05+00:00
charlotte,09/29/2026,09:00 AM ET,402128427003,26-0392,2024-2239,,"14407 NEWCOMB ROAD, PORT CHARLOTTE, FL- 33953",,,6157.16,9607.0,09/29/2026 09:00 AM ET,TAXDEED,https://www.charlotte.realforeclose.com/index.cfm?zaction=auction&zmethod=details&AID=1517029&bypassPage=1,http://www.ccappraiser.com/Show_parcel.asp?acct=402128427003&gen=T&tax=T&bld=T&oth=T&sal=T&lnd=T&leg=T,https://recording.charlotteclerk.com/Render/ViewDocuments?inFromSearch=INSTRUMENTNUMBER&inDirectReverse=&inFirstName=&inLastName=&inMiddleName=&inBusinessName=&inBookType=&inBook=&inPage=&inStartDate=&inEndDate=&inCaseNumber=&inInstrumentNumber=&inLegal=&inDocumentTypeIds=,www.charlotte.realforeclose.com,2026-09-21T14:53:05+00:00
charlotte,09/29/2026,09:00 AM ET,402128428009,26-0391,2024-2243,,"14475 PAMBAR AVENUE, PORT CHARLOTTE, FL- 33953",,,5236.86,16272.0,09/29/2026 09:00 AM ET,TAXDEED,https://www.charlotte.realforeclose.com/index.cfm?zaction=auction&zmethod=details&AID=1517030&bypassPage=1,http://www.ccappraiser.com/Show_parcel.asp?acct=402128428009&gen=T&tax=T&bld=T&oth=T&sal=T&lnd=T&leg=T,https://recording.charlotteclerk.com/Render/ViewDocuments?inFromSearch=INSTRUMENTNUMBER&inDirectReverse=&inFirstName=&inLastName=&inMiddleName=&inBusinessName=&inBookType=&inBook=&inPage=&inStartDate=&inEndDate=&inCaseNumber=&inInstrumentNumber=&inLegal=&inDocumentTypeIds=,www.charlotte.realforeclose.com,2026-09-21T14:53:05+00:00
charlotte,09/29/2026,,402214258016,26-0363,2024-3471,,"2300 HAYWORTH ROAD, PORT CHARLOTTE, FL- 33952",,,11706.05,,Redeemed,TAXDEED,https://www.charlotte.realforeclose.com/index.cfm?zaction=auction&zmethod=details&AID=1517053&bypassPage=1,http://www.ccappraiser.com/Show_parcel.asp?acct=402214258016&gen=T&tax=T&bld=T&oth=T&sal=T&lnd=T&leg=T,https://recording.charlotteclerk.com/Render/ViewDocuments?inFromSearch=INSTRUMENTNUMBER&inDirectReverse=&inFirstName=&inLastName=&inMiddleName=&inBusinessName=&inBookType=&inBook=&inPage=&inStartDate=&inEndDate=&inCaseNumber=&inInstrumentNumber=&inLegal=&inDocumentTypeIds=,www.charlotte.realforeclose.com,2026-09-21T14:53:05+00:00
charlotte,09/29/2026,09:00 AM ET,402214313013,26-0394,2024-3477,,"22002 HERNANDO AVENUE, PORT CHARLOTTE, FL- 33952",,,12467.81,156846.0,09/29/2026 09:00 AM ET,TAXDEED,https://www.charlotte.realforeclose.com/index.cfm?zaction=auction&zmethod=details&AID=1517028&bypassPage=1,http://www.ccappraiser.com/Show_parcel.asp?acct=402214313013&gen=T&tax=T&bld=T&oth=T&sal=T&lnd=T&leg=T,https://recording.charlotteclerk.com/Render/ViewDocuments?inFromSearch=INSTRUMENTNUMBER&inDirectReverse=&inFirstName=&inLastName=&inMiddleName=&inBusinessName=&inBookType=&inBook=&inPage=&inStartDate=&inEndDate=&inCaseNumber=&inInstrumentNumber=&inLegal=&inDocumentTypeIds=,www.charlotte.realforeclose.com,2026-09-21T14:53:05+00:00
charlotte,09/29/2026,,402214352004,26-0395,2024-3498,,"22001 BELINDA AVENUE, PORT CHARLOTTE, FL- 33952",,,12492.7,,Redeemed,TAXDEED,https://www.charlotte.realforeclose.com/index.cfm?zaction=auction&zmethod=details&AID=1517025&bypassPage=1,http://www.ccappraiser.com/Show_parcel.asp?acct=402214352004&gen=T&tax=T&bld=T&oth=T&sal=T&lnd=T&leg=T,https://recording.charlotteclerk.com/Render/ViewDocuments?inFromSearch=INSTRUMENTNUMBER&inDirectReverse=&inFirstName=&inLastName=&inMiddleName=&inBusinessName=&inBookType=&inBook=&inPage=&inStartDate=&inEndDate=&inCaseNumber=&inInstrumentNumber=&inLegal=&inDocumentTypeIds=,www.charlotte.realforeclose.com,2026-09-21T14:53:05+00:00
charlotte,09/29/2026,09:00 AM ET,402215251026,26-0381,2024-3551,,"21314 GLENDALE AVE, PORT CHARLOTTE, FL- 33952",,,9139.08,81314.0,09/29/2026 09:00 AM ET,TAXDEED,https://www.charlotte.realforeclose.com/index.cfm?zaction=auction&zmethod=details&AID=1517037&bypassPage=1,http://www.ccappraiser.com/Show_parcel.asp?acct=402215251026&gen=T&tax=T&bld=T&oth=T&sal=T&lnd=T&leg=T,https://recording.charlotteclerk.com/Render/ViewDocuments?inFromSearch=INSTRUMENTNUMBER&inDirectReverse=&inFirstName=&inLastName=&inMiddleName=&inBusinessName=&inBookType=&inBook=&inPage=&inStartDate=&inEndDate=&inCaseNumber=&inInstrumentNumber=&inLegal=&inDocumentTypeIds=,www.charlotte.realforeclose.com,2026-09-21T14:53:05+00:00
charlotte,09/29/2026,09:00 AM ET,402215301002,26-0396,2024-3577,,"2296 PICNIC STREET, PORT CHARLOTTE, FL- 33952",,,8830.63,78049.0,09/29/2026 09:00 AM ET,TAXDEED,https://www.charlotte.realforeclose.com/index.cfm?zaction=auction&zmethod=details&AID=1517024&bypassPage=1,http://www.ccappraiser.com/Show_parcel.asp?acct=402215301002&gen=T&tax=T&bld=T&oth=T&sal=T&lnd=T&leg=T,https://recording.charlotteclerk.com/Render/ViewDocuments?inFromSearch=INSTRUMENTNUMBER&inDirectReverse=&inFirstName=&inLastName=&inMiddleName=&inBusinessName=&inBookType=&inBook=&inPage=&inStartDate=&inEndDate=&inCaseNumber=&inInstrumentNumber=&inLegal=&inDocumentTypeIds=,www.charlotte.realforeclose.com,2026-09-21T14:53:05+00:00
charlotte,09/29/2026,,402216379009,26-0397,2024-3673,,"702 HARTFORD DRIVE, PORT CHARLOTTE, FL- 33952",,,20500.15,,Redeemed,TAXDEED,https://www.charlotte.realforeclose.com/index.cfm?zaction=auction&zmethod=details&AID=1517011&bypassPage=1,http://www.ccappraiser.com/Show_parcel.asp?acct=402216379009&gen=T&tax=T&bld=T&oth=T&sal=T&lnd=T&leg=T,https://recording.charlotteclerk.com/Render/ViewDocuments?inFromSearch=INSTRUMENTNUMBER&inDirectReverse=&inFirstName=&inLastName=&inMiddleName=&inBusinessName=&inBookType=&inBook=&inPage=&inStartDate=&inEndDate=&inCaseNumber=&inInstrumentNumber=&inLegal=&inDocumentTypeIds=,www.charlotte.realforeclose.com,2026-09-21T14:53:05+00:00
charlotte,09/29/2026,09:00 AM ET,402217102022,26-0398,2024-3692,,"1228 FLEETWOOD DRIVE, PORT CHARLOTTE, FL- 33948",,,122140.73,217272.0,09/29/2026 09:00 AM ET,TAXDEED,https://www.charlotte.realforeclose.com/index.cfm?zaction=auction&zmethod=details&AID=1517010&bypassPage=1,http://www.ccappraiser.com/Show_parcel.asp?acct=402217102022&gen=T&tax=T&bld=T&oth=T&sal=T&lnd=T&leg=T,https://recording.charlotteclerk.com/Render/ViewDocuments?inFromSearch=INSTRUMENTNUMBER&inDirectReverse=&inFirstName=&inLastName=&inMiddleName=&inBusinessName=&inBookType=&inBook=&inPage=&inStartDate=&inEndDate=&inCaseNumber=&inInstrumentNumber=&inLegal=&inDocumentTypeIds=,www.charlotte.realforeclose.com,2026-09-21T14:53:05+00:00
charlotte,09/29/2026,,402218131005,26-0338,2024-3761,,"2035 CANNOLOT BOULEVARD, PORT CHARLOTTE, FL- 33948",,,22462.89,335284.0,Redeemed,TAXDEED,https://www.charlotte.realforeclose.com/index.cfm?zaction=auction&zmethod=details&AID=1517080&bypassPage=1,http://www.ccappraiser.com/Show_parcel.asp?acct=402218131005&gen=T&tax=T&bld=T&oth=T&sal=T&lnd=T&leg=T,https://recording.charlotteclerk.com/Render/ViewDocuments?inFromSearch=INSTRUMENTNUMBER&inDirectReverse=&inFirstName=&inLastName=&inMiddleName=&inBusinessName=&inBookType=&inBook=&inPage=&inStartDate=&inEndDate=&inCaseNumber=&inInstrumentNumber=&inLegal=&inDocumentTypeIds=,www.charlotte.realforeclose.com,2026-09-21T14:53:05+00:00
charlotte,09/29/2026,,402218229021,26-0351,2024-3782,,"2095 CARPETGREEN STREET, PORT CHARLOTTE, FL- 33948",,,55450.9,,Redeemed,TAXDEED,https://www.charlotte.realforeclose.com/index.cfm?zaction=auction&zmethod=details&AID=1517069&bypassPage=1,http://www.ccappraiser.com/Show_parcel.asp?acct=402218229021&gen=T&tax=T&bld=T&oth=T&sal=T&lnd=T&leg=T,https://recording.charlotteclerk.com/Render/ViewDocuments?inFromSearch=INSTRUMENTNUMBER&inDirectReverse=&inFirstName=&inLastName=&inMiddleName=&inBusinessName=&inBookType=&inBook=&inPage=&inStartDate=&inEndDate=&inCaseNumber=&inInstrumentNumber=&inLegal=&inDocumentTypeIds=,www.charlotte.realforeclose.com,2026-09-21T14:53:05+00:00
charlotte,09/29/2026,,402221378009,26-0371,2024-4077,,"520 LOWELL AVENUE, PORT CHARLOTTE, FL- 33952",,,122276.1,216178.0,Redeemed,TAXDEED,https://www.charlotte.realforeclose.com/index.cfm?zaction=auction&zmethod=details&AID=1517046&bypassPage=1,http://www.ccappraiser.com/Show_parcel.asp?acct=402221378009&gen=T&tax=T&bld=T&oth=T&sal=T&lnd=T&leg=T,https://recording.charlotteclerk.com/Render/ViewDocuments?inFromSearch=INSTRUMENTNUMBER&inDirectReverse=&inFirstName=&inLastName=&inMiddleName=&inBusinessName=&inBookType=&inBook=&inPage=&inStartDate=&inEndDate=&inCaseNumber=&inInstrumentNumber=&inLegal=&inDocumentTypeIds=,www.charlotte.realforeclose.com,2026-09-21T14:53:05+00:00
charlotte,09/29/2026,09:00 AM ET,402222276014,26-0349,2024-4127,,"3193 CRESTWOOD DRIVE, PORT CHARLOTTE, FL- 33952",,,8188.29,108279.0,09/29/2026 09:00 AM ET,TAXDEED,https://www.charlotte.realforeclose.com/index.cfm?zaction=auction&zmethod=details&AID=1517070&bypassPage=1,http://www.ccappraiser.com/Show_parcel.asp?acct=402222276014&gen=T&tax=T&bld=T&oth=T&sal=T&lnd=T&leg=T,https://recording.charlotteclerk.com/Render/ViewDocuments?inFromSearch=INSTRUMENTNUMBER&inDirectReverse=&inFirstName=&inLastName=&inMiddleName=&inBusinessName=&inBookType=&inBook=&inPage=&inStartDate=&inEndDate=&inCaseNumber=&inInstrumentNumber=&inLegal=&inDocumentTypeIds=,www.charlotte.realforeclose.com,2026-09-21T14:53:05+00:00
charlotte,09/29/2026,09:00 AM ET,402301176013,26-0346,2024-4739,,"187 RICHLAWN AVE, PUNTA GORDA, FL- 33982",,,2500.77,12118.0,09/29/2026 09:00 AM ET,TAXDEED,https://www.charlotte.realforeclose.com/index.cfm?zaction=auction&zmethod=details&AID=1517072&bypassPage=1,http://www.ccappraiser.com/Show_parcel.asp?acct=402301176013&gen=T&tax=T&bld=T&oth=T&sal=T&lnd=T&leg=T,https://recording.charlotteclerk.com/Render/ViewDocuments?inFromSearch=INSTRUMENTNUMBER&inDirectReverse=&inFirstName=&inLastName=&inMiddleName=&inBusinessName=&inBookType=&inBook=&inPage=&inStartDate=&inEndDate=&inCaseNumber=&inInstrumentNumber=&inLegal=&inDocumentTypeIds=,www.charlotte.realforeclose.com,2026-09-21T14:53:05+00:00
charlotte,09/29/2026,09:00 AM ET,402301203004,26-0345,2024-4756,,"29351 NOTTINGHAM RD, PUNTA GORDA, FL- 33982",,,2478.19,12260.0,09/29/2026 09:00 AM ET,TAXDEED,https://www.charlotte.realforeclose.com/index.cfm?zaction=auction&zmethod=details&AID=1517073&bypassPage=1,http://www.ccappraiser.com/Show_parcel.asp?acct=402301203004&gen=T&tax=T&bld=T&oth=T&sal=T&lnd=T&leg=T,https://recording.charlotteclerk.com/Render/ViewDocuments?inFromSearch=INSTRUMENTNUMBER&inDirectReverse=&inFirstName=&inLastName=&inMiddleName=&inBusinessName=&inBookType=&inBook=&inPage=&inStartDate=&inEndDate=&inCaseNumber=&inInstrumentNumber=&inLegal=&inDocumentTypeIds=,www.charlotte.realforeclose.com,2026-09-21T14:53:05+00:00
charlotte,09/29/2026,,402301330017,26-0359,2024-4803,,,,,2346.12,,Redeemed,TAXDEED,https://www.charlotte.realforeclose.com/index.cfm?zaction=auction&zmethod=details&AID=1517064&bypassPage=1,http://www.ccappraiser.com/Show_parcel.asp?acct=402301330017&gen=T&tax=T&bld=T&oth=T&sal=T&lnd=T&leg=T,https://recording.charlotteclerk.com/Render/ViewDocuments?inFromSearch=INSTRUMENTNUMBER&inDirectReverse=&inFirstName=&inLastName=&inMiddleName=&inBusinessName=&inBookType=&inBook=&inPage=&inStartDate=&inEndDate=&inCaseNumber=&inInstrumentNumber=&inLegal=&inDocumentTypeIds=,www.charlotte.realforeclose.com,2026-09-21T14:53:05+00:00
charlotte,09/29/2026,,402301330018,26-0362,2024-4804,,,,,2539.05,,Redeemed,TAXDEED,https://www.charlotte.realforeclose.com/index.cfm?zaction=auction&zmethod=details&AID=1517054&bypassPage=1,http://www.ccappraiser.com/Show_parcel.asp?acct=402301330018&gen=T&tax=T&bld=T&oth=T&sal=T&lnd=T&leg=T,https://recording.charlotteclerk.com/Render/ViewDocuments?inFromSearch=INSTRUMENTNUMBER&inDirectReverse=&inFirstName=&inLastName=&inMiddleName=&inBusinessName=&inBookType=&inBook=&inPage=&inStartDate=&inEndDate=&inCaseNumber=&inInstrumentNumber=&inLegal=&inDocumentTypeIds=,www.charlotte.realforeclose.com,2026-09-21T14:53:05+00:00
charlotte,09/29/2026,09:00 AM ET,402301431024,26-0343,2024-4841,,"335 DUNCAN RD, PUNTA GORDA, FL- 33982",,,2505.28,15839.0,09/29/2026 09:00 AM ET,TAXDEED,https://www.charlotte.realforeclose.com/index.cfm?zaction=auction&zmethod=details&AID=1517075&bypassPage=1,http://www.ccappraiser.com/Show_parcel.asp?acct=402301431024&gen=T&tax=T&bld=T&oth=T&sal=T&lnd=T&leg=T,https://recording.charlotteclerk.com/Render/ViewDocuments?inFromSearch=INSTRUMENTNUMBER&inDirectReverse=&inFirstName=&inLastName=&inMiddleName=&inBusinessName=&inBookType=&inBook=&inPage=&inStartDate=&inEndDate=&inCaseNumber=&inInstrumentNumber=&inLegal=&inDocumentTypeIds=,www.charlotte.realforeclose.com,2026-09-21T14:53:05+00:00
charlotte,09/29/2026,09:00 AM ET,402301431026,26-0344,2024-4842,,"345 DUNCAN RD, PUNTA GORDA, FL- 33982",,,2505.28,15839.0,09/29/2026 09:00 AM ET,TAXDEED,https://www.charlotte.realforeclose.com/index.cfm?zaction=auction&zmethod=details&AID=1517074&bypassPage=1,http://www.ccappraiser.com/Show_parcel.asp?acct=402301431026&gen=T&tax=T&bld=T&oth=T&sal=T&lnd=T&leg=T,https://recording.charlotteclerk.com/Render/ViewDocuments?inFromSearch=INSTRUMENTNUMBER&inDirectReverse=&inFirstName=&inLastName=&inMiddleName=&inBusinessName=&inBookType=&inBook=&inPage=&inStartDate=&inEndDate=&inCaseNumber=&inInstrumentNumber=&inLegal=&inDocumentTypeIds=,www.charlotte.realforeclose.com,2026-09-21T14:53:05+00:00
charlotte,09/29/2026,09:00 AM ET,402310333004,26-0342,2024-5143,,"1352 DANILOVA DR, PUNTA GORDA, FL- 33983",,,1842.34,17990.0,09/29/2026 09:00 AM ET,TAXDEED,https://www.charlotte.realforeclose.com/index.cfm?zaction=auction&zmethod=details&AID=1517076&bypassPage=1,http://www.ccappraiser.com/Show_parcel.asp?acct=402310333004&gen=T&tax=T&bld=T&oth=T&sal=T&lnd=T&leg=T,https://recording.charlotteclerk.com/Render/ViewDocuments?inFromSearch=INSTRUMENTNUMBER&inDirectReverse=&inFirstName=&inLastName=&inMiddleName=&inBusinessName=&inBookType=&inBook=&inPage=&inStartDate=&inEndDate=&inCaseNumber=&inInstrumentNumber=&inLegal=&inDocumentTypeIds=,www.charlotte.realforeclose.com,2026-09-21T14:53:05+00:00
charlotte,09/29/2026,,402315307016,26-0364,2024-5380,,"2371 CALIOPE DR, PUNTA GORDA, FL- 33983",,,1584.71,8323.0,Redeemed,TAXDEED,https://www.charlotte.realforeclose.com/index.cfm?zaction=auction&zmethod=details&AID=1517052&bypassPage=1,http://www.ccappraiser.com/Show_parcel.asp?acct=402315307016&gen=T&tax=T&bld=T&oth=T&sal=T&lnd=T&leg=T,https://recording.charlotteclerk.com/Render/ViewDocuments?inFromSearch=INSTRUMENTNUMBER&inDirectReverse=&inFirstName=&inLastName=&inMiddleName=&inBusinessName=&inBookType=&inBook=&inPage=&inStartDate=&inEndDate=&inCaseNumber=&inInstrumentNumber=&inLegal=&inDocumentTypeIds=,www.charlotte.realforeclose.com,2026-09-21T14:53:05+00:00
charlotte,09/29/2026,09:00 AM ET,402315452002,26-0365,2024-5424,,"27315 VILLAGE PL, PUNTA GORDA, FL- 33983",,,1281.69,8670.0,09/29/2026 09:00 AM ET,TAXDEED,https://www.charlotte.realforeclose.com/index.cfm?zaction=auction&zmethod=details&AID=1517051&bypassPage=1,http://www.ccappraiser.com/Show_parcel.asp?acct=402315452002&gen=T&tax=T&bld=T&oth=T&sal=T&lnd=T&leg=T,https://recording.charlotteclerk.com/Render/ViewDocuments?inFromSearch=INSTRUMENTNUMBER&inDirectReverse=&inFirstName=&inLastName=&inMiddleName=&inBusinessName=&inBookType=&inBook=&inPage=&inStartDate=&inEndDate=&inCaseNumber=&inInstrumentNumber=&inLegal=&inDocumentTypeIds=,www.charlotte.realforeclose.com,2026-09-21T14:53:05+00:00
charlotte,09/29/2026,09:00 AM ET,402326477007,26-0347,2024-5645,,"6653 ORANGE BLOSSOM LANE, PUNTA GORDA, FL- 33982",,,6595.0,53239.0,09/29/2026 09:00 AM ET,TAXDEED,https://www.charlotte.realforeclose.com/index.cfm?zaction=auction&zmethod=details&AID=1517071&bypassPage=1,http://www.ccappraiser.com/Show_parcel.asp?acct=402326477007&gen=T&tax=T&bld=T&oth=T&sal=T&lnd=T&leg=T,https://recording.charlotteclerk.com/Render/ViewDocuments?inFromSearch=INSTRUMENTNUMBER&inDirectReverse=&inFirstName=&inLastName=&inMiddleName=&inBusinessName=&inBookType=&inBook=&inPage=&inStartDate=&inEndDate=&inCaseNumber=&inInstrumentNumber=&inLegal=&inDocumentTypeIds=,www.charlotte.realforeclose.com,2026-09-21T14:53:05+00:00
charlotte,09/29/2026,,402334236001,26-0340,2024-5708,,"5353 BEECHWOOD STREET, PUNTA GORDA, FL- 33982",,,196992.34,,Redeemed,TAXDEED,https://www.charlotte.realforeclose.com/index.cfm?zaction=auction&zmethod=details&AID=1517078&bypassPage=1,http://www.ccappraiser.com/Show_parcel.asp?acct=402334236001&gen=T&tax=T&bld=T&oth=T&sal=T&lnd=T&leg=T,https://recording.charlotteclerk.com/Render/ViewDocuments?inFromSearch=INSTRUMENTNUMBER&inDirectReverse=&inFirstName=&inLastName=&inMiddleName=&inBusinessName=&inBookType=&inBook=&inPage=&inStartDate=&inEndDate=&inCaseNumber=&inInstrumentNumber=&inLegal=&inDocumentTypeIds=,www.charlotte.realforeclose.com,2026-09-21T14:53:05+00:00
charlotte,09/29/2026,09:00 AM ET,402335128007,26-0367,2024-5728,,"1414 INDIANA DRIVE WAY, PUNTA GORDA, FL- 33982",,,1521.73,13604.0,09/29/2026 09:00 AM ET,TAXDEED,https://www.charlotte.realforeclose.com/index.cfm?zaction=auction&zmethod=details&AID=1517049&bypassPage=1,http://www.ccappraiser.com/Show_parcel.asp?acct=402335128007&gen=T&tax=T&bld=T&oth=T&sal=T&lnd=T&leg=T,https://recording.charlotteclerk.com/Render/ViewDocuments?inFromSearch=INSTRUMENTNUMBER&inDirectReverse=&inFirstName=&inLastName=&inMiddleName=&inBusinessName=&inBookType=&inBook=&inPage=&inStartDate=&inEndDate=&inCaseNumber=&inInstrumentNumber=&inLegal=&inDocumentTypeIds=,www.charlotte.realforeclose.com,2026-09-21T14:53:05+00:00
charlotte,09/29/2026,,412001376013,26-0368,2024-6055,,"11239 KIMBERLY AVE, ENGLEWOOD, FL- 34224",,,4387.01,32895.0,Redeemed,TAXDEED,https://www.charlotte.realforeclose.com/index.cfm?zaction=auction&zmethod=details&AID=1517048&bypassPage=1,http://www.ccappraiser.com/Show_parcel.asp?acct=412001376013&gen=T&tax=T&bld=T&oth=T&sal=T&lnd=T&leg=T,https://recording.charlotteclerk.com/Render/ViewDocuments?inFromSearch=INSTRUMENTNUMBER&inDirectReverse=&inFirstName=&inLastName=&inMiddleName=&inBusinessName=&inBookType=&inBook=&inPage=&inStartDate=&inEndDate=&inCaseNumber=&inInstrumentNumber=&inLegal=&inDocumentTypeIds=,www.charlotte.realforeclose.com,2026-09-21T14:53:05+00:00
charlotte,09/29/2026,09:00 AM ET,412010379010,26-0382,2024-6419,,"7482 CAPITAL HEIGHTS ST, ENGLEWOOD, FL- 34224",,,15070.5,204041.0,09/29/2026 09:00 AM ET,TAXDEED,https://www.charlotte.realforeclose.com/index.cfm?zaction=auction&zmethod=details&AID=1517036&bypassPage=1,http://www.ccappraiser.com/Show_parcel.asp?acct=412010379010&gen=T&tax=T&bld=T&oth=T&sal=T&lnd=T&leg=T,https://recording.charlotteclerk.com/Render/ViewDocuments?inFromSearch=INSTRUMENTNUMBER&inDirectReverse=&inFirstName=&inLastName=&inMiddleName=&inBusinessName=&inBookType=&inBook=&inPage=&inStartDate=&inEndDate=&inCaseNumber=&inInstrumentNumber=&inLegal=&inDocumentTypeIds=,www.charlotte.realforeclose.com,2026-09-21T14:53:05+00:00
charlotte,09/29/2026,09:00 AM ET,412017428003,26-0373,2024-6758,,"3174 QUAIL COURT, ENGLEWOOD, FL- 34224",,,8012.79,65051.0,09/29/2026 09:00 AM ET,TAXDEED,https://www.charlotte.realforeclose.com/index.cfm?zaction=auction&zmethod=details&AID=1517044&bypassPage=1,http://www.ccappraiser.com/Show_parcel.asp?acct=412017428003&gen=T&tax=T&bld=T&oth=T&sal=T&lnd=T&leg=T,https://recording.charlotteclerk.com/Render/ViewDocuments?inFromSearch=INSTRUMENTNUMBER&inDirectReverse=&inFirstName=&inLastName=&inMiddleName=&inBusinessName=&inBookType=&inBook=&inPage=&inStartDate=&inEndDate=&inCaseNumber=&inInstrumentNumber=&inLegal=&inDocumentTypeIds=,www.charlotte.realforeclose.com,2026-09-21T14:53:05+00:00
charlotte,09/29/2026,09:00 AM ET,412106182015,26-0361,2024-7171,,"12256 NEWGATE AVE, PORT CHARLOTTE, FL- 33981",,,3064.74,7682.0,09/29/2026 09:00 AM ET,TAXDEED,https://www.charlotte.realforeclose.com/index.cfm?zaction=auction&zmethod=details&AID=1517055&bypassPage=1,http://www.ccappraiser.com/Show_parcel.asp?acct=412106182015&gen=T&tax=T&bld=T&oth=T&sal=T&lnd=T&leg=T,https://recording.charlotteclerk.com/Render/ViewDocuments?inFromSearch=INSTRUMENTNUMBER&inDirectReverse=&inFirstName=&inLastName=&inMiddleName=&inBusinessName=&inBookType=&inBook=&inPage=&inStartDate=&inEndDate=&inCaseNumber=&inInstrumentNumber=&inLegal=&inDocumentTypeIds=,www.charlotte.realforeclose.com,2026-09-21T14:53:05+00:00
charlotte,09/29/2026,,412117307001,26-0372,2024-7625,,"45 DONLON DR, ROTONDA WEST, FL- 33947",,,6328.92,19843.0,Redeemed,TAXDEED,https://www.charlotte.realforeclose.com/index.cfm?zaction=auction&zmethod=details&AID=1517045&bypassPage=1,http://www.ccappraiser.com/Show_parcel.asp?acct=412117307001&gen=T&tax=T&bld=T&oth=T&sal=T&lnd=T&leg=T,https://recording.charlotteclerk.com/Render/ViewDocuments?inFromSearch=INSTRUMENTNUMBER&inDirectReverse=&inFirstName=&inLastName=&inMiddleName=&inBusinessName=&inBookType=&inBook=&inPage=&inStartDate=&inEndDate=&inCaseNumber=&inInstrumentNumber=&inLegal=&inDocumentTypeIds=,www.charlotte.realforeclose.com,2026-09-21T14:53:05+00:00
charlotte,09/29/2026,,412117307004,26-0383,2024-7626,,"27 DONLON DR, ROTONDA WEST, FL- 33947",,,6304.18,19843.0,Redeemed,TAXDEED,https://www.charlotte.realforeclose.com/index.cfm?zaction=auction&zmethod=details&AID=1517035&bypassPage=1,http://www.ccappraiser.com/Show_parcel.asp?acct=412117307004&gen=T&tax=T&bld=T&oth=T&sal=T&lnd=T&leg=T,https://recording.charlotteclerk.com/Render/ViewDocuments?inFromSearch=INSTRUMENTNUMBER&inDirectReverse=&inFirstName=&inLastName=&inMiddleName=&inBusinessName=&inBookType=&inBook=&inPage=&inStartDate=&inEndDate=&inCaseNumber=&inInstrumentNumber=&inLegal=&inDocumentTypeIds=,www.charlotte.realforeclose.com,2026-09-21T14:53:05+00:00
charlotte,09/29/2026,,412117307005,26-0352,2024-7627,,"23 DONLON DR, ROTONDA WEST, FL- 33947",,,6750.81,21827.0,Redeemed,TAXDEED,https://www.charlotte.realforeclose.com/index.cfm?zaction=auction&zmethod=details&AID=1517068&bypassPage=1,http://www.ccappraiser.com/Show_parcel.asp?acct=412117307005&gen=T&tax=T&bld=T&oth=T&sal=T&lnd=T&leg=T,https://recording.charlotteclerk.com/Render/ViewDocuments?inFromSearch=INSTRUMENTNUMBER&inDirectReverse=&inFirstName=&inLastName=&inMiddleName=&inBusinessName=&inBookType=&inBook=&inPage=&inStartDate=&inEndDate=&inCaseNumber=&inInstrumentNumber=&inLegal=&inDocumentTypeIds=,www.charlotte.realforeclose.com,2026-09-21T14:53:05+00:00
charlotte,09/29/2026,09:00 AM ET,412117328011,26-0353,2024-7631,,"317 INGRAM BLVD, ROTONDA WEST, FL- 33947",,,4246.44,37294.0,09/29/2026 09:00 AM ET,TAXDEED,https://www.charlotte.realforeclose.com/index.cfm?zaction=auction&zmethod=details&AID=1517067&bypassPage=1,http://www.ccappraiser.com/Show_parcel.asp?acct=412117328011&gen=T&tax=T&bld=T&oth=T&sal=T&lnd=T&leg=T,https://recording.charlotteclerk.com/Render/ViewDocuments?inFromSearch=INSTRUMENTNUMBER&inDirectReverse=&inFirstName=&inLastName=&inMiddleName=&inBusinessName=&inBookType=&inBook=&inPage=&inStartDate=&inEndDate=&inCaseNumber=&inInstrumentNumber=&inLegal=&inDocumentTypeIds=,www.charlotte.realforeclose.com,2026-09-21T14:53:05+00:00
charlotte,09/29/2026,09:00 AM ET,412129157024,26-0370,2024-8303,,"10185 GASPARILLA RD, PORT CHARLOTTE, FL- 33981",,,2518.91,16150.0,09/29/2026 09:00 AM ET,TAXDEED,https://www.charlotte.realforeclose.com/index.cfm?zaction=auction&zmethod=details&AID=1517047&bypassPage=1,http://www.ccappraiser.com/Show_parcel.asp?acct=412129157024&gen=T&tax=T&bld=T&oth=T&sal=T&lnd=T&leg=T,https://recording.charlotteclerk.com/Render/ViewDocuments?inFromSearch=INSTRUMENTNUMBER&inDirectReverse=&inFirstName=&inLastName=&inMiddleName=&inBusinessName=&inBookType=&inBook=&inPage=&inStartDate=&inEndDate=&inCaseNumber=&inInstrumentNumber=&inLegal=&inDocumentTypeIds=,www.charlotte.realforeclose.com,2026-09-21T14:53:05+00:00
charlotte,09/29/2026,09:00 AM ET,412308377010,26-0366,2024-9273,,"1322 HEMLOCK AVENUE, PUNTA GORDA, FL- 33950",,,6545.76,44684.0,09/29/2026 09:00 AM ET,TAXDEED,https://www.charlotte.realforeclose.com/index.cfm?zaction=auction&zmethod=details&AID=1517050&bypassPage=1,http://www.ccappraiser.com/Show_parcel.asp?acct=412308377010&gen=T&tax=T&bld=T&oth=T&sal=T&lnd=T&leg=T,https://recording.charlotteclerk.com/Render/ViewDocuments?inFromSearch=INSTRUMENTNUMBER&inDirectReverse=&inFirstName=&inLastName=&inMiddleName=&inBusinessName=&inBookType=&inBook=&inPage=&inStartDate=&inEndDate=&inCaseNumber=&inInstrumentNumber=&inLegal=&inDocumentTypeIds=,www.charlotte.realforeclose.com,2026-09-21T14:53:05+00:00
charlotte,09/29/2026,,412318427006,26-0358,2024-9442,,"3500 ARECA STREET, PUNTA GORDA, FL- 33950",,,7847.38,21457.0,Redeemed,TAXDEED,https://www.charlotte.realforeclose.com/index.cfm?zaction=auction&zmethod=details&AID=1517065&bypassPage=1,http://www.ccappraiser.com/Show_parcel.asp?acct=412318427006&gen=T&tax=T&bld=T&oth=T&sal=T&lnd=T&leg=T,https://recording.charlotteclerk.com/Render/ViewDocuments?inFromSearch=INSTRUMENTNUMBER&inDirectReverse=&inFirstName=&inLastName=&inMiddleName=&inBusinessName=&inBookType=&inBook=&inPage=&inStartDate=&inEndDate=&inCaseNumber=&inInstrumentNumber=&inLegal=&inDocumentTypeIds=,www.charlotte.realforeclose.com,2026-09-21T14:53:05+00:00
charlotte,09/29/2026,09:00 AM ET,412327154012,26-0386,2024-9515,,"6220 QUINCE STREET, PUNTA GORDA, FL- 33950",,,5384.83,13589.0,09/29/2026 09:00 AM ET,TAXDEED,https://www.charlotte.realforeclose.com/index.cfm?zaction=auction&zmethod=details&AID=1517033&bypassPage=1,http://www.ccappraiser.com/Show_parcel.asp?acct=412327154012&gen=T&tax=T&bld=T&oth=T&sal=T&lnd=T&leg=T,https://recording.charlotteclerk.com/Render/ViewDocuments?inFromSearch=INSTRUMENTNUMBER&inDirectReverse=&inFirstName=&inLastName=&inMiddleName=&inBusinessName=&inBookType=&inBook=&inPage=&inStartDate=&inEndDate=&inCaseNumber=&inInstrumentNumber=&inLegal=&inDocumentTypeIds=,www.charlotte.realforeclose.com,2026-09-21T14:53:05+00:00
charlotte,09/29/2026,09:00 AM ET,412334182013,26-0375,2024-9695,,"11338 FIRST AVENUE, PUNTA GORDA, FL- 33955",,,14146.92,20360.0,09/29/2026 09:00 AM ET,TAXDEED,https://www.charlotte.realforeclose.com/index.cfm?zaction=auction&zmethod=details&AID=1517042&bypassPage=1,http://www.ccappraiser.com/Show_parcel.asp?acct=412334182013&gen=T&tax=T&bld=T&oth=T&sal=T&lnd=T&leg=T,https://recording.charlotteclerk.com/Render/ViewDocuments?inFromSearch=INSTRUMENTNUMBER&inDirectReverse=&inFirstName=&inLastName=&inMiddleName=&inBusinessName=&inBookType=&inBook=&inPage=&inStartDate=&inEndDate=&inCaseNumber=&inInstrumentNumber=&inLegal=&inDocumentTypeIds=,www.charlotte.realforeclose.com,2026-09-21T14:53:05+00:00
charlotte,09/29/2026,09:00 AM ET,412334252003,26-0341,2024-9717,,"15387 MANGO DRIVE, PUNTA GORDA, FL- 33955",,,39375.01,69004.0,09/29/2026 09:00 AM ET,TAXDEED,https://www.charlotte.realforeclose.com/index.cfm?zaction=auction&zmethod=details&AID=1517077&bypassPage=1,http://www.ccappraiser.com/Show_parcel.asp?acct=412334252003&gen=T&tax=T&bld=T&oth=T&sal=T&lnd=T&leg=T,https://recording.charlotteclerk.com/Render/ViewDocuments?inFromSearch=INSTRUMENTNUMBER&inDirectReverse=&inFirstName=&inLastName=&inMiddleName=&inBusinessName=&inBookType=&inBook=&inPage=&inStartDate=&inEndDate=&inCaseNumber=&inInstrumentNumber=&inLegal=&inDocumentTypeIds=,www.charlotte.realforeclose.com,2026-09-21T14:53:05+00:00
charlotte,09/29/2026,09:00 AM ET,422012152004,26-0374,2024-9826,,"12421 CORAL VISTA CIRCLE, PLACIDA, FL- 33946",,,14789.09,236878.0,09/29/2026 09:00 AM ET,TAXDEED,https://www.charlotte.realforeclose.com/index.cfm?zaction=auction&zmethod=details&AID=1517043&bypassPage=1,http://www.ccappraiser.com/Show_parcel.asp?acct=422012152004&gen=T&tax=T&bld=T&oth=T&sal=T&lnd=T&leg=T,https://recording.charlotteclerk.com/Render/ViewDocuments?inFromSearch=INSTRUMENTNUMBER&inDirectReverse=&inFirstName=&inLastName=&inMiddleName=&inBusinessName=&inBookType=&inBook=&inPage=&inStartDate=&inEndDate=&inCaseNumber=&inInstrumentNumber=&inLegal=&inDocumentTypeIds=,www.charlotte.realforeclose.com,2026-09-21T14:53:05+00:00
charlotte,09/29/2026,,422104206002,26-0377,2024-9898,,,,,2060.74,,Redeemed,TAXDEED,https://www.charlotte.realforeclose.com/index.cfm?zaction=auction&zmethod=details&AID=1517041&bypassPage=1,http://www.ccappraiser.com/Show_parcel.asp?acct=422104206002&gen=T&tax=T&bld=T&oth=T&sal=T&lnd=T&leg=T,https://recording.charlotteclerk.com/Render/ViewDocuments?inFromSearch=INSTRUMENTNUMBER&inDirectReverse=&inFirstName=&inLastName=&inMiddleName=&inBusinessName=&inBookType=&inBook=&inPage=&inStartDate=&inEndDate=&inCaseNumber=&inInstrumentNumber=&inLegal=&inDocumentTypeIds=,www.charlotte.realforeclose.com,2026-09-21T14:53:05+00:00
charlotte,09/29/2026,,422109201001,26-0354,2024-10222,,,,,2693.4,,Redeemed,TAXDEED,https://www.charlotte.realforeclose.com/index.cfm?zaction=auction&zmethod=details&AID=1517066&bypassPage=1,http://www.ccappraiser.com/Show_parcel.asp?acct=422109201001&gen=T&tax=T&bld=T&oth=T&sal=T&lnd=T&leg=T,https://recording.charlotteclerk.com/Render/ViewDocuments?inFromSearch=INSTRUMENTNUMBER&inDirectReverse=&inFirstName=&inLastName=&inMiddleName=&inBusinessName=&inBookType=&inBook=&inPage=&inStartDate=&inEndDate=&inCaseNumber=&inInstrumentNumber=&inLegal=&inDocumentTypeIds=,www.charlotte.realforeclose.com,2026-09-21T14:53:05+00:00
charlotte,09/29/2026,,422109205001,26-0379,2024-10229,,,,,12876.72,,Redeemed,TAXDEED,https://www.charlotte.realforeclose.com/index.cfm?zaction=auction&zmethod=details&AID=1517039&bypassPage=1,http://www.ccappraiser.com/Show_parcel.asp?acct=422109205001&gen=T&tax=T&bld=T&oth=T&sal=T&lnd=T&leg=T,https://recording.charlotteclerk.com/Render/ViewDocuments?inFromSearch=INSTRUMENTNUMBER&inDirectReverse=&inFirstName=&inLastName=&inMiddleName=&inBusinessName=&inBookType=&inBook=&inPage=&inStartDate=&inEndDate=&inCaseNumber=&inInstrumentNumber=&inLegal=&inDocumentTypeIds=,www.charlotte.realforeclose.com,2026-09-21T14:53:05+00:00
charlotte,09/29/2026,,422109254001,26-0380,2024-10245,,,,,37029.8,,Redeemed,TAXDEED,https://www.charlotte.realforeclose.com/index.cfm?zaction=auction&zmethod=details&AID=1517038&bypassPage=1,http://www.ccappraiser.com/Show_parcel.asp?acct=422109254001&gen=T&tax=T&bld=T&oth=T&sal=T&lnd=T&leg=T,https://recording.charlotteclerk.com/Render/ViewDocuments?inFromSearch=INSTRUMENTNUMBER&inDirectReverse=&inFirstName=&inLastName=&inMiddleName=&inBusinessName=&inBookType=&inBook=&inPage=&inStartDate=&inEndDate=&inCaseNumber=&inInstrumentNumber=&inLegal=&inDocumentTypeIds=,www.charlotte.realforeclose.com,2026-09-21T14:53:05+00:00
charlotte,09/29/2026,,422302453004,26-0385,2024-10412,,,,,2581.52,,Redeemed,TAXDEED,https://www.charlotte.realforeclose.com/index.cfm?zaction=auction&zmethod=details&AID=1517034&bypassPage=1,http://www.ccappraiser.com/Show_parcel.asp?acct=422302453004&gen=T&tax=T&bld=T&oth=T&sal=T&lnd=T&leg=T,https://recording.charlotteclerk.com/Render/ViewDocuments?inFromSearch=INSTRUMENTNUMBER&inDirectReverse=&inFirstName=&inLastName=&inMiddleName=&inBusinessName=&inBookType=&inBook=&inPage=&inStartDate=&inEndDate=&inCaseNumber=&inInstrumentNumber=&inLegal=&inDocumentTypeIds=,www.charlotte.realforeclose.com,2026-09-21T14:53:05+00:00
charlotte,09/29/2026,,422302459003,26-0360,2024-10418,,,,,1444.19,,Redeemed,TAXDEED,https://www.charlotte.realforeclose.com/index.cfm?zaction=auction&zmethod=details&AID=1517063&bypassPage=1,http://www.ccappraiser.com/Show_parcel.asp?acct=422302459003&gen=T&tax=T&bld=T&oth=T&sal=T&lnd=T&leg=T,https://recording.charlotteclerk.com/Render/ViewDocuments?inFromSearch=INSTRUMENTNUMBER&inDirectReverse=&inFirstName=&inLastName=&inMiddleName=&inBusinessName=&inBookType=&inBook=&inPage=&inStartDate=&inEndDate=&inCaseNumber=&inInstrumentNumber=&inLegal=&inDocumentTypeIds=,www.charlotte.realforeclose.com,2026-09-21T14:53:05+00:00
charlotte,09/29/2026,,422310252020,26-0291,2024-10700,,"27322 NASSAU DR, PUNTA GORDA, FL- 33955",,,2058.39,10200.0,Redeemed,TAXDEED,https://www.charlotte.realforeclose.com/index.cfm?zaction=auction&zmethod=details&AID=1517081&bypassPage=1,http://www.ccappraiser.com/Show_parcel.asp?acct=422310252020&gen=T&tax=T&bld=T&oth=T&sal=T&lnd=T&leg=T,https://recording.charlotteclerk.com/Render/ViewDocuments?inFromSearch=INSTRUMENTNUMBER&inDirectReverse=&inFirstName=&inLastName=&inMiddleName=&inBusinessName=&inBookType=&inBook=&inPage=&inStartDate=&inEndDate=&inCaseNumber=&inInstrumentNumber=&inLegal=&inDocumentTypeIds=,www.charlotte.realforeclose.com,2026-09-21T14:53:05+00:00
charlotte,09/29/2026,09:00 AM ET,422310331008,26-0378,2024-10748,,"13386 RODIN DR, PUNTA GORDA, FL- 33955",,,2127.5,10200.0,09/29/2026 09:00 AM ET,TAXDEED,https://www.charlotte.realforeclose.com/index.cfm?zaction=auction&zmethod=details&AID=1517040&bypassPage=1,http://www.ccappraiser.com/Show_parcel.asp?acct=422310331008&gen=T&tax=T&bld=T&oth=T&sal=T&lnd=T&leg=T,https://recording.charlotteclerk.com/Render/ViewDocuments?inFromSearch=INSTRUMENTNUMBER&inDirectReverse=&inFirstName=&inLastName=&inMiddleName=&inBusinessName=&inBookType=&inBook=&inPage=&inStartDate=&inEndDate=&inCaseNumber=&inInstrumentNumber=&inLegal=&inDocumentTypeIds=,www.charlotte.realforeclose.com,2026-09-21T14:53:05+00:00
charlotte,09/29/2026,,422524300003,26-0144,2023-11817,,,,,20109.42,,Redeemed,TAXDEED,https://www.charlotte.realforeclose.com/index.cfm?zaction=auction&zmethod=details&AID=1517082&bypassPage=1,http://www.ccappraiser.com/Show_parcel.asp?acct=422524300003&gen=T&tax=T&bld=T&oth=T&sal=T&lnd=T&leg=T,https://recording.charlotteclerk.com/Render/ViewDocuments?inFromSearch=INSTRUMENTNUMBER&inDirectReverse=&inFirstName=&inLastName=&inMiddleName=&inBusinessName=&inBookType=&inBook=&inPage=&inStartDate=&inEndDate=&inCaseNumber=&inInstrumentNumber=&inLegal=&inDocumentTypeIds=,www.charlotte.realforeclose.com,2026-09-21T14:53:05+00:00
charlotte,10/06/2026,,402101302020,26-0435,2024-58,,"17096 BEST AVENUE, PORT CHARLOTTE, FL- 33954",,,12455.07,,Redeemed,TAXDEED,https://www.charlotte.realforeclose.com/index.cfm?zaction=auction&zmethod=details&AID=1518097&bypassPage=1,http://www.ccappraiser.com/Show_parcel.asp?acct=402101302020&gen=T&tax=T&bld=T&oth=T&sal=T&lnd=T&leg=T,https://recording.charlotteclerk.com/Render/ViewDocuments?inFromSearch=INSTRUMENTNUMBER&inDirectReverse=&inFirstName=&inLastName=&inMiddleName=&inBusinessName=&inBookType=&inBook=&inPage=&inStartDate=&inEndDate=&inCaseNumber=&inInstrumentNumber=&inLegal=&inDocumentTypeIds=,www.charlotte.realforeclose.com,2026-09-21T14:53:15+00:00
charlotte,10/06/2026,09:00 AM ET,402103177001,26-0446,2023-247,,"15153 DAHLGREN AVE, PORT CHARLOTTE, FL- 33953",,,2965.96,5750.0,10/06/2026 09:00 AM ET,TAXDEED,https://www.charlotte.realforeclose.com/index.cfm?zaction=auction&zmethod=details&AID=1518090&bypassPage=1,http://www.ccappraiser.com/Show_parcel.asp?acct=402103177001&gen=T&tax=T&bld=T&oth=T&sal=T&lnd=T&leg=T,https://recording.charlotteclerk.com/Render/ViewDocuments?inFromSearch=INSTRUMENTNUMBER&inDirectReverse=&inFirstName=&inLastName=&inMiddleName=&inBusinessName=&inBookType=&inBook=&inPage=&inStartDate=&inEndDate=&inCaseNumber=&inInstrumentNumber=&inLegal=&inDocumentTypeIds=,www.charlotte.realforeclose.com,2026-09-21T14:53:15+00:00
charlotte,10/06/2026,,402104176014,26-0436,2024-324,,"14164 HANOVER AVE, PORT CHARLOTTE, FL- 33953",,,2483.78,11475.0,Redeemed,TAXDEED,https://www.charlotte.realforeclose.com/index.cfm?zaction=auction&zmethod=details&AID=1518096&bypassPage=1,http://www.ccappraiser.com/Show_parcel.asp?acct=402104176014&gen=T&tax=T&bld=T&oth=T&sal=T&lnd=T&leg=T,https://recording.charlotteclerk.com/Render/ViewDocuments?inFromSearch=INSTRUMENTNUMBER&inDirectReverse=&inFirstName=&inLastName=&inMiddleName=&inBusinessName=&inBookType=&inBook=&inPage=&inStartDate=&inEndDate=&inCaseNumber=&inInstrumentNumber=&inLegal=&inDocumentTypeIds=,www.charlotte.realforeclose.com,2026-09-21T14:53:15+00:00
charlotte,10/06/2026,09:00 AM ET,402107182009,26-0437,2024-858,,"12262 ENDICOTT LN, PORT CHARLOTTE, FL- 33953",,,2283.91,5227.0,10/06/2026 09:00 AM ET,TAXDEED,https://www.charlotte.realforeclose.com/index.cfm?zaction=auction&zmethod=details&AID=1518095&bypassPage=1,http://www.ccappraiser.com/Show_parcel.asp?acct=402107182009&gen=T&tax=T&bld=T&oth=T&sal=T&lnd=T&leg=T,https://recording.charlotteclerk.com/Render/ViewDocuments?inFromSearch=INSTRUMENTNUMBER&inDirectReverse=&inFirstName=&inLastName=&inMiddleName=&inBusinessName=&inBookType=&inBook=&inPage=&inStartDate=&inEndDate=&inCaseNumber=&inInstrumentNumber=&inLegal=&inDocumentTypeIds=,www.charlotte.realforeclose.com,2026-09-21T14:53:15+00:00
charlotte,10/06/2026,09:00 AM ET,402115102002,26-0449,2024-1504,,"2016 CAPEL ST, PORT CHARLOTTE, FL- 33953",,,2291.31,5227.0,10/06/2026 09:00 AM ET,TAXDEED,https://www.charlotte.realforeclose.com/index.cfm?zaction=auction&zmethod=details&AID=1518088&bypassPage=1,http://www.ccappraiser.com/Show_parcel.asp?acct=402115102002&gen=T&tax=T&bld=T&oth=T&sal=T&lnd=T&leg=T,https://recording.charlotteclerk.com/Render/ViewDocuments?inFromSearch=INSTRUMENTNUMBER&inDirectReverse=&inFirstName=&inLastName=&inMiddleName=&inBusinessName=&inBookType=&inBook=&inPage=&inStartDate=&inEndDate=&inCaseNumber=&inInstrumentNumber=&inLegal=&inDocumentTypeIds=,www.charlotte.realforeclose.com,2026-09-21T14:53:15+00:00
charlotte,10/06/2026,09:00 AM ET,402119152004,26-0438,2024-1912,,"3166 CALLISTO ST, PORT CHARLOTTE, FL- 33981",,,2198.34,4668.0,10/06/2026 09:00 AM ET,TAXDEED,https://www.charlotte.realforeclose.com/index.cfm?zaction=auction&zmethod=details&AID=1518094&bypassPage=1,http://www.ccappraiser.com/Show_parcel.asp?acct=402119152004&gen=T&tax=T&bld=T&oth=T&sal=T&lnd=T&leg=T,https://recording.charlotteclerk.com/Render/ViewDocuments?inFromSearch=INSTRUMENTNUMBER&inDirectReverse=&inFirstName=&inLastName=&inMiddleName=&inBusinessName=&inBookType=&inBook=&inPage=&inStartDate=&inEndDate=&inCaseNumber=&inInstrumentNumber=&inLegal=&inDocumentTypeIds=,www.charlotte.realforeclose.com,2026-09-21T14:53:15+00:00
charlotte,10/06/2026,09:00 AM ET,402124106008,26-0447,2024-2008,,"17117 GEOFFREY AVE, PORT CHARLOTTE, FL- 33948",,,2600.64,5724.0,10/06/2026 09:00 AM ET,TAXDEED,https://www.charlotte.realforeclose.com/index.cfm?zaction=auction&zmethod=details&AID=1518089&bypassPage=1,http://www.ccappraiser.com/Show_parcel.asp?acct=402124106008&gen=T&tax=T&bld=T&oth=T&sal=T&lnd=T&leg=T,https://recording.charlotteclerk.com/Render/ViewDocuments?inFromSearch=INSTRUMENTNUMBER&inDirectReverse=&inFirstName=&inLastName=&inMiddleName=&inBusinessName=&inBookType=&inBook=&inPage=&inStartDate=&inEndDate=&inCaseNumber=&inInstrumentNumber=&inLegal=&inDocumentTypeIds=,www.charlotte.realforeclose.com,2026-09-21T14:53:15+00:00
charlotte,10/06/2026,09:00 AM ET,402236226001,26-0400,2024-4711,,"4545 MELBOURNE STREET, PORT CHARLOTTE, FL- 33980",,,6588.67,15931.0,10/06/2026 09:00 AM ET,TAXDEED,https://www.charlotte.realforeclose.com/index.cfm?zaction=auction&zmethod=details&AID=1518126&bypassPage=1,http://www.ccappraiser.com/Show_parcel.asp?acct=402236226001&gen=T&tax=T&bld=T&oth=T&sal=T&lnd=T&leg=T,https://recording.charlotteclerk.com/Render/ViewDocuments?inFromSearch=INSTRUMENTNUMBER&inDirectReverse=&inFirstName=&inLastName=&inMiddleName=&inBusinessName=&inBookType=&inBook=&inPage=&inStartDate=&inEndDate=&inCaseNumber=&inInstrumentNumber=&inLegal=&inDocumentTypeIds=,www.charlotte.realforeclose.com,2026-09-21T14:53:15+00:00
charlotte,10/06/2026,,402307126004,26-0337,2024-4970,,"909 KINGS HIGHWAY, PORT CHARLOTTE, FL- 33980",,,111226.19,,Redeemed,TAXDEED,https://www.charlotte.realforeclose.com/index.cfm?zaction=auction&zmethod=details&AID=1518127&bypassPage=1,http://www.ccappraiser.com/Show_parcel.asp?acct=402307126004&gen=T&tax=T&bld=T&oth=T&sal=T&lnd=T&leg=T,https://recording.charlotteclerk.com/Render/ViewDocuments?inFromSearch=INSTRUMENTNUMBER&inDirectReverse=&inFirstName=&inLastName=&inMiddleName=&inBusinessName=&inBookType=&inBook=&inPage=&inStartDate=&inEndDate=&inCaseNumber=&inInstrumentNumber=&inLegal=&inDocumentTypeIds=,www.charlotte.realforeclose.com,2026-09-21T14:53:15+00:00
charlotte,10/06/2026,,402309363001,26-0404,2024-5041,,"26034 RAMPART BOULEVARD, PUNTA GORDA, FL- 33983",,,14388.51,293981.0,Redeemed,TAXDEED,https://www.charlotte.realforeclose.com/index.cfm?zaction=auction&zmethod=details&AID=1518125&bypassPage=1,http://www.ccappraiser.com/Show_parcel.asp?acct=402309363001&gen=T&tax=T&bld=T&oth=T&sal=T&lnd=T&leg=T,https://recording.charlotteclerk.com/Render/ViewDocuments?inFromSearch=INSTRUMENTNUMBER&inDirectReverse=&inFirstName=&inLastName=&inMiddleName=&inBusinessName=&inBookType=&inBook=&inPage=&inStartDate=&inEndDate=&inCaseNumber=&inInstrumentNumber=&inLegal=&inDocumentTypeIds=,www.charlotte.realforeclose.com,2026-09-21T14:53:15+00:00
charlotte,10/06/2026,09:00 AM ET,402310151002,26-0405,2024-5069,,"1133 SULSTONE DR, PUNTA GORDA, FL- 33983",,,1793.64,6243.0,10/06/2026 09:00 AM ET,TAXDEED,https://www.charlotte.realforeclose.com/index.cfm?zaction=auction&zmethod=details&AID=1518124&bypassPage=1,http://www.ccappraiser.com/Show_parcel.asp?acct=402310151002&gen=T&tax=T&bld=T&oth=T&sal=T&lnd=T&leg=T,https://recording.charlotteclerk.com/Render/ViewDocuments?inFromSearch=INSTRUMENTNUMBER&inDirectReverse=&inFirstName=&inLastName=&inMiddleName=&inBusinessName=&inBookType=&inBook=&inPage=&inStartDate=&inEndDate=&inCaseNumber=&inInstrumentNumber=&inLegal=&inDocumentTypeIds=,www.charlotte.realforeclose.com,2026-09-21T14:53:15+00:00
charlotte,10/06/2026,,402310157012,26-0406,2024-5071,,,,,1927.56,,Redeemed,TAXDEED,https://www.charlotte.realforeclose.com/index.cfm?zaction=auction&zmethod=details&AID=1518123&bypassPage=1,http://www.ccappraiser.com/Show_parcel.asp?acct=402310157012&gen=T&tax=T&bld=T&oth=T&sal=T&lnd=T&leg=T,https://recording.charlotteclerk.com/Render/ViewDocuments?inFromSearch=INSTRUMENTNUMBER&inDirectReverse=&inFirstName=&inLastName=&inMiddleName=&inBusinessName=&inBookType=&inBook=&inPage=&inStartDate=&inEndDate=&inCaseNumber=&inInstrumentNumber=&inLegal=&inDocumentTypeIds=,www.charlotte.realforeclose.com,2026-09-21T14:53:15+00:00
charlotte,10/06/2026,09:00 AM ET,402310183003,26-0455,2019-6715,,"1178 HARBOUR VISTA CT, PUNTA GORDA, FL- 33983",,,1455.32,130.0,10/06/2026 09:00 AM ET,TAXDEED,https://www.charlotte.realforeclose.com/index.cfm?zaction=auction&zmethod=details&AID=1518083&bypassPage=1,http://www.ccappraiser.com/Show_parcel.asp?acct=402310183003&gen=T&tax=T&bld=T&oth=T&sal=T&lnd=T&leg=T,https://recording.charlotteclerk.com/Render/ViewDocuments?inFromSearch=INSTRUMENTNUMBER&inDirectReverse=&inFirstName=&inLastName=&inMiddleName=&inBusinessName=&inBookType=&inBook=&inPage=&inStartDate=&inEndDate=&inCaseNumber=&inInstrumentNumber=&inLegal=&inDocumentTypeIds=,www.charlotte.realforeclose.com,2026-09-21T14:53:15+00:00
charlotte,10/06/2026,09:00 AM ET,402310183012,26-0456,2019-6722,,"1222 HARBOUR VISTA CT, PUNTA GORDA, FL- 33983",,,1458.62,130.0,10/06/2026 09:00 AM ET,TAXDEED,https://www.charlotte.realforeclose.com/index.cfm?zaction=auction&zmethod=details&AID=1518082&bypassPage=1,http://www.ccappraiser.com/Show_parcel.asp?acct=402310183012&gen=T&tax=T&bld=T&oth=T&sal=T&lnd=T&leg=T,https://recording.charlotteclerk.com/Render/ViewDocuments?inFromSearch=INSTRUMENTNUMBER&inDirectReverse=&inFirstName=&inLastName=&inMiddleName=&inBusinessName=&inBookType=&inBook=&inPage=&inStartDate=&inEndDate=&inCaseNumber=&inInstrumentNumber=&inLegal=&inDocumentTypeIds=,www.charlotte.realforeclose.com,2026-09-21T14:53:15+00:00
charlotte,10/06/2026,,402314279005,26-0431,2024-5286,,"28450 SILVER PALM DRIVE, PUNTA GORDA, FL- 33982",,,115658.0,,Redeemed,TAXDEED,https://www.charlotte.realforeclose.com/index.cfm?zaction=auction&zmethod=details&AID=1518101&bypassPage=1,http://www.ccappraiser.com/Show_parcel.asp?acct=402314279005&gen=T&tax=T&bld=T&oth=T&sal=T&lnd=T&leg=T,https://recording.charlotteclerk.com/Render/ViewDocuments?inFromSearch=INSTRUMENTNUMBER&inDirectReverse=&inFirstName=&inLastName=&inMiddleName=&inBusinessName=&inBookType=&inBook=&inPage=&inStartDate=&inEndDate=&inCaseNumber=&inInstrumentNumber=&inLegal=&inDocumentTypeIds=,www.charlotte.realforeclose.com,2026-09-21T14:53:15+00:00
charlotte,10/06/2026,,402319701097,26-0407,2024-5529,,"3300 LOVELAND BOULEVARD, PORT CHARLOTTE, FL- 33980",,,31605.81,54300.0,Redeemed,TAXDEED,https://www.charlotte.realforeclose.com/index.cfm?zaction=auction&zmethod=details&AID=1518122&bypassPage=1,http://www.ccappraiser.com/Show_parcel.asp?acct=402319701097&gen=T&tax=T&bld=T&oth=T&sal=T&lnd=T&leg=T,https://recording.charlotteclerk.com/Render/ViewDocuments?inFromSearch=INSTRUMENTNUMBER&inDirectReverse=&inFirstName=&inLastName=&inMiddleName=&inBusinessName=&inBookType=&inBook=&inPage=&inStartDate=&inEndDate=&inCaseNumber=&inInstrumentNumber=&inLegal=&inDocumentTypeIds=,www.charlotte.realforeclose.com,2026-09-21T14:53:15+00:00
charlotte,10/06/2026,09:00 AM ET,402326477006,26-0408,2024-5644,,"6659 ORANGE BLOSSOM LANE, PUNTA GORDA, FL- 33982",,,5146.02,15344.0,10/06/2026 09:00 AM ET,TAXDEED,https://www.charlotte.realforeclose.com/index.cfm?zaction=auction&zmethod=details&AID=1518121&bypassPage=1,http://www.ccappraiser.com/Show_parcel.asp?acct=402326477006&gen=T&tax=T&bld=T&oth=T&sal=T&lnd=T&leg=T,https://recording.charlotteclerk.com/Render/ViewDocuments?inFromSearch=INSTRUMENTNUMBER&inDirectReverse=&inFirstName=&inLastName=&inMiddleName=&inBusinessName=&inBookType=&inBook=&inPage=&inStartDate=&inEndDate=&inCaseNumber=&inInstrumentNumber=&inLegal=&inDocumentTypeIds=,www.charlotte.realforeclose.com,2026-09-21T14:53:15+00:00
charlotte,10/06/2026,09:00 AM ET,402334354006,26-0409,2024-5715,,"4075 RIVERSIDE DR, PUNTA GORDA, FL- 33982",,,1943.9,14165.0,10/06/2026 09:00 AM ET,TAXDEED,https://www.charlotte.realforeclose.com/index.cfm?zaction=auction&zmethod=details&AID=1518120&bypassPage=1,http://www.ccappraiser.com/Show_parcel.asp?acct=402334354006&gen=T&tax=T&bld=T&oth=T&sal=T&lnd=T&leg=T,https://recording.charlotteclerk.com/Render/ViewDocuments?inFromSearch=INSTRUMENTNUMBER&inDirectReverse=&inFirstName=&inLastName=&inMiddleName=&inBusinessName=&inBookType=&inBook=&inPage=&inStartDate=&inEndDate=&inCaseNumber=&inInstrumentNumber=&inLegal=&inDocumentTypeIds=,www.charlotte.realforeclose.com,2026-09-21T14:53:15+00:00
charlotte,10/06/2026,,402419107001,26-0410,2024-5790,,,,,2913.12,,Redeemed,TAXDEED,https://www.charlotte.realforeclose.com/index.cfm?zaction=auction&zmethod=details&AID=1518119&bypassPage=1,http://www.ccappraiser.com/Show_parcel.asp?acct=402419107001&gen=T&tax=T&bld=T&oth=T&sal=T&lnd=T&leg=T,https://recording.charlotteclerk.com/Render/ViewDocuments?inFromSearch=INSTRUMENTNUMBER&inDirectReverse=&inFirstName=&inLastName=&inMiddleName=&inBusinessName=&inBookType=&inBook=&inPage=&inStartDate=&inEndDate=&inCaseNumber=&inInstrumentNumber=&inLegal=&inDocumentTypeIds=,www.charlotte.realforeclose.com,2026-09-21T14:53:15+00:00
charlotte,10/06/2026,,402421100001,26-0411,2024-5809,,"31967,32037,32067,32097,32127,, PUNTA GORDA, FL- 33982",,,10842.71,54139.0,Redeemed,TAXDEED,https://www.charlotte.realforeclose.com/index.cfm?zaction=auction&zmethod=details&AID=1518113&bypassPage=1,http://www.ccappraiser.com/Show_parcel.asp?acct=402421100001&gen=T&tax=T&bld=T&oth=T&sal=T&lnd=T&leg=T,https://recording.charlotteclerk.com/Render/ViewDocuments?inFromSearch=INSTRUMENTNUMBER&inDirectReverse=&inFirstName=&inLastName=&inMiddleName=&inBusinessName=&inBookType=&inBook=&inPage=&inStartDate=&inEndDate=&inCaseNumber=&inInstrumentNumber=&inLegal=&inDocumentTypeIds=,www.charlotte.realforeclose.com,2026-09-21T14:53:15+00:00
charlotte,10/06/2026,,411901702019,26-0150,2024-5982,,"2955 N BEACH ROAD, ENGLEWOOD, FL- 34223",,,30896.61,,Redeemed,TAXDEED,https://www.charlotte.realforeclose.com/index.cfm?zaction=auction&zmethod=details&AID=1518128&bypassPage=1,http://www.ccappraiser.com/Show_parcel.asp?acct=411901702019&gen=T&tax=T&bld=T&oth=T&sal=T&lnd=T&leg=T,https://recording.charlotteclerk.com/Render/ViewDocuments?inFromSearch=INSTRUMENTNUMBER&inDirectReverse=&inFirstName=&inLastName=&inMiddleName=&inBusinessName=&inBookType=&inBook=&inPage=&inStartDate=&inEndDate=&inCaseNumber=&inInstrumentNumber=&inLegal=&inDocumentTypeIds=,www.charlotte.realforeclose.com,2026-09-21T14:53:15+00:00
charlotte,10/06/2026,,412001485008,26-0413,2024-6070,,"11992 OR 1996 HENLEY AVENUE, PORT CHARLOTTE, FL- 33981",,,3946.23,,Redeemed,TAXDEED,https://www.charlotte.realforeclose.com/index.cfm?zaction=auction&zmethod=details&AID=1518112&bypassPage=1,http://www.ccappraiser.com/Show_parcel.asp?acct=412001485008&gen=T&tax=T&bld=T&oth=T&sal=T&lnd=T&leg=T,https://recording.charlotteclerk.com/Render/ViewDocuments?inFromSearch=INSTRUMENTNUMBER&inDirectReverse=&inFirstName=&inLastName=&inMiddleName=&inBusinessName=&inBookType=&inBook=&inPage=&inStartDate=&inEndDate=&inCaseNumber=&inInstrumentNumber=&inLegal=&inDocumentTypeIds=,www.charlotte.realforeclose.com,2026-09-21T14:53:15+00:00
charlotte,10/06/2026,09:00 AM ET,412009129009,26-0432,2024-6359,,"2613 LEAR RD -UNIT B LT 18, ENGLEWOOD, FL- 34224",,,1135.38,7467.0,10/06/2026 09:00 AM ET,TAXDEED,https://www.charlotte.realforeclose.com/index.cfm?zaction=auction&zmethod=details&AID=1518100&bypassPage=1,http://www.ccappraiser.com/Show_parcel.asp?acct=412009129009&gen=T&tax=T&bld=T&oth=T&sal=T&lnd=T&leg=T,https://recording.charlotteclerk.com/Render/ViewDocuments?inFromSearch=INSTRUMENTNUMBER&inDirectReverse=&inFirstName=&inLastName=&inMiddleName=&inBusinessName=&inBookType=&inBook=&inPage=&inStartDate=&inEndDate=&inCaseNumber=&inInstrumentNumber=&inLegal=&inDocumentTypeIds=,www.charlotte.realforeclose.com,2026-09-21T14:53:15+00:00
charlotte,10/06/2026,09:00 AM ET,412017431001,26-0439,2024-6762,,"3151 SMITH STREET, ENGLEWOOD, FL- 34224",,,8890.13,77904.0,10/06/2026 09:00 AM ET,TAXDEED,https://www.charlotte.realforeclose.com/index.cfm?zaction=auction&zmethod=details&AID=1518093&bypassPage=1,http://www.ccappraiser.com/Show_parcel.asp?acct=412017431001&gen=T&tax=T&bld=T&oth=T&sal=T&lnd=T&leg=T,https://recording.charlotteclerk.com/Render/ViewDocuments?inFromSearch=INSTRUMENTNUMBER&inDirectReverse=&inFirstName=&inLastName=&inMiddleName=&inBusinessName=&inBookType=&inBook=&inPage=&inStartDate=&inEndDate=&inCaseNumber=&inInstrumentNumber=&inLegal=&inDocumentTypeIds=,www.charlotte.realforeclose.com,2026-09-21T14:53:15+00:00
charlotte,10/06/2026,09:00 AM ET,412105432002,26-0415,2024-7126,,"6405 CUTLER TERRACE, PORT CHARLOTTE, FL- 33981",,,12034.4,131475.0,10/06/2026 09:00 AM ET,TAXDEED,https://www.charlotte.realforeclose.com/index.cfm?zaction=auction&zmethod=details&AID=1518111&bypassPage=1,http://www.ccappraiser.com/Show_parcel.asp?acct=412105432002&gen=T&tax=T&bld=T&oth=T&sal=T&lnd=T&leg=T,https://recording.charlotteclerk.com/Render/ViewDocuments?inFromSearch=INSTRUMENTNUMBER&inDirectReverse=&inFirstName=&inLastName=&inMiddleName=&inBusinessName=&inBookType=&inBook=&inPage=&inStartDate=&inEndDate=&inCaseNumber=&inInstrumentNumber=&inLegal=&inDocumentTypeIds=,www.charlotte.realforeclose.com,2026-09-21T14:53:15+00:00
charlotte,10/06/2026,,412121251001,26-0416,2024-7947,,14339 INGRAHAM BOULEVARD,,,61694.22,,Redeemed,TAXDEED,https://www.charlotte.realforeclose.com/index.cfm?zaction=auction&zmethod=details&AID=1518110&bypassPage=1,http://www.ccappraiser.com/Show_parcel.asp?acct=412121251001&gen=T&tax=T&bld=T&oth=T&sal=T&lnd=T&leg=T,https://recording.charlotteclerk.com/Render/ViewDocuments?inFromSearch=INSTRUMENTNUMBER&inDirectReverse=&inFirstName=&inLastName=&inMiddleName=&inBusinessName=&inBookType=&inBook=&inPage=&inStartDate=&inEndDate=&inCaseNumber=&inInstrumentNumber=&inLegal=&inDocumentTypeIds=,www.charlotte.realforeclose.com,2026-09-21T14:53:15+00:00
charlotte,10/06/2026,,412122178031,26-0417,2024-7984,,"9428 SPRING CIRCLE, PORT CHARLOTTE, FL- 33981",,,2776.56,108800.0,Redeemed,TAXDEED,https://www.charlotte.realforeclose.com/index.cfm?zaction=auction&zmethod=details&AID=1518109&bypassPage=1,http://www.ccappraiser.com/Show_parcel.asp?acct=412122178031&gen=T&tax=T&bld=T&oth=T&sal=T&lnd=T&leg=T,https://recording.charlotteclerk.com/Render/ViewDocuments?inFromSearch=INSTRUMENTNUMBER&inDirectReverse=&inFirstName=&inLastName=&inMiddleName=&inBusinessName=&inBookType=&inBook=&inPage=&inStartDate=&inEndDate=&inCaseNumber=&inInstrumentNumber=&inLegal=&inDocumentTypeIds=,www.charlotte.realforeclose.com,2026-09-21T14:53:15+00:00
charlotte,10/06/2026,,412128332005,26-0418,2024-8250,,"14267 MONTMARTE AVENUE, PORT CHARLOTTE, FL- 33981",,,6889.99,61491.0,Redeemed,TAXDEED,https://www.charlotte.realforeclose.com/index.cfm?zaction=auction&zmethod=details&AID=1518108&bypassPage=1,http://www.ccappraiser.com/Show_parcel.asp?acct=412128332005&gen=T&tax=T&bld=T&oth=T&sal=T&lnd=T&leg=T,https://recording.charlotteclerk.com/Render/ViewDocuments?inFromSearch=INSTRUMENTNUMBER&inDirectReverse=&inFirstName=&inLastName=&inMiddleName=&inBusinessName=&inBookType=&inBook=&inPage=&inStartDate=&inEndDate=&inCaseNumber=&inInstrumentNumber=&inLegal=&inDocumentTypeIds=,www.charlotte.realforeclose.com,2026-09-21T14:53:15+00:00
charlotte,10/06/2026,09:00 AM ET,412132253003,26-0433,2024-8615,,"3 REDWOOD DR, PLACIDA, FL- 33946",,,2903.79,15300.0,10/06/2026 09:00 AM ET,TAXDEED,https://www.charlotte.realforeclose.com/index.cfm?zaction=auction&zmethod=details&AID=1518099&bypassPage=1,http://www.ccappraiser.com/Show_parcel.asp?acct=412132253003&gen=T&tax=T&bld=T&oth=T&sal=T&lnd=T&leg=T,https://recording.charlotteclerk.com/Render/ViewDocuments?inFromSearch=INSTRUMENTNUMBER&inDirectReverse=&inFirstName=&inLastName=&inMiddleName=&inBusinessName=&inBookType=&inBook=&inPage=&inStartDate=&inEndDate=&inCaseNumber=&inInstrumentNumber=&inLegal=&inDocumentTypeIds=,www.charlotte.realforeclose.com,2026-09-21T14:53:15+00:00
charlotte,10/06/2026,09:00 AM ET,412132279011,26-0443,2024-8643,,"39 BLUEBONNET DR, PLACIDA, FL- 33946",,,2903.79,15300.0,10/06/2026 09:00 AM ET,TAXDEED,https://www.charlotte.realforeclose.com/index.cfm?zaction=auction&zmethod=details&AID=1518091&bypassPage=1,http://www.ccappraiser.com/Show_parcel.asp?acct=412132279011&gen=T&tax=T&bld=T&oth=T&sal=T&lnd=T&leg=T,https://recording.charlotteclerk.com/Render/ViewDocuments?inFromSearch=INSTRUMENTNUMBER&inDirectReverse=&inFirstName=&inLastName=&inMiddleName=&inBusinessName=&inBookType=&inBook=&inPage=&inStartDate=&inEndDate=&inCaseNumber=&inInstrumentNumber=&inLegal=&inDocumentTypeIds=,www.charlotte.realforeclose.com,2026-09-21T14:53:15+00:00
charlotte,10/06/2026,09:00 AM ET,412132427006,26-0434,2024-8680,,"50 CARNATION DR, PLACIDA, FL- 33946",,,2907.64,15300.0,10/06/2026 09:00 AM ET,TAXDEED,https://www.charlotte.realforeclose.com/index.cfm?zaction=auction&zmethod=details&AID=1518098&bypassPage=1,http://www.ccappraiser.com/Show_parcel.asp?acct=412132427006&gen=T&tax=T&bld=T&oth=T&sal=T&lnd=T&leg=T,https://recording.charlotteclerk.com/Render/ViewDocuments?inFromSearch=INSTRUMENTNUMBER&inDirectReverse=&inFirstName=&inLastName=&inMiddleName=&inBusinessName=&inBookType=&inBook=&inPage=&inStartDate=&inEndDate=&inCaseNumber=&inInstrumentNumber=&inLegal=&inDocumentTypeIds=,www.charlotte.realforeclose.com,2026-09-21T14:53:15+00:00
charlotte,10/06/2026,09:00 AM ET,412133131008,26-0442,2024-8714,,"29 CALAMONDIN WAY, PLACIDA, FL- 33946",,,2903.79,15300.0,10/06/2026 09:00 AM ET,TAXDEED,https://www.charlotte.realforeclose.com/index.cfm?zaction=auction&zmethod=details&AID=1518092&bypassPage=1,http://www.ccappraiser.com/Show_parcel.asp?acct=412133131008&gen=T&tax=T&bld=T&oth=T&sal=T&lnd=T&leg=T,https://recording.charlotteclerk.com/Render/ViewDocuments?inFromSearch=INSTRUMENTNUMBER&inDirectReverse=&inFirstName=&inLastName=&inMiddleName=&inBusinessName=&inBookType=&inBook=&inPage=&inStartDate=&inEndDate=&inCaseNumber=&inInstrumentNumber=&inLegal=&inDocumentTypeIds=,www.charlotte.realforeclose.com,2026-09-21T14:53:15+00:00
charlotte,10/06/2026,09:00 AM ET,412303231020,26-0420,2024-9042,,"5436 S FAIRWAY DR, PUNTA GORDA, FL- 33982",,,2240.17,4109.0,10/06/2026 09:00 AM ET,TAXDEED,https://www.charlotte.realforeclose.com/index.cfm?zaction=auction&zmethod=details&AID=1518107&bypassPage=1,http://www.ccappraiser.com/Show_parcel.asp?acct=412303231020&gen=T&tax=T&bld=T&oth=T&sal=T&lnd=T&leg=T,https://recording.charlotteclerk.com/Render/ViewDocuments?inFromSearch=INSTRUMENTNUMBER&inDirectReverse=&inFirstName=&inLastName=&inMiddleName=&inBusinessName=&inBookType=&inBook=&inPage=&inStartDate=&inEndDate=&inCaseNumber=&inInstrumentNumber=&inLegal=&inDocumentTypeIds=,www.charlotte.realforeclose.com,2026-09-21T14:53:15+00:00
charlotte,10/06/2026,09:00 AM ET,412303255004,26-0451,2019-11499,,"5031 PAPAYA DR, PUNTA GORDA, FL- 33982",,,1825.29,2485.0,10/06/2026 09:00 AM ET,TAXDEED,https://www.charlotte.realforeclose.com/index.cfm?zaction=auction&zmethod=details&AID=1518087&bypassPage=1,http://www.ccappraiser.com/Show_parcel.asp?acct=412303255004&gen=T&tax=T&bld=T&oth=T&sal=T&lnd=T&leg=T,https://recording.charlotteclerk.com/Render/ViewDocuments?inFromSearch=INSTRUMENTNUMBER&inDirectReverse=&inFirstName=&inLastName=&inMiddleName=&inBusinessName=&inBookType=&inBook=&inPage=&inStartDate=&inEndDate=&inCaseNumber=&inInstrumentNumber=&inLegal=&inDocumentTypeIds=,www.charlotte.realforeclose.com,2026-09-21T14:53:15+00:00
charlotte,10/06/2026,,412318131004,26-0421,2024-9394,,"2701 MAGNOLIA WAY, PUNTA GORDA, FL- 33950",,,6907.02,86521.0,Redeemed,TAXDEED,https://www.charlotte.realforeclose.com/index.cfm?zaction=auction&zmethod=details&AID=1518106&bypassPage=1,http://www.ccappraiser.com/Show_parcel.asp?acct=412318131004&gen=T&tax=T&bld=T&oth=T&sal=T&lnd=T&leg=T,https://recording.charlotteclerk.com/Render/ViewDocuments?inFromSearch=INSTRUMENTNUMBER&inDirectReverse=&inFirstName=&inLastName=&inMiddleName=&inBusinessName=&inBookType=&inBook=&inPage=&inStartDate=&inEndDate=&inCaseNumber=&inInstrumentNumber=&inLegal=&inDocumentTypeIds=,www.charlotte.realforeclose.com,2026-09-21T14:53:15+00:00
charlotte,10/06/2026,09:00 AM ET,412328204014,26-0422,2024-9540,,"3312 ACLINE RD, PUNTA GORDA, FL- 33950",,,2007.75,10271.0,10/06/2026 09:00 AM ET,TAXDEED,https://www.charlotte.realforeclose.com/index.cfm?zaction=auction&zmethod=details&AID=1518105&bypassPage=1,http://www.ccappraiser.com/Show_parcel.asp?acct=412328204014&gen=T&tax=T&bld=T&oth=T&sal=T&lnd=T&leg=T,https://recording.charlotteclerk.com/Render/ViewDocuments?inFromSearch=INSTRUMENTNUMBER&inDirectReverse=&inFirstName=&inLastName=&inMiddleName=&inBusinessName=&inBookType=&inBook=&inPage=&inStartDate=&inEndDate=&inCaseNumber=&inInstrumentNumber=&inLegal=&inDocumentTypeIds=,www.charlotte.realforeclose.com,2026-09-21T14:53:15+00:00
charlotte,10/06/2026,09:00 AM ET,412334228009,26-0429,2024-9704,,"15499 LIME DRIVE, PUNTA GORDA, FL- 33955",,,7091.18,73792.0,10/06/2026 09:00 AM ET,TAXDEED,https://www.charlotte.realforeclose.com/index.cfm?zaction=auction&zmethod=details&AID=1518102&bypassPage=1,http://www.ccappraiser.com/Show_parcel.asp?acct=412334228009&gen=T&tax=T&bld=T&oth=T&sal=T&lnd=T&leg=T,https://recording.charlotteclerk.com/Render/ViewDocuments?inFromSearch=INSTRUMENTNUMBER&inDirectReverse=&inFirstName=&inLastName=&inMiddleName=&inBusinessName=&inBookType=&inBook=&inPage=&inStartDate=&inEndDate=&inCaseNumber=&inInstrumentNumber=&inLegal=&inDocumentTypeIds=,www.charlotte.realforeclose.com,2026-09-21T14:53:15+00:00
charlotte,10/06/2026,,422104252002,26-0424,2024-9919,,,,,3320.84,,Redeemed,TAXDEED,https://www.charlotte.realforeclose.com/index.cfm?zaction=auction&zmethod=details&AID=1518104&bypassPage=1,http://www.ccappraiser.com/Show_parcel.asp?acct=422104252002&gen=T&tax=T&bld=T&oth=T&sal=T&lnd=T&leg=T,https://recording.charlotteclerk.com/Render/ViewDocuments?inFromSearch=INSTRUMENTNUMBER&inDirectReverse=&inFirstName=&inLastName=&inMiddleName=&inBusinessName=&inBookType=&inBook=&inPage=&inStartDate=&inEndDate=&inCaseNumber=&inInstrumentNumber=&inLegal=&inDocumentTypeIds=,www.charlotte.realforeclose.com,2026-09-21T14:53:15+00:00
charlotte,10/06/2026,09:00 AM ET,422104382008,26-0425,2024-9986,,"14244 GOBIES CT, PLACIDA, FL- 33946",,,2433.63,8588.0,10/06/2026 09:00 AM ET,TAXDEED,https://www.charlotte.realforeclose.com/index.cfm?zaction=auction&zmethod=details&AID=1518103&bypassPage=1,http://www.ccappraiser.com/Show_parcel.asp?acct=422104382008&gen=T&tax=T&bld=T&oth=T&sal=T&lnd=T&leg=T,https://recording.charlotteclerk.com/Render/ViewDocuments?inFromSearch=INSTRUMENTNUMBER&inDirectReverse=&inFirstName=&inLastName=&inMiddleName=&inBusinessName=&inBookType=&inBook=&inPage=&inStartDate=&inEndDate=&inCaseNumber=&inInstrumentNumber=&inLegal=&inDocumentTypeIds=,www.charlotte.realforeclose.com,2026-09-21T14:53:15+00:00
charlotte,10/06/2026,,422302202008,26-0454,2020-14688,,,,,4673.4,,Redeemed,TAXDEED,https://www.charlotte.realforeclose.com/index.cfm?zaction=auction&zmethod=details&AID=1518084&bypassPage=1,http://www.ccappraiser.com/Show_parcel.asp?acct=422302202008&gen=T&tax=T&bld=T&oth=T&sal=T&lnd=T&leg=T,https://recording.charlotteclerk.com/Render/ViewDocuments?inFromSearch=INSTRUMENTNUMBER&inDirectReverse=&inFirstName=&inLastName=&inMiddleName=&inBusinessName=&inBookType=&inBook=&inPage=&inStartDate=&inEndDate=&inCaseNumber=&inInstrumentNumber=&inLegal=&inDocumentTypeIds=,www.charlotte.realforeclose.com,2026-09-21T14:53:15+00:00
charlotte,10/06/2026,09:00 AM ET,422415126014,26-0452,2019-14632,,"33278 OIL WELL RD, PUNTA GORDA, FL- 33955",,,2355.45,5804.0,10/06/2026 09:00 AM ET,TAXDEED,https://www.charlotte.realforeclose.com/index.cfm?zaction=auction&zmethod=details&AID=1518086&bypassPage=1,http://www.ccappraiser.com/Show_parcel.asp?acct=422415126014&gen=T&tax=T&bld=T&oth=T&sal=T&lnd=T&leg=T,https://recording.charlotteclerk.com/Render/ViewDocuments?inFromSearch=INSTRUMENTNUMBER&inDirectReverse=&inFirstName=&inLastName=&inMiddleName=&inBusinessName=&inBookType=&inBook=&inPage=&inStartDate=&inEndDate=&inCaseNumber=&inInstrumentNumber=&inLegal=&inDocumentTypeIds=,www.charlotte.realforeclose.com,2026-09-21T14:53:15+00:00
charlotte,10/06/2026,09:00 AM ET,422415176010,26-0453,2024-11251,,"33304 OIL WELL RD, PUNTA GORDA, FL- 33955",,,1635.73,10455.0,10/06/2026 09:00 AM ET,TAXDEED,https://www.charlotte.realforeclose.com/index.cfm?zaction=auction&zmethod=details&AID=1518085&bypassPage=1,http://www.ccappraiser.com/Show_parcel.asp?acct=422415176010&gen=T&tax=T&bld=T&oth=T&sal=T&lnd=T&leg=T,https://recording.charlotteclerk.com/Render/ViewDocuments?inFromSearch=INSTRUMENTNUMBER&inDirectReverse=&inFirstName=&inLastName=&inMiddleName=&inBusinessName=&inBookType=&inBook=&inPage=&inStartDate=&inEndDate=&inCaseNumber=&inInstrumentNumber=&inLegal=&inDocumentTypeIds=,www.charlotte.realforeclose.com,2026-09-21T14:53:15+00:00
charlotte,10/20/2026,,402102229021,26-0501,2024-148,,,,,4573.93,,Redeemed,TAXDEED,https://www.charlotte.realforeclose.com/index.cfm?zaction=auction&zmethod=details&AID=1520029&bypassPage=1,http://www.ccappraiser.com/Show_parcel.asp?acct=402102229021&gen=T&tax=T&bld=T&oth=T&sal=T&lnd=T&leg=T,https://recording.charlotteclerk.com/Render/ViewDocuments?inFromSearch=INSTRUMENTNUMBER&inDirectReverse=&inFirstName=&inLastName=&inMiddleName=&inBusinessName=&inBookType=&inBook=&inPage=&inStartDate=&inEndDate=&inCaseNumber=&inInstrumentNumber=&inLegal=&inDocumentTypeIds=,www.charlotte.realforeclose.com,2026-09-21T14:53:29+00:00
charlotte,10/20/2026,09:00 AM ET,402102279001,26-0502,2024-164,,"170 CAYUGA ST, PORT CHARLOTTE, FL- 33954",,,3025.31,13600.0,10/20/2026 09:00 AM ET,TAXDEED,https://www.charlotte.realforeclose.com/index.cfm?zaction=auction&zmethod=details&AID=1520028&bypassPage=1,http://www.ccappraiser.com/Show_parcel.asp?acct=402102279001&gen=T&tax=T&bld=T&oth=T&sal=T&lnd=T&leg=T,https://recording.charlotteclerk.com/Render/ViewDocuments?inFromSearch=INSTRUMENTNUMBER&inDirectReverse=&inFirstName=&inLastName=&inMiddleName=&inBusinessName=&inBookType=&inBook=&inPage=&inStartDate=&inEndDate=&inCaseNumber=&inInstrumentNumber=&inLegal=&inDocumentTypeIds=,www.charlotte.realforeclose.com,2026-09-21T14:53:29+00:00
charlotte,10/20/2026,09:00 AM ET,402102279006,26-0503,2024-166,,"195 RAY ST, PORT CHARLOTTE, FL- 33954",,,6796.08,40800.0,10/20/2026 09:00 AM ET,TAXDEED,https://www.charlotte.realforeclose.com/index.cfm?zaction=auction&zmethod=details&AID=1520027&bypassPage=1,http://www.ccappraiser.com/Show_parcel.asp?acct=402102279006&gen=T&tax=T&bld=T&oth=T&sal=T&lnd=T&leg=T,https://recording.charlotteclerk.com/Render/ViewDocuments?inFromSearch=INSTRUMENTNUMBER&inDirectReverse=&inFirstName=&inLastName=&inMiddleName=&inBusinessName=&inBookType=&inBook=&inPage=&inStartDate=&inEndDate=&inCaseNumber=&inInstrumentNumber=&inLegal=&inDocumentTypeIds=,www.charlotte.realforeclose.com,2026-09-21T14:53:29+00:00
charlotte,10/20/2026,,402104357009,26-0504,2024-411,,,,,1803.54,,Redeemed,TAXDEED,https://www.charlotte.realforeclose.com/index.cfm?zaction=auction&zmethod=details&AID=1520026&bypassPage=1,http://www.ccappraiser.com/Show_parcel.asp?acct=402104357009&gen=T&tax=T&bld=T&oth=T&sal=T&lnd=T&leg=T,https://recording.charlotteclerk.com/Render/ViewDocuments?inFromSearch=INSTRUMENTNUMBER&inDirectReverse=&inFirstName=&inLastName=&inMiddleName=&inBusinessName=&inBookType=&inBook=&inPage=&inStartDate=&inEndDate=&inCaseNumber=&inInstrumentNumber=&inLegal=&inDocumentTypeIds=,www.charlotte.realforeclose.com,2026-09-21T14:53:29+00:00
charlotte,10/20/2026,09:00 AM ET,402105110004,26-0458,2024-473,,"13129 KETRIDGE AVE, PORT CHARLOTTE, FL- 33953",,,2290.82,5227.0,10/20/2026 09:00 AM ET,TAXDEED,https://www.charlotte.realforeclose.com/index.cfm?zaction=auction&zmethod=details&AID=1520070&bypassPage=1,http://www.ccappraiser.com/Show_parcel.asp?acct=402105110004&gen=T&tax=T&bld=T&oth=T&sal=T&lnd=T&leg=T,https://recording.charlotteclerk.com/Render/ViewDocuments?inFromSearch=INSTRUMENTNUMBER&inDirectReverse=&inFirstName=&inLastName=&inMiddleName=&inBusinessName=&inBookType=&inBook=&inPage=&inStartDate=&inEndDate=&inCaseNumber=&inInstrumentNumber=&inLegal=&inDocumentTypeIds=,www.charlotte.realforeclose.com,2026-09-21T14:53:29+00:00
charlotte,10/20/2026,09:00 AM ET,402105402009,26-0459,2024-610,,"326 CHAMPION ST, PORT CHARLOTTE, FL- 33953",,,2316.05,5227.0,10/20/2026 09:00 AM ET,TAXDEED,https://www.charlotte.realforeclose.com/index.cfm?zaction=auction&zmethod=details&AID=1520069&bypassPage=1,http://www.ccappraiser.com/Show_parcel.asp?acct=402105402009&gen=T&tax=T&bld=T&oth=T&sal=T&lnd=T&leg=T,https://recording.charlotteclerk.com/Render/ViewDocuments?inFromSearch=INSTRUMENTNUMBER&inDirectReverse=&inFirstName=&inLastName=&inMiddleName=&inBusinessName=&inBookType=&inBook=&inPage=&inStartDate=&inEndDate=&inCaseNumber=&inInstrumentNumber=&inLegal=&inDocumentTypeIds=,www.charlotte.realforeclose.com,2026-09-21T14:53:29+00:00
charlotte,10/20/2026,,402105407001,26-0505,2024-618,,,,,2787.02,,Redeemed,TAXDEED,https://www.charlotte.realforeclose.com/index.cfm?zaction=auction&zmethod=details&AID=1520025&bypassPage=1,http://www.ccappraiser.com/Show_parcel.asp?acct=402105407001&gen=T&tax=T&bld=T&oth=T&sal=T&lnd=T&leg=T,https://recording.charlotteclerk.com/Render/ViewDocuments?inFromSearch=INSTRUMENTNUMBER&inDirectReverse=&inFirstName=&inLastName=&inMiddleName=&inBusinessName=&inBookType=&inBook=&inPage=&inStartDate=&inEndDate=&inCaseNumber=&inInstrumentNumber=&inLegal=&inDocumentTypeIds=,www.charlotte.realforeclose.com,2026-09-21T14:53:29+00:00
charlotte,10/20/2026,,402105454004,26-0460,2024-628,,,,,2416.76,,Redeemed,TAXDEED,https://www.charlotte.realforeclose.com/index.cfm?zaction=auction&zmethod=details&AID=1520068&bypassPage=1,http://www.ccappraiser.com/Show_parcel.asp?acct=402105454004&gen=T&tax=T&bld=T&oth=T&sal=T&lnd=T&leg=T,https://recording.charlotteclerk.com/Render/ViewDocuments?inFromSearch=INSTRUMENTNUMBER&inDirectReverse=&inFirstName=&inLastName=&inMiddleName=&inBusinessName=&inBookType=&inBook=&inPage=&inStartDate=&inEndDate=&inCaseNumber=&inInstrumentNumber=&inLegal=&inDocumentTypeIds=,www.charlotte.realforeclose.com,2026-09-21T14:53:29+00:00
charlotte,10/20/2026,,402105478030,26-0461,2024-633,,,,,2346.86,,Redeemed,TAXDEED,https://www.charlotte.realforeclose.com/index.cfm?zaction=auction&zmethod=details&AID=1520067&bypassPage=1,http://www.ccappraiser.com/Show_parcel.asp?acct=402105478030&gen=T&tax=T&bld=T&oth=T&sal=T&lnd=T&leg=T,https://recording.charlotteclerk.com/Render/ViewDocuments?inFromSearch=INSTRUMENTNUMBER&inDirectReverse=&inFirstName=&inLastName=&inMiddleName=&inBusinessName=&inBookType=&inBook=&inPage=&inStartDate=&inEndDate=&inCaseNumber=&inInstrumentNumber=&inLegal=&inDocumentTypeIds=,www.charlotte.realforeclose.com,2026-09-21T14:53:29+00:00
charlotte,10/20/2026,09:00 AM ET,402113226014,26-0499,2024-1418,,"2031 SPEAR ST, PORT CHARLOTTE, FL- 33948",,,2865.17,15300.0,10/20/2026 09:00 AM ET,TAXDEED,https://www.charlotte.realforeclose.com/index.cfm?zaction=auction&zmethod=details&AID=1520030&bypassPage=1,http://www.ccappraiser.com/Show_parcel.asp?acct=402113226014&gen=T&tax=T&bld=T&oth=T&sal=T&lnd=T&leg=T,https://recording.charlotteclerk.com/Render/ViewDocuments?inFromSearch=INSTRUMENTNUMBER&inDirectReverse=&inFirstName=&inLastName=&inMiddleName=&inBusinessName=&inBookType=&inBook=&inPage=&inStartDate=&inEndDate=&inCaseNumber=&inInstrumentNumber=&inLegal=&inDocumentTypeIds=,www.charlotte.realforeclose.com,2026-09-21T14:53:29+00:00
charlotte,10/20/2026,,402116379008,26-0474,2024-1737,,,,,2412.11,,Redeemed,TAXDEED,https://www.charlotte.realforeclose.com/index.cfm?zaction=auction&zmethod=details&AID=1520051&bypassPage=1,http://www.ccappraiser.com/Show_parcel.asp?acct=402116379008&gen=T&tax=T&bld=T&oth=T&sal=T&lnd=T&leg=T,https://recording.charlotteclerk.com/Render/ViewDocuments?inFromSearch=INSTRUMENTNUMBER&inDirectReverse=&inFirstName=&inLastName=&inMiddleName=&inBusinessName=&inBookType=&inBook=&inPage=&inStartDate=&inEndDate=&inCaseNumber=&inInstrumentNumber=&inLegal=&inDocumentTypeIds=,www.charlotte.realforeclose.com,2026-09-21T14:53:29+00:00
charlotte,10/20/2026,,402118356003,26-0489,2024-1885,,"2416 VANCE TERRACE, PORT CHARLOTTE, FL- 33981",,,9007.4,100406.0,Redeemed,TAXDEED,https://www.charlotte.realforeclose.com/index.cfm?zaction=auction&zmethod=details&AID=1520038&bypassPage=1,http://www.ccappraiser.com/Show_parcel.asp?acct=402118356003&gen=T&tax=T&bld=T&oth=T&sal=T&lnd=T&leg=T,https://recording.charlotteclerk.com/Render/ViewDocuments?inFromSearch=INSTRUMENTNUMBER&inDirectReverse=&inFirstName=&inLastName=&inMiddleName=&inBusinessName=&inBookType=&inBook=&inPage=&inStartDate=&inEndDate=&inCaseNumber=&inInstrumentNumber=&inLegal=&inDocumentTypeIds=,www.charlotte.realforeclose.com,2026-09-21T14:53:29+00:00
charlotte,10/20/2026,,402118356004,26-0488,2024-1886,,"2424 VANCE TERRACE, PORT CHARLOTTE, FL- 33981",,,9014.03,100406.0,Redeemed,TAXDEED,https://www.charlotte.realforeclose.com/index.cfm?zaction=auction&zmethod=details&AID=1520039&bypassPage=1,http://www.ccappraiser.com/Show_parcel.asp?acct=402118356004&gen=T&tax=T&bld=T&oth=T&sal=T&lnd=T&leg=T,https://recording.charlotteclerk.com/Render/ViewDocuments?inFromSearch=INSTRUMENTNUMBER&inDirectReverse=&inFirstName=&inLastName=&inMiddleName=&inBusinessName=&inBookType=&inBook=&inPage=&inStartDate=&inEndDate=&inCaseNumber=&inInstrumentNumber=&inLegal=&inDocumentTypeIds=,www.charlotte.realforeclose.com,2026-09-21T14:53:29+00:00
charlotte,10/20/2026,09:00 AM ET,402128401004,26-0470,2024-2227,,"4434 STURKIE AVENUE, PORT CHARLOTTE, FL- 33953",,,5268.67,8070.0,10/20/2026 09:00 AM ET,TAXDEED,https://www.charlotte.realforeclose.com/index.cfm?zaction=auction&zmethod=details&AID=1520054&bypassPage=1,http://www.ccappraiser.com/Show_parcel.asp?acct=402128401004&gen=T&tax=T&bld=T&oth=T&sal=T&lnd=T&leg=T,https://recording.charlotteclerk.com/Render/ViewDocuments?inFromSearch=INSTRUMENTNUMBER&inDirectReverse=&inFirstName=&inLastName=&inMiddleName=&inBusinessName=&inBookType=&inBook=&inPage=&inStartDate=&inEndDate=&inCaseNumber=&inInstrumentNumber=&inLegal=&inDocumentTypeIds=,www.charlotte.realforeclose.com,2026-09-21T14:53:29+00:00
charlotte,10/20/2026,09:00 AM ET,402130406010,26-0464,2024-2334,,"4379 SINES LN, PORT CHARLOTTE, FL- 33981",,,2331.05,6862.0,10/20/2026 09:00 AM ET,TAXDEED,https://www.charlotte.realforeclose.com/index.cfm?zaction=auction&zmethod=details&AID=1520065&bypassPage=1,http://www.ccappraiser.com/Show_parcel.asp?acct=402130406010&gen=T&tax=T&bld=T&oth=T&sal=T&lnd=T&leg=T,https://recording.charlotteclerk.com/Render/ViewDocuments?inFromSearch=INSTRUMENTNUMBER&inDirectReverse=&inFirstName=&inLastName=&inMiddleName=&inBusinessName=&inBookType=&inBook=&inPage=&inStartDate=&inEndDate=&inCaseNumber=&inInstrumentNumber=&inLegal=&inDocumentTypeIds=,www.charlotte.realforeclose.com,2026-09-21T14:53:29+00:00
charlotte,10/20/2026,09:00 AM ET,402131105012,26-0498,2024-2364,,"12096 BUROW AVE, PORT CHARLOTTE, FL- 33981",,,2666.15,15300.0,10/20/2026 09:00 AM ET,TAXDEED,https://www.charlotte.realforeclose.com/index.cfm?zaction=auction&zmethod=details&AID=1520031&bypassPage=1,http://www.ccappraiser.com/Show_parcel.asp?acct=402131105012&gen=T&tax=T&bld=T&oth=T&sal=T&lnd=T&leg=T,https://recording.charlotteclerk.com/Render/ViewDocuments?inFromSearch=INSTRUMENTNUMBER&inDirectReverse=&inFirstName=&inLastName=&inMiddleName=&inBusinessName=&inBookType=&inBook=&inPage=&inStartDate=&inEndDate=&inCaseNumber=&inInstrumentNumber=&inLegal=&inDocumentTypeIds=,www.charlotte.realforeclose.com,2026-09-21T14:53:29+00:00
charlotte,10/20/2026,09:00 AM ET,402131154001,26-0497,2024-2375,,"5136 HOGAN ST, PORT CHARLOTTE, FL- 33981",,,2715.05,15300.0,10/20/2026 09:00 AM ET,TAXDEED,https://www.charlotte.realforeclose.com/index.cfm?zaction=auction&zmethod=details&AID=1520032&bypassPage=1,http://www.ccappraiser.com/Show_parcel.asp?acct=402131154001&gen=T&tax=T&bld=T&oth=T&sal=T&lnd=T&leg=T,https://recording.charlotteclerk.com/Render/ViewDocuments?inFromSearch=INSTRUMENTNUMBER&inDirectReverse=&inFirstName=&inLastName=&inMiddleName=&inBusinessName=&inBookType=&inBook=&inPage=&inStartDate=&inEndDate=&inCaseNumber=&inInstrumentNumber=&inLegal=&inDocumentTypeIds=,www.charlotte.realforeclose.com,2026-09-21T14:53:29+00:00
charlotte,10/20/2026,,402131227008,26-0465,2024-2389,,,,,1161.62,,Redeemed,TAXDEED,https://www.charlotte.realforeclose.com/index.cfm?zaction=auction&zmethod=details&AID=1520064&bypassPage=1,http://www.ccappraiser.com/Show_parcel.asp?acct=402131227008&gen=T&tax=T&bld=T&oth=T&sal=T&lnd=T&leg=T,https://recording.charlotteclerk.com/Render/ViewDocuments?inFromSearch=INSTRUMENTNUMBER&inDirectReverse=&inFirstName=&inLastName=&inMiddleName=&inBusinessName=&inBookType=&inBook=&inPage=&inStartDate=&inEndDate=&inCaseNumber=&inInstrumentNumber=&inLegal=&inDocumentTypeIds=,www.charlotte.realforeclose.com,2026-09-21T14:53:29+00:00
charlotte,10/20/2026,09:00 AM ET,402202106021,26-0466,2024-2573,,"101 TRIANGLE ST, PORT CHARLOTTE, FL- 33954",,,2537.83,4498.0,10/20/2026 09:00 AM ET,TAXDEED,https://www.charlotte.realforeclose.com/index.cfm?zaction=auction&zmethod=details&AID=1520063&bypassPage=1,http://www.ccappraiser.com/Show_parcel.asp?acct=402202106021&gen=T&tax=T&bld=T&oth=T&sal=T&lnd=T&leg=T,https://recording.charlotteclerk.com/Render/ViewDocuments?inFromSearch=INSTRUMENTNUMBER&inDirectReverse=&inFirstName=&inLastName=&inMiddleName=&inBusinessName=&inBookType=&inBook=&inPage=&inStartDate=&inEndDate=&inCaseNumber=&inInstrumentNumber=&inLegal=&inDocumentTypeIds=,www.charlotte.realforeclose.com,2026-09-21T14:53:29+00:00
charlotte,10/20/2026,,402219326002,26-0472,2024-3901,,,,,2363.33,,Redeemed,TAXDEED,https://www.charlotte.realforeclose.com/index.cfm?zaction=auction&zmethod=details&AID=1520052&bypassPage=1,http://www.ccappraiser.com/Show_parcel.asp?acct=402219326002&gen=T&tax=T&bld=T&oth=T&sal=T&lnd=T&leg=T,https://recording.charlotteclerk.com/Render/ViewDocuments?inFromSearch=INSTRUMENTNUMBER&inDirectReverse=&inFirstName=&inLastName=&inMiddleName=&inBusinessName=&inBookType=&inBook=&inPage=&inStartDate=&inEndDate=&inCaseNumber=&inInstrumentNumber=&inLegal=&inDocumentTypeIds=,www.charlotte.realforeclose.com,2026-09-21T14:53:29+00:00
charlotte,10/20/2026,09:00 AM ET,402219381001,26-0468,2024-3932,,"18225 KOALA AVE, PORT CHARLOTTE, FL- 33948",,,2165.47,7344.0,10/20/2026 09:00 AM ET,TAXDEED,https://www.charlotte.realforeclose.com/index.cfm?zaction=auction&zmethod=details&AID=1520056&bypassPage=1,http://www.ccappraiser.com/Show_parcel.asp?acct=402219381001&gen=T&tax=T&bld=T&oth=T&sal=T&lnd=T&leg=T,https://recording.charlotteclerk.com/Render/ViewDocuments?inFromSearch=INSTRUMENTNUMBER&inDirectReverse=&inFirstName=&inLastName=&inMiddleName=&inBusinessName=&inBookType=&inBook=&inPage=&inStartDate=&inEndDate=&inCaseNumber=&inInstrumentNumber=&inLegal=&inDocumentTypeIds=,www.charlotte.realforeclose.com,2026-09-21T14:53:29+00:00
charlotte,10/20/2026,09:00 AM ET,402220302001,26-0430,2024-3987,,"18549 GAMEWELL AVENUE, PORT CHARLOTTE, FL- 33948",,,162877.33,310183.0,10/20/2026 09:00 AM ET,TAXDEED,https://www.charlotte.realforeclose.com/index.cfm?zaction=auction&zmethod=details&AID=1520075&bypassPage=1,http://www.ccappraiser.com/Show_parcel.asp?acct=402220302001&gen=T&tax=T&bld=T&oth=T&sal=T&lnd=T&leg=T,https://recording.charlotteclerk.com/Render/ViewDocuments?inFromSearch=INSTRUMENTNUMBER&inDirectReverse=&inFirstName=&inLastName=&inMiddleName=&inBusinessName=&inBookType=&inBook=&inPage=&inStartDate=&inEndDate=&inCaseNumber=&inInstrumentNumber=&inLegal=&inDocumentTypeIds=,www.charlotte.realforeclose.com,2026-09-21T14:53:29+00:00
charlotte,10/20/2026,09:00 AM ET,402220407006,26-0462,2024-4018,,"208 CICERO ST, PORT CHARLOTTE, FL- 33948",,,2474.38,7344.0,10/20/2026 09:00 AM ET,TAXDEED,https://www.charlotte.realforeclose.com/index.cfm?zaction=auction&zmethod=details&AID=1520066&bypassPage=1,http://www.ccappraiser.com/Show_parcel.asp?acct=402220407006&gen=T&tax=T&bld=T&oth=T&sal=T&lnd=T&leg=T,https://recording.charlotteclerk.com/Render/ViewDocuments?inFromSearch=INSTRUMENTNUMBER&inDirectReverse=&inFirstName=&inLastName=&inMiddleName=&inBusinessName=&inBookType=&inBook=&inPage=&inStartDate=&inEndDate=&inCaseNumber=&inInstrumentNumber=&inLegal=&inDocumentTypeIds=,www.charlotte.realforeclose.com,2026-09-21T14:53:29+00:00
charlotte,10/20/2026,09:00 AM ET,402310184003,26-0491,2020-7801,,"1204 HARBOUR PALM CT, PUNTA GORDA, FL- 33983",,,1700.42,1277.0,10/20/2026 09:00 AM ET,TAXDEED,https://www.charlotte.realforeclose.com/index.cfm?zaction=auction&zmethod=details&AID=1520037&bypassPage=1,http://www.ccappraiser.com/Show_parcel.asp?acct=402310184003&gen=T&tax=T&bld=T&oth=T&sal=T&lnd=T&leg=T,https://recording.charlotteclerk.com/Render/ViewDocuments?inFromSearch=INSTRUMENTNUMBER&inDirectReverse=&inFirstName=&inLastName=&inMiddleName=&inBusinessName=&inBookType=&inBook=&inPage=&inStartDate=&inEndDate=&inCaseNumber=&inInstrumentNumber=&inLegal=&inDocumentTypeIds=,www.charlotte.realforeclose.com,2026-09-21T14:53:29+00:00
charlotte,10/20/2026,09:00 AM ET,402310276002,26-0492,2020-7825,,"27514 HARBOUR ZEPHYR CT, PUNTA GORDA, FL- 33983",,,1891.23,1392.0,10/20/2026 09:00 AM ET,TAXDEED,https://www.charlotte.realforeclose.com/index.cfm?zaction=auction&zmethod=details&AID=1520036&bypassPage=1,http://www.ccappraiser.com/Show_parcel.asp?acct=402310276002&gen=T&tax=T&bld=T&oth=T&sal=T&lnd=T&leg=T,https://recording.charlotteclerk.com/Render/ViewDocuments?inFromSearch=INSTRUMENTNUMBER&inDirectReverse=&inFirstName=&inLastName=&inMiddleName=&inBusinessName=&inBookType=&inBook=&inPage=&inStartDate=&inEndDate=&inCaseNumber=&inInstrumentNumber=&inLegal=&inDocumentTypeIds=,www.charlotte.realforeclose.com,2026-09-21T14:53:29+00:00
charlotte,10/20/2026,09:00 AM ET,402416477001,26-0427,2024-5764,,"32931 WASHINGTON LOOP ROAD, PUNTA GORDA, FL- 33982",,,12931.69,287683.0,10/20/2026 09:00 AM ET,TAXDEED,https://www.charlotte.realforeclose.com/index.cfm?zaction=auction&zmethod=details&AID=1520077&bypassPage=1,http://www.ccappraiser.com/Show_parcel.asp?acct=402416477001&gen=T&tax=T&bld=T&oth=T&sal=T&lnd=T&leg=T,https://recording.charlotteclerk.com/Render/ViewDocuments?inFromSearch=INSTRUMENTNUMBER&inDirectReverse=&inFirstName=&inLastName=&inMiddleName=&inBusinessName=&inBookType=&inBook=&inPage=&inStartDate=&inEndDate=&inCaseNumber=&inInstrumentNumber=&inLegal=&inDocumentTypeIds=,www.charlotte.realforeclose.com,2026-09-21T14:53:29+00:00
charlotte,10/20/2026,,402625100005,26-0428,2024-5934,,,,,1594.6,,Redeemed,TAXDEED,https://www.charlotte.realforeclose.com/index.cfm?zaction=auction&zmethod=details&AID=1520076&bypassPage=1,http://www.ccappraiser.com/Show_parcel.asp?acct=402625100005&gen=T&tax=T&bld=T&oth=T&sal=T&lnd=T&leg=T,https://recording.charlotteclerk.com/Render/ViewDocuments?inFromSearch=INSTRUMENTNUMBER&inDirectReverse=&inFirstName=&inLastName=&inMiddleName=&inBusinessName=&inBookType=&inBook=&inPage=&inStartDate=&inEndDate=&inCaseNumber=&inInstrumentNumber=&inLegal=&inDocumentTypeIds=,www.charlotte.realforeclose.com,2026-09-21T14:53:29+00:00
charlotte,10/20/2026,09:00 AM ET,412002229018,26-0178,2024-6097,,"10468 WILLMINGTON BOULEVARD, ENGLEWOOD, FL- 34224",,,23555.95,305018.0,10/20/2026 09:00 AM ET,TAXDEED,https://www.charlotte.realforeclose.com/index.cfm?zaction=auction&zmethod=details&AID=1517145&bypassPage=1,http://www.ccappraiser.com/Show_parcel.asp?acct=412002229018&gen=T&tax=T&bld=T&oth=T&sal=T&lnd=T&leg=T,https://recording.charlotteclerk.com/Render/ViewDocuments?inFromSearch=INSTRUMENTNUMBER&inDirectReverse=&inFirstName=&inLastName=&inMiddleName=&inBusinessName=&inBookType=&inBook=&inPage=&inStartDate=&inEndDate=&inCaseNumber=&inInstrumentNumber=&inLegal=&inDocumentTypeIds=,www.charlotte.realforeclose.com,2026-09-21T14:53:29+00:00
charlotte,10/20/2026,,412009556087,26-0475,2024-6374,,"6767 SAN CASA DRIVE, ENGLEWOOD, FL- 34224",,,7915.86,,Redeemed,TAXDEED,https://www.charlotte.realforeclose.com/index.cfm?zaction=auction&zmethod=details&AID=1520050&bypassPage=1,http://www.ccappraiser.com/Show_parcel.asp?acct=412009556087&gen=T&tax=T&bld=T&oth=T&sal=T&lnd=T&leg=T,https://recording.charlotteclerk.com/Render/ViewDocuments?inFromSearch=INSTRUMENTNUMBER&inDirectReverse=&inFirstName=&inLastName=&inMiddleName=&inBusinessName=&inBookType=&inBook=&inPage=&inStartDate=&inEndDate=&inCaseNumber=&inInstrumentNumber=&inLegal=&inDocumentTypeIds=,www.charlotte.realforeclose.com,2026-09-21T14:53:29+00:00
charlotte,10/20/2026,09:00 AM ET,412010353020,26-0469,2024-6413,,"7467 CLAYTON ST, ENGLEWOOD, FL- 34224",,,2680.18,10600.0,10/20/2026 09:00 AM ET,TAXDEED,https://www.charlotte.realforeclose.com/index.cfm?zaction=auction&zmethod=details&AID=1520055&bypassPage=1,http://www.ccappraiser.com/Show_parcel.asp?acct=412010353020&gen=T&tax=T&bld=T&oth=T&sal=T&lnd=T&leg=T,https://recording.charlotteclerk.com/Render/ViewDocuments?inFromSearch=INSTRUMENTNUMBER&inDirectReverse=&inFirstName=&inLastName=&inMiddleName=&inBusinessName=&inBookType=&inBook=&inPage=&inStartDate=&inEndDate=&inCaseNumber=&inInstrumentNumber=&inLegal=&inDocumentTypeIds=,www.charlotte.realforeclose.com,2026-09-21T14:53:29+00:00
charlotte,10/20/2026,,412015227004,26-0476,2024-6646,,,,,2425.82,,Redeemed,TAXDEED,https://www.charlotte.realforeclose.com/index.cfm?zaction=auction&zmethod=details&AID=1520049&bypassPage=1,http://www.ccappraiser.com/Show_parcel.asp?acct=412015227004&gen=T&tax=T&bld=T&oth=T&sal=T&lnd=T&leg=T,https://recording.charlotteclerk.com/Render/ViewDocuments?inFromSearch=INSTRUMENTNUMBER&inDirectReverse=&inFirstName=&inLastName=&inMiddleName=&inBusinessName=&inBookType=&inBook=&inPage=&inStartDate=&inEndDate=&inCaseNumber=&inInstrumentNumber=&inLegal=&inDocumentTypeIds=,www.charlotte.realforeclose.com,2026-09-21T14:53:29+00:00
charlotte,10/20/2026,09:00 AM ET,412106154003,26-0467,2024-7157,,"6160 PRINGLE ST, PORT CHARLOTTE, FL- 33981",,,2581.12,6471.0,10/20/2026 09:00 AM ET,TAXDEED,https://www.charlotte.realforeclose.com/index.cfm?zaction=auction&zmethod=details&AID=1520057&bypassPage=1,http://www.ccappraiser.com/Show_parcel.asp?acct=412106154003&gen=T&tax=T&bld=T&oth=T&sal=T&lnd=T&leg=T,https://recording.charlotteclerk.com/Render/ViewDocuments?inFromSearch=INSTRUMENTNUMBER&inDirectReverse=&inFirstName=&inLastName=&inMiddleName=&inBusinessName=&inBookType=&inBook=&inPage=&inStartDate=&inEndDate=&inCaseNumber=&inInstrumentNumber=&inLegal=&inDocumentTypeIds=,www.charlotte.realforeclose.com,2026-09-21T14:53:29+00:00
charlotte,10/20/2026,09:00 AM ET,412129406006,26-0419,2024-8359,,"10377 PORT EVERGLADES ST, PORT CHARLOTTE, FL- 33981",,,1498.48,11226.0,10/20/2026 09:00 AM ET,TAXDEED,https://www.charlotte.realforeclose.com/index.cfm?zaction=auction&zmethod=details&AID=1520079&bypassPage=1,http://www.ccappraiser.com/Show_parcel.asp?acct=412129406006&gen=T&tax=T&bld=T&oth=T&sal=T&lnd=T&leg=T,https://recording.charlotteclerk.com/Render/ViewDocuments?inFromSearch=INSTRUMENTNUMBER&inDirectReverse=&inFirstName=&inLastName=&inMiddleName=&inBusinessName=&inBookType=&inBook=&inPage=&inStartDate=&inEndDate=&inCaseNumber=&inInstrumentNumber=&inLegal=&inDocumentTypeIds=,www.charlotte.realforeclose.com,2026-09-21T14:53:29+00:00
charlotte,10/20/2026,09:00 AM ET,412133131011,26-0444,2024-8717,,"32 CALAMONDIN WAY, PLACIDA, FL- 33946",,,2907.64,15300.0,10/20/2026 09:00 AM ET,TAXDEED,https://www.charlotte.realforeclose.com/index.cfm?zaction=auction&zmethod=details&AID=1520073&bypassPage=1,http://www.ccappraiser.com/Show_parcel.asp?acct=412133131011&gen=T&tax=T&bld=T&oth=T&sal=T&lnd=T&leg=T,https://recording.charlotteclerk.com/Render/ViewDocuments?inFromSearch=INSTRUMENTNUMBER&inDirectReverse=&inFirstName=&inLastName=&inMiddleName=&inBusinessName=&inBookType=&inBook=&inPage=&inStartDate=&inEndDate=&inCaseNumber=&inInstrumentNumber=&inLegal=&inDocumentTypeIds=,www.charlotte.realforeclose.com,2026-09-21T14:53:29+00:00
charlotte,10/20/2026,09:00 AM ET,412133337007,26-0477,2024-8769,,"23 COCKATOO DR, PLACIDA, FL- 33946",,,2497.2,6586.0,10/20/2026 09:00 AM ET,TAXDEED,https://www.charlotte.realforeclose.com/index.cfm?zaction=auction&zmethod=details&AID=1520048&bypassPage=1,http://www.ccappraiser.com/Show_parcel.asp?acct=412133337007&gen=T&tax=T&bld=T&oth=T&sal=T&lnd=T&leg=T,https://recording.charlotteclerk.com/Render/ViewDocuments?inFromSearch=INSTRUMENTNUMBER&inDirectReverse=&inFirstName=&inLastName=&inMiddleName=&inBusinessName=&inBookType=&inBook=&inPage=&inStartDate=&inEndDate=&inCaseNumber=&inInstrumentNumber=&inLegal=&inDocumentTypeIds=,www.charlotte.realforeclose.com,2026-09-21T14:53:29+00:00
charlotte,10/20/2026,09:00 AM ET,412133388012,26-0441,2024-8802,,"36 STARLING DR, PLACIDA, FL- 33946",,,2325.36,6571.0,10/20/2026 09:00 AM ET,TAXDEED,https://www.charlotte.realforeclose.com/index.cfm?zaction=auction&zmethod=details&AID=1520074&bypassPage=1,http://www.ccappraiser.com/Show_parcel.asp?acct=412133388012&gen=T&tax=T&bld=T&oth=T&sal=T&lnd=T&leg=T,https://recording.charlotteclerk.com/Render/ViewDocuments?inFromSearch=INSTRUMENTNUMBER&inDirectReverse=&inFirstName=&inLastName=&inMiddleName=&inBusinessName=&inBookType=&inBook=&inPage=&inStartDate=&inEndDate=&inCaseNumber=&inInstrumentNumber=&inLegal=&inDocumentTypeIds=,www.charlotte.realforeclose.com,2026-09-21T14:53:29+00:00
charlotte,10/20/2026,09:00 AM ET,412303127004,26-0481,2023-9543,,,,,2052.79,3395.0,10/20/2026 09:00 AM ET,TAXDEED,https://www.charlotte.realforeclose.com/index.cfm?zaction=auction&zmethod=details&AID=1520046&bypassPage=1,http://www.ccappraiser.com/Show_parcel.asp?acct=412303127004&gen=T&tax=T&bld=T&oth=T&sal=T&lnd=T&leg=T,https://recording.charlotteclerk.com/Render/ViewDocuments?inFromSearch=INSTRUMENTNUMBER&inDirectReverse=&inFirstName=&inLastName=&inMiddleName=&inBusinessName=&inBookType=&inBook=&inPage=&inStartDate=&inEndDate=&inCaseNumber=&inInstrumentNumber=&inLegal=&inDocumentTypeIds=,www.charlotte.realforeclose.com,2026-09-21T14:53:29+00:00
charlotte,10/20/2026,09:00 AM ET,412303127005,26-0482,2023-9544,,,,,2033.83,3395.0,10/20/2026 09:00 AM ET,TAXDEED,https://www.charlotte.realforeclose.com/index.cfm?zaction=auction&zmethod=details&AID=1520045&bypassPage=1,http://www.ccappraiser.com/Show_parcel.asp?acct=412303127005&gen=T&tax=T&bld=T&oth=T&sal=T&lnd=T&leg=T,https://recording.charlotteclerk.com/Render/ViewDocuments?inFromSearch=INSTRUMENTNUMBER&inDirectReverse=&inFirstName=&inLastName=&inMiddleName=&inBusinessName=&inBookType=&inBook=&inPage=&inStartDate=&inEndDate=&inCaseNumber=&inInstrumentNumber=&inLegal=&inDocumentTypeIds=,www.charlotte.realforeclose.com,2026-09-21T14:53:29+00:00
charlotte,10/20/2026,09:00 AM ET,412303127006,26-0485,2023-9545,,,,,1772.12,3395.0,10/20/2026 09:00 AM ET,TAXDEED,https://www.charlotte.realforeclose.com/index.cfm?zaction=auction&zmethod=details&AID=1520042&bypassPage=1,http://www.ccappraiser.com/Show_parcel.asp?acct=412303127006&gen=T&tax=T&bld=T&oth=T&sal=T&lnd=T&leg=T,https://recording.charlotteclerk.com/Render/ViewDocuments?inFromSearch=INSTRUMENTNUMBER&inDirectReverse=&inFirstName=&inLastName=&inMiddleName=&inBusinessName=&inBookType=&inBook=&inPage=&inStartDate=&inEndDate=&inCaseNumber=&inInstrumentNumber=&inLegal=&inDocumentTypeIds=,www.charlotte.realforeclose.com,2026-09-21T14:53:29+00:00
charlotte,10/20/2026,09:00 AM ET,412303203002,26-0483,2023-9565,,"210 N YELLOWTAIL LN, PUNTA GORDA, FL- 33982",,,1401.28,3395.0,10/20/2026 09:00 AM ET,TAXDEED,https://www.charlotte.realforeclose.com/index.cfm?zaction=auction&zmethod=details&AID=1520044&bypassPage=1,http://www.ccappraiser.com/Show_parcel.asp?acct=412303203002&gen=T&tax=T&bld=T&oth=T&sal=T&lnd=T&leg=T,https://recording.charlotteclerk.com/Render/ViewDocuments?inFromSearch=INSTRUMENTNUMBER&inDirectReverse=&inFirstName=&inLastName=&inMiddleName=&inBusinessName=&inBookType=&inBook=&inPage=&inStartDate=&inEndDate=&inCaseNumber=&inInstrumentNumber=&inLegal=&inDocumentTypeIds=,www.charlotte.realforeclose.com,2026-09-21T14:53:29+00:00
charlotte,10/20/2026,09:00 AM ET,412303303016,26-0471,2024-9066,,"4410 S FAIRWAY DR, PUNTA GORDA, FL- 33982",,,1562.73,2987.0,10/20/2026 09:00 AM ET,TAXDEED,https://www.charlotte.realforeclose.com/index.cfm?zaction=auction&zmethod=details&AID=1520053&bypassPage=1,http://www.ccappraiser.com/Show_parcel.asp?acct=412303303016&gen=T&tax=T&bld=T&oth=T&sal=T&lnd=T&leg=T,https://recording.charlotteclerk.com/Render/ViewDocuments?inFromSearch=INSTRUMENTNUMBER&inDirectReverse=&inFirstName=&inLastName=&inMiddleName=&inBusinessName=&inBookType=&inBook=&inPage=&inStartDate=&inEndDate=&inCaseNumber=&inInstrumentNumber=&inLegal=&inDocumentTypeIds=,www.charlotte.realforeclose.com,2026-09-21T14:53:29+00:00
charlotte,10/20/2026,09:00 AM ET,412303308004,26-0484,2023-9627,,,,,1766.55,4303.0,10/20/2026 09:00 AM ET,TAXDEED,https://www.charlotte.realforeclose.com/index.cfm?zaction=auction&zmethod=details&AID=1520043&bypassPage=1,http://www.ccappraiser.com/Show_parcel.asp?acct=412303308004&gen=T&tax=T&bld=T&oth=T&sal=T&lnd=T&leg=T,https://recording.charlotteclerk.com/Render/ViewDocuments?inFromSearch=INSTRUMENTNUMBER&inDirectReverse=&inFirstName=&inLastName=&inMiddleName=&inBusinessName=&inBookType=&inBook=&inPage=&inStartDate=&inEndDate=&inCaseNumber=&inInstrumentNumber=&inLegal=&inDocumentTypeIds=,www.charlotte.realforeclose.com,2026-09-21T14:53:29+00:00
charlotte,10/20/2026,09:00 AM ET,412303401010,26-0486,2024-9080,,"4910 JACARANDA DR, PUNTA GORDA, FL- 33982",,,1534.51,5115.0,10/20/2026 09:00 AM ET,TAXDEED,https://www.charlotte.realforeclose.com/index.cfm?zaction=auction&zmethod=details&AID=1520041&bypassPage=1,http://www.ccappraiser.com/Show_parcel.asp?acct=412303401010&gen=T&tax=T&bld=T&oth=T&sal=T&lnd=T&leg=T,https://recording.charlotteclerk.com/Render/ViewDocuments?inFromSearch=INSTRUMENTNUMBER&inDirectReverse=&inFirstName=&inLastName=&inMiddleName=&inBusinessName=&inBookType=&inBook=&inPage=&inStartDate=&inEndDate=&inCaseNumber=&inInstrumentNumber=&inLegal=&inDocumentTypeIds=,www.charlotte.realforeclose.com,2026-09-21T14:53:29+00:00
charlotte,10/20/2026,09:00 AM ET,412303405002,26-0487,2024-9081,,"1010 SAWFISH LN, PUNTA GORDA, FL- 33982",,,1771.93,3256.0,10/20/2026 09:00 AM ET,TAXDEED,https://www.charlotte.realforeclose.com/index.cfm?zaction=auction&zmethod=details&AID=1520040&bypassPage=1,http://www.ccappraiser.com/Show_parcel.asp?acct=412303405002&gen=T&tax=T&bld=T&oth=T&sal=T&lnd=T&leg=T,https://recording.charlotteclerk.com/Render/ViewDocuments?inFromSearch=INSTRUMENTNUMBER&inDirectReverse=&inFirstName=&inLastName=&inMiddleName=&inBusinessName=&inBookType=&inBook=&inPage=&inStartDate=&inEndDate=&inCaseNumber=&inInstrumentNumber=&inLegal=&inDocumentTypeIds=,www.charlotte.realforeclose.com,2026-09-21T14:53:29+00:00
charlotte,10/20/2026,09:00 AM ET,412333404003,26-0493,2020-13737,,"26301 CUSTER RD, PUNTA GORDA, FL- 33955",,,5299.7,4947.0,10/20/2026 09:00 AM ET,TAXDEED,https://www.charlotte.realforeclose.com/index.cfm?zaction=auction&zmethod=details&AID=1520035&bypassPage=1,http://www.ccappraiser.com/Show_parcel.asp?acct=412333404003&gen=T&tax=T&bld=T&oth=T&sal=T&lnd=T&leg=T,https://recording.charlotteclerk.com/Render/ViewDocuments?inFromSearch=INSTRUMENTNUMBER&inDirectReverse=&inFirstName=&inLastName=&inMiddleName=&inBusinessName=&inBookType=&inBook=&inPage=&inStartDate=&inEndDate=&inCaseNumber=&inInstrumentNumber=&inLegal=&inDocumentTypeIds=,www.charlotte.realforeclose.com,2026-09-21T14:53:29+00:00
charlotte,10/20/2026,09:00 AM ET,412334163018,26-0445,2024-11479,,"11273 THIRD AVE, PUNTA GORDA, FL- 33955",,,14458.65,7421.0,10/20/2026 09:00 AM ET,TAXDEED,https://www.charlotte.realforeclose.com/index.cfm?zaction=auction&zmethod=details&AID=1520072&bypassPage=1,http://www.ccappraiser.com/Show_parcel.asp?acct=412334163018&gen=T&tax=T&bld=T&oth=T&sal=T&lnd=T&leg=T,https://recording.charlotteclerk.com/Render/ViewDocuments?inFromSearch=INSTRUMENTNUMBER&inDirectReverse=&inFirstName=&inLastName=&inMiddleName=&inBusinessName=&inBookType=&inBook=&inPage=&inStartDate=&inEndDate=&inCaseNumber=&inInstrumentNumber=&inLegal=&inDocumentTypeIds=,www.charlotte.realforeclose.com,2026-09-21T14:53:29+00:00
charlotte,10/20/2026,09:00 AM ET,412334228018,26-0423,2024-9705,,"15516 MANGO DRIVE, PUNTA GORDA, FL- 33955",,,6108.04,34510.0,10/20/2026 09:00 AM ET,TAXDEED,https://www.charlotte.realforeclose.com/index.cfm?zaction=auction&zmethod=details&AID=1520078&bypassPage=1,http://www.ccappraiser.com/Show_parcel.asp?acct=412334228018&gen=T&tax=T&bld=T&oth=T&sal=T&lnd=T&leg=T,https://recording.charlotteclerk.com/Render/ViewDocuments?inFromSearch=INSTRUMENTNUMBER&inDirectReverse=&inFirstName=&inLastName=&inMiddleName=&inBusinessName=&inBookType=&inBook=&inPage=&inStartDate=&inEndDate=&inCaseNumber=&inInstrumentNumber=&inLegal=&inDocumentTypeIds=,www.charlotte.realforeclose.com,2026-09-21T14:53:29+00:00
charlotte,10/20/2026,09:00 AM ET,422109251002,26-0480,2024-10242,,"14373 WARMOUTH DR, PLACIDA, FL- 33946",,,1435.28,10.0,10/20/2026 09:00 AM ET,TAXDEED,https://www.charlotte.realforeclose.com/index.cfm?zaction=auction&zmethod=details&AID=1520047&bypassPage=1,http://www.ccappraiser.com/Show_parcel.asp?acct=422109251002&gen=T&tax=T&bld=T&oth=T&sal=T&lnd=T&leg=T,https://recording.charlotteclerk.com/Render/ViewDocuments?inFromSearch=INSTRUMENTNUMBER&inDirectReverse=&inFirstName=&inLastName=&inMiddleName=&inBusinessName=&inBookType=&inBook=&inPage=&inStartDate=&inEndDate=&inCaseNumber=&inInstrumentNumber=&inLegal=&inDocumentTypeIds=,www.charlotte.realforeclose.com,2026-09-21T14:53:29+00:00
charlotte,10/20/2026,09:00 AM ET,422303277009,26-0495,2020-15085,,"12206 HINDLE AVE, PUNTA GORDA, FL- 33955",,,3906.73,3559.0,10/20/2026 09:00 AM ET,TAXDEED,https://www.charlotte.realforeclose.com/index.cfm?zaction=auction&zmethod=details&AID=1520034&bypassPage=1,http://www.ccappraiser.com/Show_parcel.asp?acct=422303277009&gen=T&tax=T&bld=T&oth=T&sal=T&lnd=T&leg=T,https://recording.charlotteclerk.com/Render/ViewDocuments?inFromSearch=INSTRUMENTNUMBER&inDirectReverse=&inFirstName=&inLastName=&inMiddleName=&inBusinessName=&inBookType=&inBook=&inPage=&inStartDate=&inEndDate=&inCaseNumber=&inInstrumentNumber=&inLegal=&inDocumentTypeIds=,www.charlotte.realforeclose.com,2026-09-21T14:53:29+00:00
charlotte,10/20/2026,,422310207021,26-0496,2020-15482,,,,,3902.46,,Redeemed,TAXDEED,https://www.charlotte.realforeclose.com/index.cfm?zaction=auction&zmethod=details&AID=1520033&bypassPage=1,http://www.ccappraiser.com/Show_parcel.asp?acct=422310207021&gen=T&tax=T&bld=T&oth=T&sal=T&lnd=T&leg=T,https://recording.charlotteclerk.com/Render/ViewDocuments?inFromSearch=INSTRUMENTNUMBER&inDirectReverse=&inFirstName=&inLastName=&inMiddleName=&inBusinessName=&inBookType=&inBook=&inPage=&inStartDate=&inEndDate=&inCaseNumber=&inInstrumentNumber=&inLegal=&inDocumentTypeIds=,www.charlotte.realforeclose.com,2026-09-21T14:53:29+00:00
charlotte,10/20/2026,09:00 AM ET,422415251006,26-0450,2019-14646,,"33580 OIL WELL RD, PUNTA GORDA, FL- 33955",,,2797.46,8290.0,10/20/2026 09:00 AM ET,TAXDEED,https://www.charlotte.realforeclose.com/index.cfm?zaction=auction&zmethod=details&AID=1520071&bypassPage=1,http://www.ccappraiser.com/Show_parcel.asp?acct=422415251006&gen=T&tax=T&bld=T&oth=T&sal=T&lnd=T&leg=T,https://recording.charlotteclerk.com/Render/ViewDocuments?inFromSearch=INSTRUMENTNUMBER&inDirectReverse=&inFirstName=&inLastName=&inMiddleName=&inBusinessName=&inBookType=&inBook=&inPage=&inStartDate=&inEndDate=&inCaseNumber=&inInstrumentNumber=&inLegal=&inDocumentTypeIds=,www.charlotte.realforeclose.com,2026-09-21T14:53:29+00:00
charlotte,10/27/2026,09:00 AM ET,402102279009,26-0540,2024-167,,,,,3043.16,,10/27/2026 09:00 AM ET,TAXDEED,https://www.charlotte.realforeclose.com/index.cfm?zaction=auction&zmethod=details&AID=1521251&bypassPage=1,http://www.ccappraiser.com/Show_parcel.asp?acct=402102279009&gen=T&tax=T&bld=T&oth=T&sal=T&lnd=T&leg=T,https://recording.charlotteclerk.com/Render/ViewDocuments?inFromSearch=INSTRUMENTNUMBER&inDirectReverse=&inFirstName=&inLastName=&inMiddleName=&inBusinessName=&inBookType=&inBook=&inPage=&inStartDate=&inEndDate=&inCaseNumber=&inInstrumentNumber=&inLegal=&inDocumentTypeIds=,www.charlotte.realforeclose.com,2026-09-21T14:53:48+00:00
charlotte,10/27/2026,09:00 AM ET,402102279010,26-0542,2024-168,,,,,3028.84,,10/27/2026 09:00 AM ET,TAXDEED,https://www.charlotte.realforeclose.com/index.cfm?zaction=auction&zmethod=details&AID=1521249&bypassPage=1,http://www.ccappraiser.com/Show_parcel.asp?acct=402102279010&gen=T&tax=T&bld=T&oth=T&sal=T&lnd=T&leg=T,https://recording.charlotteclerk.com/Render/ViewDocuments?inFromSearch=INSTRUMENTNUMBER&inDirectReverse=&inFirstName=&inLastName=&inMiddleName=&inBusinessName=&inBookType=&inBook=&inPage=&inStartDate=&inEndDate=&inCaseNumber=&inInstrumentNumber=&inLegal=&inDocumentTypeIds=,www.charlotte.realforeclose.com,2026-09-21T14:53:48+00:00
charlotte,10/27/2026,09:00 AM ET,402102279011,26-0545,2024-169,,,,,3028.84,,10/27/2026 09:00 AM ET,TAXDEED,https://www.charlotte.realforeclose.com/index.cfm?zaction=auction&zmethod=details&AID=1521246&bypassPage=1,http://www.ccappraiser.com/Show_parcel.asp?acct=402102279011&gen=T&tax=T&bld=T&oth=T&sal=T&lnd=T&leg=T,https://recording.charlotteclerk.com/Render/ViewDocuments?inFromSearch=INSTRUMENTNUMBER&inDirectReverse=&inFirstName=&inLastName=&inMiddleName=&inBusinessName=&inBookType=&inBook=&inPage=&inStartDate=&inEndDate=&inCaseNumber=&inInstrumentNumber=&inLegal=&inDocumentTypeIds=,www.charlotte.realforeclose.com,2026-09-21T14:53:48+00:00
charlotte,10/27/2026,09:00 AM ET,402102279012,26-0543,2024-170,,,,,3028.84,,10/27/2026 09:00 AM ET,TAXDEED,https://www.charlotte.realforeclose.com/index.cfm?zaction=auction&zmethod=details&AID=1521248&bypassPage=1,http://www.ccappraiser.com/Show_parcel.asp?acct=402102279012&gen=T&tax=T&bld=T&oth=T&sal=T&lnd=T&leg=T,https://recording.charlotteclerk.com/Render/ViewDocuments?inFromSearch=INSTRUMENTNUMBER&inDirectReverse=&inFirstName=&inLastName=&inMiddleName=&inBusinessName=&inBookType=&inBook=&inPage=&inStartDate=&inEndDate=&inCaseNumber=&inInstrumentNumber=&inLegal=&inDocumentTypeIds=,www.charlotte.realforeclose.com,2026-09-21T14:53:48+00:00
charlotte,10/27/2026,09:00 AM ET,402102279013,26-0544,2024-171,,,,,3028.84,,10/27/2026 09:00 AM ET,TAXDEED,https://www.charlotte.realforeclose.com/index.cfm?zaction=auction&zmethod=details&AID=1521247&bypassPage=1,http://www.ccappraiser.com/Show_parcel.asp?acct=402102279013&gen=T&tax=T&bld=T&oth=T&sal=T&lnd=T&leg=T,https://recording.charlotteclerk.com/Render/ViewDocuments?inFromSearch=INSTRUMENTNUMBER&inDirectReverse=&inFirstName=&inLastName=&inMiddleName=&inBusinessName=&inBookType=&inBook=&inPage=&inStartDate=&inEndDate=&inCaseNumber=&inInstrumentNumber=&inLegal=&inDocumentTypeIds=,www.charlotte.realforeclose.com,2026-09-21T14:53:48+00:00
charlotte,10/27/2026,09:00 AM ET,402106302022,26-0506,2024-732,,,,,4565.26,,10/27/2026 09:00 AM ET,TAXDEED,https://www.charlotte.realforeclose.com/index.cfm?zaction=auction&zmethod=details&AID=1521293&bypassPage=1,http://www.ccappraiser.com/Show_parcel.asp?acct=402106302022&gen=T&tax=T&bld=T&oth=T&sal=T&lnd=T&leg=T,https://recording.charlotteclerk.com/Render/ViewDocuments?inFromSearch=INSTRUMENTNUMBER&inDirectReverse=&inFirstName=&inLastName=&inMiddleName=&inBusinessName=&inBookType=&inBook=&inPage=&inStartDate=&inEndDate=&inCaseNumber=&inInstrumentNumber=&inLegal=&inDocumentTypeIds=,www.charlotte.realforeclose.com,2026-09-21T14:53:47+00:00
charlotte,10/27/2026,09:00 AM ET,402106329018,26-0507,2024-749,,,,,4373.48,,10/27/2026 09:00 AM ET,TAXDEED,https://www.charlotte.realforeclose.com/index.cfm?zaction=auction&zmethod=details&AID=1521292&bypassPage=1,http://www.ccappraiser.com/Show_parcel.asp?acct=402106329018&gen=T&tax=T&bld=T&oth=T&sal=T&lnd=T&leg=T,https://recording.charlotteclerk.com/Render/ViewDocuments?inFromSearch=INSTRUMENTNUMBER&inDirectReverse=&inFirstName=&inLastName=&inMiddleName=&inBusinessName=&inBookType=&inBook=&inPage=&inStartDate=&inEndDate=&inCaseNumber=&inInstrumentNumber=&inLegal=&inDocumentTypeIds=,www.charlotte.realforeclose.com,2026-09-21T14:53:47+00:00
charlotte,10/27/2026,09:00 AM ET,402107106001,26-0508,2024-827,,,,,1276.21,,10/27/2026 09:00 AM ET,TAXDEED,https://www.charlotte.realforeclose.com/index.cfm?zaction=auction&zmethod=details&AID=1521291&bypassPage=1,http://www.ccappraiser.com/Show_parcel.asp?acct=402107106001&gen=T&tax=T&bld=T&oth=T&sal=T&lnd=T&leg=T,https://recording.charlotteclerk.com/Render/ViewDocuments?inFromSearch=INSTRUMENTNUMBER&inDirectReverse=&inFirstName=&inLastName=&inMiddleName=&inBusinessName=&inBookType=&inBook=&inPage=&inStartDate=&inEndDate=&inCaseNumber=&inInstrumentNumber=&inLegal=&inDocumentTypeIds=,www.charlotte.realforeclose.com,2026-09-21T14:53:47+00:00
charlotte,10/27/2026,09:00 AM ET,402107106005,26-0510,2024-828,,,,,2813.32,,10/27/2026 09:00 AM ET,TAXDEED,https://www.charlotte.realforeclose.com/index.cfm?zaction=auction&zmethod=details&AID=1521289&bypassPage=1,http://www.ccappraiser.com/Show_parcel.asp?acct=402107106005&gen=T&tax=T&bld=T&oth=T&sal=T&lnd=T&leg=T,https://recording.charlotteclerk.com/Render/ViewDocuments?inFromSearch=INSTRUMENTNUMBER&inDirectReverse=&inFirstName=&inLastName=&inMiddleName=&inBusinessName=&inBookType=&inBook=&inPage=&inStartDate=&inEndDate=&inCaseNumber=&inInstrumentNumber=&inLegal=&inDocumentTypeIds=,www.charlotte.realforeclose.com,2026-09-21T14:53:47+00:00
charlotte,10/27/2026,09:00 AM ET,402107128001,26-0509,2024-831,,,,,2813.32,,10/27/2026 09:00 AM ET,TAXDEED,https://www.charlotte.realforeclose.com/index.cfm?zaction=auction&zmethod=details&AID=1521290&bypassPage=1,http://www.ccappraiser.com/Show_parcel.asp?acct=402107128001&gen=T&tax=T&bld=T&oth=T&sal=T&lnd=T&leg=T,https://recording.charlotteclerk.com/Render/ViewDocuments?inFromSearch=INSTRUMENTNUMBER&inDirectReverse=&inFirstName=&inLastName=&inMiddleName=&inBusinessName=&inBookType=&inBook=&inPage=&inStartDate=&inEndDate=&inCaseNumber=&inInstrumentNumber=&inLegal=&inDocumentTypeIds=,www.charlotte.realforeclose.com,2026-09-21T14:53:47+00:00
charlotte,10/27/2026,09:00 AM ET,402107203010,26-0511,2024-862,,,,,4404.45,,10/27/2026 09:00 AM ET,TAXDEED,https://www.charlotte.realforeclose.com/index.cfm?zaction=auction&zmethod=details&AID=1521288&bypassPage=1,http://www.ccappraiser.com/Show_parcel.asp?acct=402107203010&gen=T&tax=T&bld=T&oth=T&sal=T&lnd=T&leg=T,https://recording.charlotteclerk.com/Render/ViewDocuments?inFromSearch=INSTRUMENTNUMBER&inDirectReverse=&inFirstName=&inLastName=&inMiddleName=&inBusinessName=&inBookType=&inBook=&inPage=&inStartDate=&inEndDate=&inCaseNumber=&inInstrumentNumber=&inLegal=&inDocumentTypeIds=,www.charlotte.realforeclose.com,2026-09-21T14:53:47+00:00
charlotte,10/27/2026,09:00 AM ET,402107432007,26-0512,2024-912,,,,,2725.16,,10/27/2026 09:00 AM ET,TAXDEED,https://www.charlotte.realforeclose.com/index.cfm?zaction=auction&zmethod=details&AID=1521287&bypassPage=1,http://www.ccappraiser.com/Show_parcel.asp?acct=402107432007&gen=T&tax=T&bld=T&oth=T&sal=T&lnd=T&leg=T,https://recording.charlotteclerk.com/Render/ViewDocuments?inFromSearch=INSTRUMENTNUMBER&inDirectReverse=&inFirstName=&inLastName=&inMiddleName=&inBusinessName=&inBookType=&inBook=&inPage=&inStartDate=&inEndDate=&inCaseNumber=&inInstrumentNumber=&inLegal=&inDocumentTypeIds=,www.charlotte.realforeclose.com,2026-09-21T14:53:47+00:00
charlotte,10/27/2026,09:00 AM ET,402108153003,26-0513,2024-948,,,,,4604.61,,10/27/2026 09:00 AM ET,TAXDEED,https://www.charlotte.realforeclose.com/index.cfm?zaction=auction&zmethod=details&AID=1521286&bypassPage=1,http://www.ccappraiser.com/Show_parcel.asp?acct=402108153003&gen=T&tax=T&bld=T&oth=T&sal=T&lnd=T&leg=T,https://recording.charlotteclerk.com/Render/ViewDocuments?inFromSearch=INSTRUMENTNUMBER&inDirectReverse=&inFirstName=&inLastName=&inMiddleName=&inBusinessName=&inBookType=&inBook=&inPage=&inStartDate=&inEndDate=&inCaseNumber=&inInstrumentNumber=&inLegal=&inDocumentTypeIds=,www.charlotte.realforeclose.com,2026-09-21T14:53:47+00:00
charlotte,10/27/2026,09:00 AM ET,402108158006,26-0514,2024-951,,,,,2518.22,,10/27/2026 09:00 AM ET,TAXDEED,https://www.charlotte.realforeclose.com/index.cfm?zaction=auction&zmethod=details&AID=1521285&bypassPage=1,http://www.ccappraiser.com/Show_parcel.asp?acct=402108158006&gen=T&tax=T&bld=T&oth=T&sal=T&lnd=T&leg=T,https://recording.charlotteclerk.com/Render/ViewDocuments?inFromSearch=INSTRUMENTNUMBER&inDirectReverse=&inFirstName=&inLastName=&inMiddleName=&inBusinessName=&inBookType=&inBook=&inPage=&inStartDate=&inEndDate=&inCaseNumber=&inInstrumentNumber=&inLegal=&inDocumentTypeIds=,www.charlotte.realforeclose.com,2026-09-21T14:53:47+00:00
charlotte,10/27/2026,09:00 AM ET,402109256005,26-0516,2024-1088,,,,,1973.41,,10/27/2026 09:00 AM ET,TAXDEED,https://www.charlotte.realforeclose.com/index.cfm?zaction=auction&zmethod=details&AID=1521284&bypassPage=1,http://www.ccappraiser.com/Show_parcel.asp?acct=402109256005&gen=T&tax=T&bld=T&oth=T&sal=T&lnd=T&leg=T,https://recording.charlotteclerk.com/Render/ViewDocuments?inFromSearch=INSTRUMENTNUMBER&inDirectReverse=&inFirstName=&inLastName=&inMiddleName=&inBusinessName=&inBookType=&inBook=&inPage=&inStartDate=&inEndDate=&inCaseNumber=&inInstrumentNumber=&inLegal=&inDocumentTypeIds=,www.charlotte.realforeclose.com,2026-09-21T14:53:48+00:00
charlotte,10/27/2026,,402113258025,26-0517,2024-1430,,,,,1432.17,,Redeemed,TAXDEED,https://www.charlotte.realforeclose.com/index.cfm?zaction=auction&zmethod=details&AID=1521283&bypassPage=1,http://www.ccappraiser.com/Show_parcel.asp?acct=402113258025&gen=T&tax=T&bld=T&oth=T&sal=T&lnd=T&leg=T,https://recording.charlotteclerk.com/Render/ViewDocuments?inFromSearch=INSTRUMENTNUMBER&inDirectReverse=&inFirstName=&inLastName=&inMiddleName=&inBusinessName=&inBookType=&inBook=&inPage=&inStartDate=&inEndDate=&inCaseNumber=&inInstrumentNumber=&inLegal=&inDocumentTypeIds=,www.charlotte.realforeclose.com,2026-09-21T14:53:47+00:00
charlotte,10/27/2026,09:00 AM ET,402113376002,26-0518,2024-1458,,,,,2675.31,,10/27/2026 09:00 AM ET,TAXDEED,https://www.charlotte.realforeclose.com/index.cfm?zaction=auction&zmethod=details&AID=1521282&bypassPage=1,http://www.ccappraiser.com/Show_parcel.asp?acct=402113376002&gen=T&tax=T&bld=T&oth=T&sal=T&lnd=T&leg=T,https://recording.charlotteclerk.com/Render/ViewDocuments?inFromSearch=INSTRUMENTNUMBER&inDirectReverse=&inFirstName=&inLastName=&inMiddleName=&inBusinessName=&inBookType=&inBook=&inPage=&inStartDate=&inEndDate=&inCaseNumber=&inInstrumentNumber=&inLegal=&inDocumentTypeIds=,www.charlotte.realforeclose.com,2026-09-21T14:53:48+00:00
charlotte,10/27/2026,09:00 AM ET,402115177016,26-0519,2024-1533,,,,,2672.92,,10/27/2026 09:00 AM ET,TAXDEED,https://www.charlotte.realforeclose.com/index.cfm?zaction=auction&zmethod=details&AID=1521281&bypassPage=1,http://www.ccappraiser.com/Show_parcel.asp?acct=402115177016&gen=T&tax=T&bld=T&oth=T&sal=T&lnd=T&leg=T,https://recording.charlotteclerk.com/Render/ViewDocuments?inFromSearch=INSTRUMENTNUMBER&inDirectReverse=&inFirstName=&inLastName=&inMiddleName=&inBusinessName=&inBookType=&inBook=&inPage=&inStartDate=&inEndDate=&inCaseNumber=&inInstrumentNumber=&inLegal=&inDocumentTypeIds=,www.charlotte.realforeclose.com,2026-09-21T14:53:48+00:00
charlotte,10/27/2026,09:00 AM ET,402115305012,26-0520,2024-1579,,,,,2057.51,,10/27/2026 09:00 AM ET,TAXDEED,https://www.charlotte.realforeclose.com/index.cfm?zaction=auction&zmethod=details&AID=1521280&bypassPage=1,http://www.ccappraiser.com/Show_parcel.asp?acct=402115305012&gen=T&tax=T&bld=T&oth=T&sal=T&lnd=T&leg=T,https://recording.charlotteclerk.com/Render/ViewDocuments?inFromSearch=INSTRUMENTNUMBER&inDirectReverse=&inFirstName=&inLastName=&inMiddleName=&inBusinessName=&inBookType=&inBook=&inPage=&inStartDate=&inEndDate=&inCaseNumber=&inInstrumentNumber=&inLegal=&inDocumentTypeIds=,www.charlotte.realforeclose.com,2026-09-21T14:53:48+00:00
charlotte,10/27/2026,09:00 AM ET,402115305013,26-0521,2024-1580,,,,,2057.51,,10/27/2026 09:00 AM ET,TAXDEED,https://www.charlotte.realforeclose.com/index.cfm?zaction=auction&zmethod=details&AID=1521279&bypassPage=1,http://www.ccappraiser.com/Show_parcel.asp?acct=402115305013&gen=T&tax=T&bld=T&oth=T&sal=T&lnd=T&leg=T,https://recording.charlotteclerk.com/Render/ViewDocuments?inFromSearch=INSTRUMENTNUMBER&inDirectReverse=&inFirstName=&inLastName=&inMiddleName=&inBusinessName=&inBookType=&inBook=&inPage=&inStartDate=&inEndDate=&inCaseNumber=&inInstrumentNumber=&inLegal=&inDocumentTypeIds=,www.charlotte.realforeclose.com,2026-09-21T14:53:48+00:00
charlotte,10/27/2026,09:00 AM ET,402115305014,26-0522,2024-1581,,,,,2057.51,,10/27/2026 09:00 AM ET,TAXDEED,https://www.charlotte.realforeclose.com/index.cfm?zaction=auction&zmethod=details&AID=1521278&bypassPage=1,http://www.ccappraiser.com/Show_parcel.asp?acct=402115305014&gen=T&tax=T&bld=T&oth=T&sal=T&lnd=T&leg=T,https://recording.charlotteclerk.com/Render/ViewDocuments?inFromSearch=INSTRUMENTNUMBER&inDirectReverse=&inFirstName=&inLastName=&inMiddleName=&inBusinessName=&inBookType=&inBook=&inPage=&inStartDate=&inEndDate=&inCaseNumber=&inInstrumentNumber=&inLegal=&inDocumentTypeIds=,www.charlotte.realforeclose.com,2026-09-21T14:53:48+00:00
charlotte,10/27/2026,09:00 AM ET,402116281016,26-0523,2024-1698,,,,,2798.67,,10/27/2026 09:00 AM ET,TAXDEED,https://www.charlotte.realforeclose.com/index.cfm?zaction=auction&zmethod=details&AID=1521277&bypassPage=1,http://www.ccappraiser.com/Show_parcel.asp?acct=402116281016&gen=T&tax=T&bld=T&oth=T&sal=T&lnd=T&leg=T,https://recording.charlotteclerk.com/Render/ViewDocuments?inFromSearch=INSTRUMENTNUMBER&inDirectReverse=&inFirstName=&inLastName=&inMiddleName=&inBusinessName=&inBookType=&inBook=&inPage=&inStartDate=&inEndDate=&inCaseNumber=&inInstrumentNumber=&inLegal=&inDocumentTypeIds=,www.charlotte.realforeclose.com,2026-09-21T14:53:48+00:00
charlotte,10/27/2026,,402116453001,26-0524,2024-1782,,,,,1281.23,,Redeemed,TAXDEED,https://www.charlotte.realforeclose.com/index.cfm?zaction=auction&zmethod=details&AID=1521266&bypassPage=1,http://www.ccappraiser.com/Show_parcel.asp?acct=402116453001&gen=T&tax=T&bld=T&oth=T&sal=T&lnd=T&leg=T,https://recording.charlotteclerk.com/Render/ViewDocuments?inFromSearch=INSTRUMENTNUMBER&inDirectReverse=&inFirstName=&inLastName=&inMiddleName=&inBusinessName=&inBookType=&inBook=&inPage=&inStartDate=&inEndDate=&inCaseNumber=&inInstrumentNumber=&inLegal=&inDocumentTypeIds=,www.charlotte.realforeclose.com,2026-09-21T14:53:47+00:00
charlotte,10/27/2026,09:00 AM ET,402117429015,26-0525,2024-1845,,,,,6025.93,,10/27/2026 09:00 AM ET,TAXDEED,https://www.charlotte.realforeclose.com/index.cfm?zaction=auction&zmethod=details&AID=1521265&bypassPage=1,http://www.ccappraiser.com/Show_parcel.asp?acct=402117429015&gen=T&tax=T&bld=T&oth=T&sal=T&lnd=T&leg=T,https://recording.charlotteclerk.com/Render/ViewDocuments?inFromSearch=INSTRUMENTNUMBER&inDirectReverse=&inFirstName=&inLastName=&inMiddleName=&inBusinessName=&inBookType=&inBook=&inPage=&inStartDate=&inEndDate=&inCaseNumber=&inInstrumentNumber=&inLegal=&inDocumentTypeIds=,www.charlotte.realforeclose.com,2026-09-21T14:53:48+00:00
charlotte,10/27/2026,09:00 AM ET,402119328001,26-0526,2024-1945,,,,,1731.92,,10/27/2026 09:00 AM ET,TAXDEED,https://www.charlotte.realforeclose.com/index.cfm?zaction=auction&zmethod=details&AID=1521264&bypassPage=1,http://www.ccappraiser.com/Show_parcel.asp?acct=402119328001&gen=T&tax=T&bld=T&oth=T&sal=T&lnd=T&leg=T,https://recording.charlotteclerk.com/Render/ViewDocuments?inFromSearch=INSTRUMENTNUMBER&inDirectReverse=&inFirstName=&inLastName=&inMiddleName=&inBusinessName=&inBookType=&inBook=&inPage=&inStartDate=&inEndDate=&inCaseNumber=&inInstrumentNumber=&inLegal=&inDocumentTypeIds=,www.charlotte.realforeclose.com,2026-09-21T14:53:48+00:00
charlotte,10/27/2026,09:00 AM ET,402130180008,26-0527,2024-2277,,,,,2862.63,,10/27/2026 09:00 AM ET,TAXDEED,https://www.charlotte.realforeclose.com/index.cfm?zaction=auction&zmethod=details&AID=1521263&bypassPage=1,http://www.ccappraiser.com/Show_parcel.asp?acct=402130180008&gen=T&tax=T&bld=T&oth=T&sal=T&lnd=T&leg=T,https://recording.charlotteclerk.com/Render/ViewDocuments?inFromSearch=INSTRUMENTNUMBER&inDirectReverse=&inFirstName=&inLastName=&inMiddleName=&inBusinessName=&inBookType=&inBook=&inPage=&inStartDate=&inEndDate=&inCaseNumber=&inInstrumentNumber=&inLegal=&inDocumentTypeIds=,www.charlotte.realforeclose.com,2026-09-21T14:53:48+00:00
charlotte,10/27/2026,09:00 AM ET,402130180015,26-0538,2024-2278,,,,,2876.5,,10/27/2026 09:00 AM ET,TAXDEED,https://www.charlotte.realforeclose.com/index.cfm?zaction=auction&zmethod=details&AID=1521253&bypassPage=1,http://www.ccappraiser.com/Show_parcel.asp?acct=402130180015&gen=T&tax=T&bld=T&oth=T&sal=T&lnd=T&leg=T,https://recording.charlotteclerk.com/Render/ViewDocuments?inFromSearch=INSTRUMENTNUMBER&inDirectReverse=&inFirstName=&inLastName=&inMiddleName=&inBusinessName=&inBookType=&inBook=&inPage=&inStartDate=&inEndDate=&inCaseNumber=&inInstrumentNumber=&inLegal=&inDocumentTypeIds=,www.charlotte.realforeclose.com,2026-09-21T14:53:48+00:00
charlotte,10/27/2026,,402130184010,26-0528,2024-2280,,,,,2635.61,,Redeemed,TAXDEED,https://www.charlotte.realforeclose.com/index.cfm?zaction=auction&zmethod=details&AID=1521262&bypassPage=1,http://www.ccappraiser.com/Show_parcel.asp?acct=402130184010&gen=T&tax=T&bld=T&oth=T&sal=T&lnd=T&leg=T,https://recording.charlotteclerk.com/Render/ViewDocuments?inFromSearch=INSTRUMENTNUMBER&inDirectReverse=&inFirstName=&inLastName=&inMiddleName=&inBusinessName=&inBookType=&inBook=&inPage=&inStartDate=&inEndDate=&inCaseNumber=&inInstrumentNumber=&inLegal=&inDocumentTypeIds=,www.charlotte.realforeclose.com,2026-09-21T14:53:47+00:00
charlotte,10/27/2026,09:00 AM ET,402131154002,26-0529,2024-2376,,,,,2722.8,,10/27/2026 09:00 AM ET,TAXDEED,https://www.charlotte.realforeclose.com/index.cfm?zaction=auction&zmethod=details&AID=1521261&bypassPage=1,http://www.ccappraiser.com/Show_parcel.asp?acct=402131154002&gen=T&tax=T&bld=T&oth=T&sal=T&lnd=T&leg=T,https://recording.charlotteclerk.com/Render/ViewDocuments?inFromSearch=INSTRUMENTNUMBER&inDirectReverse=&inFirstName=&inLastName=&inMiddleName=&inBusinessName=&inBookType=&inBook=&inPage=&inStartDate=&inEndDate=&inCaseNumber=&inInstrumentNumber=&inLegal=&inDocumentTypeIds=,www.charlotte.realforeclose.com,2026-09-21T14:53:48+00:00
charlotte,10/27/2026,09:00 AM ET,402131381013,26-0530,2024-2432,,,,,2867.52,,10/27/2026 09:00 AM ET,TAXDEED,https://www.charlotte.realforeclose.com/index.cfm?zaction=auction&zmethod=details&AID=1521260&bypassPage=1,http://www.ccappraiser.com/Show_parcel.asp?acct=402131381013&gen=T&tax=T&bld=T&oth=T&sal=T&lnd=T&leg=T,https://recording.charlotteclerk.com/Render/ViewDocuments?inFromSearch=INSTRUMENTNUMBER&inDirectReverse=&inFirstName=&inLastName=&inMiddleName=&inBusinessName=&inBookType=&inBook=&inPage=&inStartDate=&inEndDate=&inCaseNumber=&inInstrumentNumber=&inLegal=&inDocumentTypeIds=,www.charlotte.realforeclose.com,2026-09-21T14:53:48+00:00
charlotte,10/27/2026,09:00 AM ET,402131381024,26-0541,2024-2434,,,,,2886.21,,10/27/2026 09:00 AM ET,TAXDEED,https://www.charlotte.realforeclose.com/index.cfm?zaction=auction&zmethod=details&AID=1521250&bypassPage=1,http://www.ccappraiser.com/Show_parcel.asp?acct=402131381024&gen=T&tax=T&bld=T&oth=T&sal=T&lnd=T&leg=T,https://recording.charlotteclerk.com/Render/ViewDocuments?inFromSearch=INSTRUMENTNUMBER&inDirectReverse=&inFirstName=&inLastName=&inMiddleName=&inBusinessName=&inBookType=&inBook=&inPage=&inStartDate=&inEndDate=&inCaseNumber=&inInstrumentNumber=&inLegal=&inDocumentTypeIds=,www.charlotte.realforeclose.com,2026-09-21T14:53:48+00:00
charlotte,10/27/2026,09:00 AM ET,402131381025,26-0546,2024-2435,,,,,2886.21,,10/27/2026 09:00 AM ET,TAXDEED,https://www.charlotte.realforeclose.com/index.cfm?zaction=auction&zmethod=details&AID=1521245&bypassPage=1,http://www.ccappraiser.com/Show_parcel.asp?acct=402131381025&gen=T&tax=T&bld=T&oth=T&sal=T&lnd=T&leg=T,https://recording.charlotteclerk.com/Render/ViewDocuments?inFromSearch=INSTRUMENTNUMBER&inDirectReverse=&inFirstName=&inLastName=&inMiddleName=&inBusinessName=&inBookType=&inBook=&inPage=&inStartDate=&inEndDate=&inCaseNumber=&inInstrumentNumber=&inLegal=&inDocumentTypeIds=,www.charlotte.realforeclose.com,2026-09-21T14:53:48+00:00
charlotte,10/27/2026,09:00 AM ET,402131383006,26-0531,2024-2440,,,,,2604.84,,10/27/2026 09:00 AM ET,TAXDEED,https://www.charlotte.realforeclose.com/index.cfm?zaction=auction&zmethod=details&AID=1521259&bypassPage=1,http://www.ccappraiser.com/Show_parcel.asp?acct=402131383006&gen=T&tax=T&bld=T&oth=T&sal=T&lnd=T&leg=T,https://recording.charlotteclerk.com/Render/ViewDocuments?inFromSearch=INSTRUMENTNUMBER&inDirectReverse=&inFirstName=&inLastName=&inMiddleName=&inBusinessName=&inBookType=&inBook=&inPage=&inStartDate=&inEndDate=&inCaseNumber=&inInstrumentNumber=&inLegal=&inDocumentTypeIds=,www.charlotte.realforeclose.com,2026-09-21T14:53:48+00:00
charlotte,10/27/2026,09:00 AM ET,402132132007,26-0533,2024-2469,,,,,2675.37,,10/27/2026 09:00 AM ET,TAXDEED,https://www.charlotte.realforeclose.com/index.cfm?zaction=auction&zmethod=details&AID=1521258&bypassPage=1,http://www.ccappraiser.com/Show_parcel.asp?acct=402132132007&gen=T&tax=T&bld=T&oth=T&sal=T&lnd=T&leg=T,https://recording.charlotteclerk.com/Render/ViewDocuments?inFromSearch=INSTRUMENTNUMBER&inDirectReverse=&inFirstName=&inLastName=&inMiddleName=&inBusinessName=&inBookType=&inBook=&inPage=&inStartDate=&inEndDate=&inCaseNumber=&inInstrumentNumber=&inLegal=&inDocumentTypeIds=,www.charlotte.realforeclose.com,2026-09-21T14:53:48+00:00
charlotte,10/27/2026,09:00 AM ET,402132132019,26-0534,2024-2470,,,,,1857.48,,10/27/2026 09:00 AM ET,TAXDEED,https://www.charlotte.realforeclose.com/index.cfm?zaction=auction&zmethod=details&AID=1521257&bypassPage=1,http://www.ccappraiser.com/Show_parcel.asp?acct=402132132019&gen=T&tax=T&bld=T&oth=T&sal=T&lnd=T&leg=T,https://recording.charlotteclerk.com/Render/ViewDocuments?inFromSearch=INSTRUMENTNUMBER&inDirectReverse=&inFirstName=&inLastName=&inMiddleName=&inBusinessName=&inBookType=&inBook=&inPage=&inStartDate=&inEndDate=&inCaseNumber=&inInstrumentNumber=&inLegal=&inDocumentTypeIds=,www.charlotte.realforeclose.com,2026-09-21T14:53:48+00:00
charlotte,10/27/2026,,402132312001,26-0535,2024-2491,,"5480 GILLOT BOULEVARD, PORT CHARLOTTE, FL- 33981",,,3071.39,,Redeemed,TAXDEED,https://www.charlotte.realforeclose.com/index.cfm?zaction=auction&zmethod=details&AID=1521256&bypassPage=1,http://www.ccappraiser.com/Show_parcel.asp?acct=402132312001&gen=T&tax=T&bld=T&oth=T&sal=T&lnd=T&leg=T,https://recording.charlotteclerk.com/Render/ViewDocuments?inFromSearch=INSTRUMENTNUMBER&inDirectReverse=&inFirstName=&inLastName=&inMiddleName=&inBusinessName=&inBookType=&inBook=&inPage=&inStartDate=&inEndDate=&inCaseNumber=&inInstrumentNumber=&inLegal=&inDocumentTypeIds=,www.charlotte.realforeclose.com,2026-09-21T14:53:47+00:00
charlotte,10/27/2026,09:00 AM ET,402132312007,26-0536,2024-2492,,,,,2798.1,,10/27/2026 09:00 AM ET,TAXDEED,https://www.charlotte.realforeclose.com/index.cfm?zaction=auction&zmethod=details&AID=1521255&bypassPage=1,http://www.ccappraiser.com/Show_parcel.asp?acct=402132312007&gen=T&tax=T&bld=T&oth=T&sal=T&lnd=T&leg=T,https://recording.charlotteclerk.com/Render/ViewDocuments?inFromSearch=INSTRUMENTNUMBER&inDirectReverse=&inFirstName=&inLastName=&inMiddleName=&inBusinessName=&inBookType=&inBook=&inPage=&inStartDate=&inEndDate=&inCaseNumber=&inInstrumentNumber=&inLegal=&inDocumentTypeIds=,www.charlotte.realforeclose.com,2026-09-21T14:53:48+00:00
charlotte,10/27/2026,09:00 AM ET,402132356009,26-0537,2024-2507,,,,,2590.6,,10/27/2026 09:00 AM ET,TAXDEED,https://www.charlotte.realforeclose.com/index.cfm?zaction=auction&zmethod=details&AID=1521254&bypassPage=1,http://www.ccappraiser.com/Show_parcel.asp?acct=402132356009&gen=T&tax=T&bld=T&oth=T&sal=T&lnd=T&leg=T,https://recording.charlotteclerk.com/Render/ViewDocuments?inFromSearch=INSTRUMENTNUMBER&inDirectReverse=&inFirstName=&inLastName=&inMiddleName=&inBusinessName=&inBookType=&inBook=&inPage=&inStartDate=&inEndDate=&inCaseNumber=&inInstrumentNumber=&inLegal=&inDocumentTypeIds=,www.charlotte.realforeclose.com,2026-09-21T14:53:48+00:00
charlotte,10/27/2026,,402202130022,26-0539,2024-2574,,,,,2873.1,,Redeemed,TAXDEED,https://www.charlotte.realforeclose.com/index.cfm?zaction=auction&zmethod=details&AID=1521252&bypassPage=1,http://www.ccappraiser.com/Show_parcel.asp?acct=402202130022&gen=T&tax=T&bld=T&oth=T&sal=T&lnd=T&leg=T,https://recording.charlotteclerk.com/Render/ViewDocuments?inFromSearch=INSTRUMENTNUMBER&inDirectReverse=&inFirstName=&inLastName=&inMiddleName=&inBusinessName=&inBookType=&inBook=&inPage=&inStartDate=&inEndDate=&inCaseNumber=&inInstrumentNumber=&inLegal=&inDocumentTypeIds=,www.charlotte.realforeclose.com,2026-09-21T14:53:47+00:00
charlotte,10/27/2026,,402221201003,26-0550,2024-4048,,,,,3949.99,,Redeemed,TAXDEED,https://www.charlotte.realforeclose.com/index.cfm?zaction=auction&zmethod=details&AID=1521241&bypassPage=1,http://www.ccappraiser.com/Show_parcel.asp?acct=402221201003&gen=T&tax=T&bld=T&oth=T&sal=T&lnd=T&leg=T,https://recording.charlotteclerk.com/Render/ViewDocuments?inFromSearch=INSTRUMENTNUMBER&inDirectReverse=&inFirstName=&inLastName=&inMiddleName=&inBusinessName=&inBookType=&inBook=&inPage=&inStartDate=&inEndDate=&inCaseNumber=&inInstrumentNumber=&inLegal=&inDocumentTypeIds=,www.charlotte.realforeclose.com,2026-09-21T14:53:47+00:00
charlotte,10/27/2026,09:00 AM ET,412108155014,26-0547,2024-7340,,,,,2630.08,,10/27/2026 09:00 AM ET,TAXDEED,https://www.charlotte.realforeclose.com/index.cfm?zaction=auction&zmethod=details&AID=1521244&bypassPage=1,http://www.ccappraiser.com/Show_parcel.asp?acct=412108155014&gen=T&tax=T&bld=T&oth=T&sal=T&lnd=T&leg=T,https://recording.charlotteclerk.com/Render/ViewDocuments?inFromSearch=INSTRUMENTNUMBER&inDirectReverse=&inFirstName=&inLastName=&inMiddleName=&inBusinessName=&inBookType=&inBook=&inPage=&inStartDate=&inEndDate=&inCaseNumber=&inInstrumentNumber=&inLegal=&inDocumentTypeIds=,www.charlotte.realforeclose.com,2026-09-21T14:53:48+00:00
charlotte,10/27/2026,09:00 AM ET,412108378014,26-0549,2024-7411,,,,,2907.03,,10/27/2026 09:00 AM ET,TAXDEED,https://www.charlotte.realforeclose.com/index.cfm?zaction=auction&zmethod=details&AID=1521242&bypassPage=1,http://www.ccappraiser.com/Show_parcel.asp?acct=412108378014&gen=T&tax=T&bld=T&oth=T&sal=T&lnd=T&leg=T,https://recording.charlotteclerk.com/Render/ViewDocuments?inFromSearch=INSTRUMENTNUMBER&inDirectReverse=&inFirstName=&inLastName=&inMiddleName=&inBusinessName=&inBookType=&inBook=&inPage=&inStartDate=&inEndDate=&inCaseNumber=&inInstrumentNumber=&inLegal=&inDocumentTypeIds=,www.charlotte.realforeclose.com,2026-09-21T14:53:48+00:00
charlotte,10/27/2026,09:00 AM ET,412303252002,26-0556,2024-9047,,,,,1581.57,,10/27/2026 09:00 AM ET,TAXDEED,https://www.charlotte.realforeclose.com/index.cfm?zaction=auction&zmethod=details&AID=1521236&bypassPage=1,http://www.ccappraiser.com/Show_parcel.asp?acct=412303252002&gen=T&tax=T&bld=T&oth=T&sal=T&lnd=T&leg=T,https://recording.charlotteclerk.com/Render/ViewDocuments?inFromSearch=INSTRUMENTNUMBER&inDirectReverse=&inFirstName=&inLastName=&inMiddleName=&inBusinessName=&inBookType=&inBook=&inPage=&inStartDate=&inEndDate=&inCaseNumber=&inInstrumentNumber=&inLegal=&inDocumentTypeIds=,www.charlotte.realforeclose.com,2026-09-21T14:53:48+00:00
charlotte,10/27/2026,09:00 AM ET,412303284008,26-0555,2024-9060,,,,,1048.36,,10/27/2026 09:00 AM ET,TAXDEED,https://www.charlotte.realforeclose.com/index.cfm?zaction=auction&zmethod=details&AID=1521237&bypassPage=1,http://www.ccappraiser.com/Show_parcel.asp?acct=412303284008&gen=T&tax=T&bld=T&oth=T&sal=T&lnd=T&leg=T,https://recording.charlotteclerk.com/Render/ViewDocuments?inFromSearch=INSTRUMENTNUMBER&inDirectReverse=&inFirstName=&inLastName=&inMiddleName=&inBusinessName=&inBookType=&inBook=&inPage=&inStartDate=&inEndDate=&inCaseNumber=&inInstrumentNumber=&inLegal=&inDocumentTypeIds=,www.charlotte.realforeclose.com,2026-09-21T14:53:48+00:00
charlotte,10/27/2026,09:00 AM ET,422302283009,26-0557,2024-10325,,,,,2029.05,,10/27/2026 09:00 AM ET,TAXDEED,https://www.charlotte.realforeclose.com/index.cfm?zaction=auction&zmethod=details&AID=1521235&bypassPage=1,http://www.ccappraiser.com/Show_parcel.asp?acct=422302283009&gen=T&tax=T&bld=T&oth=T&sal=T&lnd=T&leg=T,https://recording.charlotteclerk.com/Render/ViewDocuments?inFromSearch=INSTRUMENTNUMBER&inDirectReverse=&inFirstName=&inLastName=&inMiddleName=&inBusinessName=&inBookType=&inBook=&inPage=&inStartDate=&inEndDate=&inCaseNumber=&inInstrumentNumber=&inLegal=&inDocumentTypeIds=,www.charlotte.realforeclose.com,2026-09-21T14:53:48+00:00
charlotte,10/27/2026,09:00 AM ET,422303254004,26-0494,2020-15069,,,,,3881.65,,10/27/2026 09:00 AM ET,TAXDEED,https://www.charlotte.realforeclose.com/index.cfm?zaction=auction&zmethod=details&AID=1521294&bypassPage=1,http://www.ccappraiser.com/Show_parcel.asp?acct=422303254004&gen=T&tax=T&bld=T&oth=T&sal=T&lnd=T&leg=T,https://recording.charlotteclerk.com/Render/ViewDocuments?inFromSearch=INSTRUMENTNUMBER&inDirectReverse=&inFirstName=&inLastName=&inMiddleName=&inBusinessName=&inBookType=&inBook=&inPage=&inStartDate=&inEndDate=&inCaseNumber=&inInstrumentNumber=&inLegal=&inDocumentTypeIds=,www.charlotte.realforeclose.com,2026-09-21T14:53:47+00:00
charlotte,10/27/2026,09:00 AM ET,422415126005,26-0548,2024-11243,,,,,1738.42,,10/27/2026 09:00 AM ET,TAXDEED,https://www.charlotte.realforeclose.com/index.cfm?zaction=auction&zmethod=details&AID=1521243&bypassPage=1,http://www.ccappraiser.com/Show_parcel.asp?acct=422415126005&gen=T&tax=T&bld=T&oth=T&sal=T&lnd=T&leg=T,https://recording.charlotteclerk.com/Render/ViewDocuments?inFromSearch=INSTRUMENTNUMBER&inDirectReverse=&inFirstName=&inLastName=&inMiddleName=&inBusinessName=&inBookType=&inBook=&inPage=&inStartDate=&inEndDate=&inCaseNumber=&inInstrumentNumber=&inLegal=&inDocumentTypeIds=,www.charlotte.realforeclose.com,2026-09-21T14:53:48+00:00
charlotte,10/27/2026,09:00 AM ET,422415326003,26-0551,2024-11270,,,,,1505.48,,10/27/2026 09:00 AM ET,TAXDEED,https://www.charlotte.realforeclose.com/index.cfm?zaction=auction&zmethod=details&AID=1521240&bypassPage=1,http://www.ccappraiser.com/Show_parcel.asp?acct=422415326003&gen=T&tax=T&bld=T&oth=T&sal=T&lnd=T&leg=T,https://recording.charlotteclerk.com/Render/ViewDocuments?inFromSearch=INSTRUMENTNUMBER&inDirectReverse=&inFirstName=&inLastName=&inMiddleName=&inBusinessName=&inBookType=&inBook=&inPage=&inStartDate=&inEndDate=&inCaseNumber=&inInstrumentNumber=&inLegal=&inDocumentTypeIds=,www.charlotte.realforeclose.com,2026-09-21T14:53:48+00:00
charlotte,10/27/2026,09:00 AM ET,422415326016,26-0553,2024-11271,,,,,1670.24,,10/27/2026 09:00 AM ET,TAXDEED,https://www.charlotte.realforeclose.com/index.cfm?zaction=auction&zmethod=details&AID=1521238&bypassPage=1,http://www.ccappraiser.com/Show_parcel.asp?acct=422415326016&gen=T&tax=T&bld=T&oth=T&sal=T&lnd=T&leg=T,https://recording.charlotteclerk.com/Render/ViewDocuments?inFromSearch=INSTRUMENTNUMBER&inDirectReverse=&inFirstName=&inLastName=&inMiddleName=&inBusinessName=&inBookType=&inBook=&inPage=&inStartDate=&inEndDate=&inCaseNumber=&inInstrumentNumber=&inLegal=&inDocumentTypeIds=,www.charlotte.realforeclose.com,2026-09-21T14:53:48+00:00
charlotte,10/27/2026,09:00 AM ET,422422101007,26-0552,2024-11342,,,,,1419.29,,10/27/2026 09:00 AM ET,TAXDEED,https://www.charlotte.realforeclose.com/index.cfm?zaction=auction&zmethod=details&AID=1521239&bypassPage=1,http://www.ccappraiser.com/Show_parcel.asp?acct=422422101007&gen=T&tax=T&bld=T&oth=T&sal=T&lnd=T&leg=T,https://recording.charlotteclerk.com/Render/ViewDocuments?inFromSearch=INSTRUMENTNUMBER&inDirectReverse=&inFirstName=&inLastName=&inMiddleName=&inBusinessName=&inBookType=&inBook=&inPage=&inStartDate=&inEndDate=&inCaseNumber=&inInstrumentNumber=&inLegal=&inDocumentTypeIds=,www.charlotte.realforeclose.com,2026-09-21T14:53:48+00:00
charlotte,11/17/2026,09:00 AM ET,412322378010,26-0242,2024-9477,,"10061 WINDING RIVER ROAD, PUNTA GORDA, FL- 33950",,,120116.73,214290.0,11/17/2026 09:00 AM ET,TAXDEED,https://www.charlotte.realforeclose.com/index.cfm?zaction=auction&zmethod=details&AID=1518570&bypassPage=1,http://www.ccappraiser.com/Show_parcel.asp?acct=412322378010&gen=T&tax=T&bld=T&oth=T&sal=T&lnd=T&leg=T,https://recording.charlotteclerk.com/Render/ViewDocuments?inFromSearch=INSTRUMENTNUMBER&inDirectReverse=&inFirstName=&inLastName=&inMiddleName=&inBusinessName=&inBookType=&inBook=&inPage=&inStartDate=&inEndDate=&inCaseNumber=&inInstrumentNumber=&inLegal=&inDocumentTypeIds=,www.charlotte.realforeclose.com,2026-09-21T14:53:51+00:00
