county,sale_date,sale_time,parcel_id,case_number,certificate_number,owner_name,property_address,property_use,acreage,opening_bid,assessed_value,auction_status,auction_type,auction_url,appraiser_url,clerk_case_url,source_host,scraped_at
charlotte,10/20/2026,,402102229021,26-0501,2024-148,,,,,4573.93,,Redeemed,TAXDEED,https://www.charlotte.realforeclose.com/index.cfm?zaction=auction&zmethod=details&AID=1520029&bypassPage=1,http://www.ccappraiser.com/Show_parcel.asp?acct=402102229021&gen=T&tax=T&bld=T&oth=T&sal=T&lnd=T&leg=T,https://recording.charlotteclerk.com/Render/ViewDocuments?inFromSearch=INSTRUMENTNUMBER&inDirectReverse=&inFirstName=&inLastName=&inMiddleName=&inBusinessName=&inBookType=&inBook=&inPage=&inStartDate=&inEndDate=&inCaseNumber=&inInstrumentNumber=&inLegal=&inDocumentTypeIds=,www.charlotte.realforeclose.com,2026-10-08T10:41:18+00:00
charlotte,10/20/2026,,402102279001,26-0502,2024-164,,"170 CAYUGA ST, PORT CHARLOTTE, FL- 33954",,,3025.31,13600.0,Redeemed,TAXDEED,https://www.charlotte.realforeclose.com/index.cfm?zaction=auction&zmethod=details&AID=1520028&bypassPage=1,http://www.ccappraiser.com/Show_parcel.asp?acct=402102279001&gen=T&tax=T&bld=T&oth=T&sal=T&lnd=T&leg=T,https://recording.charlotteclerk.com/Render/ViewDocuments?inFromSearch=INSTRUMENTNUMBER&inDirectReverse=&inFirstName=&inLastName=&inMiddleName=&inBusinessName=&inBookType=&inBook=&inPage=&inStartDate=&inEndDate=&inCaseNumber=&inInstrumentNumber=&inLegal=&inDocumentTypeIds=,www.charlotte.realforeclose.com,2026-10-08T10:41:18+00:00
charlotte,10/20/2026,,402102279006,26-0503,2024-166,,"195 RAY ST, PORT CHARLOTTE, FL- 33954",,,6796.08,40800.0,Redeemed,TAXDEED,https://www.charlotte.realforeclose.com/index.cfm?zaction=auction&zmethod=details&AID=1520027&bypassPage=1,http://www.ccappraiser.com/Show_parcel.asp?acct=402102279006&gen=T&tax=T&bld=T&oth=T&sal=T&lnd=T&leg=T,https://recording.charlotteclerk.com/Render/ViewDocuments?inFromSearch=INSTRUMENTNUMBER&inDirectReverse=&inFirstName=&inLastName=&inMiddleName=&inBusinessName=&inBookType=&inBook=&inPage=&inStartDate=&inEndDate=&inCaseNumber=&inInstrumentNumber=&inLegal=&inDocumentTypeIds=,www.charlotte.realforeclose.com,2026-10-08T10:41:18+00:00
charlotte,10/20/2026,,402104357009,26-0504,2024-411,,,,,1803.54,,Redeemed,TAXDEED,https://www.charlotte.realforeclose.com/index.cfm?zaction=auction&zmethod=details&AID=1520026&bypassPage=1,http://www.ccappraiser.com/Show_parcel.asp?acct=402104357009&gen=T&tax=T&bld=T&oth=T&sal=T&lnd=T&leg=T,https://recording.charlotteclerk.com/Render/ViewDocuments?inFromSearch=INSTRUMENTNUMBER&inDirectReverse=&inFirstName=&inLastName=&inMiddleName=&inBusinessName=&inBookType=&inBook=&inPage=&inStartDate=&inEndDate=&inCaseNumber=&inInstrumentNumber=&inLegal=&inDocumentTypeIds=,www.charlotte.realforeclose.com,2026-10-08T10:41:18+00:00
charlotte,10/20/2026,09:00 AM ET,402105110004,26-0458,2024-473,,"13129 KETRIDGE AVE, PORT CHARLOTTE, FL- 33953",,,2290.82,5227.0,10/20/2026 09:00 AM ET,TAXDEED,https://www.charlotte.realforeclose.com/index.cfm?zaction=auction&zmethod=details&AID=1520070&bypassPage=1,http://www.ccappraiser.com/Show_parcel.asp?acct=402105110004&gen=T&tax=T&bld=T&oth=T&sal=T&lnd=T&leg=T,https://recording.charlotteclerk.com/Render/ViewDocuments?inFromSearch=INSTRUMENTNUMBER&inDirectReverse=&inFirstName=&inLastName=&inMiddleName=&inBusinessName=&inBookType=&inBook=&inPage=&inStartDate=&inEndDate=&inCaseNumber=&inInstrumentNumber=&inLegal=&inDocumentTypeIds=,www.charlotte.realforeclose.com,2026-10-08T10:41:18+00:00
charlotte,10/20/2026,09:00 AM ET,402105402009,26-0459,2024-610,,"326 CHAMPION ST, PORT CHARLOTTE, FL- 33953",,,2316.05,5227.0,10/20/2026 09:00 AM ET,TAXDEED,https://www.charlotte.realforeclose.com/index.cfm?zaction=auction&zmethod=details&AID=1520069&bypassPage=1,http://www.ccappraiser.com/Show_parcel.asp?acct=402105402009&gen=T&tax=T&bld=T&oth=T&sal=T&lnd=T&leg=T,https://recording.charlotteclerk.com/Render/ViewDocuments?inFromSearch=INSTRUMENTNUMBER&inDirectReverse=&inFirstName=&inLastName=&inMiddleName=&inBusinessName=&inBookType=&inBook=&inPage=&inStartDate=&inEndDate=&inCaseNumber=&inInstrumentNumber=&inLegal=&inDocumentTypeIds=,www.charlotte.realforeclose.com,2026-10-08T10:41:18+00:00
charlotte,10/20/2026,,402105407001,26-0505,2024-618,,,,,2787.02,,Redeemed,TAXDEED,https://www.charlotte.realforeclose.com/index.cfm?zaction=auction&zmethod=details&AID=1520025&bypassPage=1,http://www.ccappraiser.com/Show_parcel.asp?acct=402105407001&gen=T&tax=T&bld=T&oth=T&sal=T&lnd=T&leg=T,https://recording.charlotteclerk.com/Render/ViewDocuments?inFromSearch=INSTRUMENTNUMBER&inDirectReverse=&inFirstName=&inLastName=&inMiddleName=&inBusinessName=&inBookType=&inBook=&inPage=&inStartDate=&inEndDate=&inCaseNumber=&inInstrumentNumber=&inLegal=&inDocumentTypeIds=,www.charlotte.realforeclose.com,2026-10-08T10:41:18+00:00
charlotte,10/20/2026,,402105454004,26-0460,2024-628,,,,,2416.76,,Redeemed,TAXDEED,https://www.charlotte.realforeclose.com/index.cfm?zaction=auction&zmethod=details&AID=1520068&bypassPage=1,http://www.ccappraiser.com/Show_parcel.asp?acct=402105454004&gen=T&tax=T&bld=T&oth=T&sal=T&lnd=T&leg=T,https://recording.charlotteclerk.com/Render/ViewDocuments?inFromSearch=INSTRUMENTNUMBER&inDirectReverse=&inFirstName=&inLastName=&inMiddleName=&inBusinessName=&inBookType=&inBook=&inPage=&inStartDate=&inEndDate=&inCaseNumber=&inInstrumentNumber=&inLegal=&inDocumentTypeIds=,www.charlotte.realforeclose.com,2026-10-08T10:41:18+00:00
charlotte,10/20/2026,,402105478030,26-0461,2024-633,,,,,2346.86,,Redeemed,TAXDEED,https://www.charlotte.realforeclose.com/index.cfm?zaction=auction&zmethod=details&AID=1520067&bypassPage=1,http://www.ccappraiser.com/Show_parcel.asp?acct=402105478030&gen=T&tax=T&bld=T&oth=T&sal=T&lnd=T&leg=T,https://recording.charlotteclerk.com/Render/ViewDocuments?inFromSearch=INSTRUMENTNUMBER&inDirectReverse=&inFirstName=&inLastName=&inMiddleName=&inBusinessName=&inBookType=&inBook=&inPage=&inStartDate=&inEndDate=&inCaseNumber=&inInstrumentNumber=&inLegal=&inDocumentTypeIds=,www.charlotte.realforeclose.com,2026-10-08T10:41:18+00:00
charlotte,10/20/2026,09:00 AM ET,402113226014,26-0499,2024-1418,,"2031 SPEAR ST, PORT CHARLOTTE, FL- 33948",,,2865.17,15300.0,10/20/2026 09:00 AM ET,TAXDEED,https://www.charlotte.realforeclose.com/index.cfm?zaction=auction&zmethod=details&AID=1520030&bypassPage=1,http://www.ccappraiser.com/Show_parcel.asp?acct=402113226014&gen=T&tax=T&bld=T&oth=T&sal=T&lnd=T&leg=T,https://recording.charlotteclerk.com/Render/ViewDocuments?inFromSearch=INSTRUMENTNUMBER&inDirectReverse=&inFirstName=&inLastName=&inMiddleName=&inBusinessName=&inBookType=&inBook=&inPage=&inStartDate=&inEndDate=&inCaseNumber=&inInstrumentNumber=&inLegal=&inDocumentTypeIds=,www.charlotte.realforeclose.com,2026-10-08T10:41:18+00:00
charlotte,10/20/2026,,402116379008,26-0474,2024-1737,,,,,2412.11,,Redeemed,TAXDEED,https://www.charlotte.realforeclose.com/index.cfm?zaction=auction&zmethod=details&AID=1520051&bypassPage=1,http://www.ccappraiser.com/Show_parcel.asp?acct=402116379008&gen=T&tax=T&bld=T&oth=T&sal=T&lnd=T&leg=T,https://recording.charlotteclerk.com/Render/ViewDocuments?inFromSearch=INSTRUMENTNUMBER&inDirectReverse=&inFirstName=&inLastName=&inMiddleName=&inBusinessName=&inBookType=&inBook=&inPage=&inStartDate=&inEndDate=&inCaseNumber=&inInstrumentNumber=&inLegal=&inDocumentTypeIds=,www.charlotte.realforeclose.com,2026-10-08T10:41:18+00:00
charlotte,10/20/2026,,402118356003,26-0489,2024-1885,,"2416 VANCE TERRACE, PORT CHARLOTTE, FL- 33981",,,9007.4,100406.0,Redeemed,TAXDEED,https://www.charlotte.realforeclose.com/index.cfm?zaction=auction&zmethod=details&AID=1520038&bypassPage=1,http://www.ccappraiser.com/Show_parcel.asp?acct=402118356003&gen=T&tax=T&bld=T&oth=T&sal=T&lnd=T&leg=T,https://recording.charlotteclerk.com/Render/ViewDocuments?inFromSearch=INSTRUMENTNUMBER&inDirectReverse=&inFirstName=&inLastName=&inMiddleName=&inBusinessName=&inBookType=&inBook=&inPage=&inStartDate=&inEndDate=&inCaseNumber=&inInstrumentNumber=&inLegal=&inDocumentTypeIds=,www.charlotte.realforeclose.com,2026-10-08T10:41:18+00:00
charlotte,10/20/2026,,402118356004,26-0488,2024-1886,,"2424 VANCE TERRACE, PORT CHARLOTTE, FL- 33981",,,9014.03,100406.0,Redeemed,TAXDEED,https://www.charlotte.realforeclose.com/index.cfm?zaction=auction&zmethod=details&AID=1520039&bypassPage=1,http://www.ccappraiser.com/Show_parcel.asp?acct=402118356004&gen=T&tax=T&bld=T&oth=T&sal=T&lnd=T&leg=T,https://recording.charlotteclerk.com/Render/ViewDocuments?inFromSearch=INSTRUMENTNUMBER&inDirectReverse=&inFirstName=&inLastName=&inMiddleName=&inBusinessName=&inBookType=&inBook=&inPage=&inStartDate=&inEndDate=&inCaseNumber=&inInstrumentNumber=&inLegal=&inDocumentTypeIds=,www.charlotte.realforeclose.com,2026-10-08T10:41:18+00:00
charlotte,10/20/2026,,402128401004,26-0470,2024-2227,,"4434 STURKIE AVENUE, PORT CHARLOTTE, FL- 33953",,,5268.67,8070.0,Redeemed,TAXDEED,https://www.charlotte.realforeclose.com/index.cfm?zaction=auction&zmethod=details&AID=1520054&bypassPage=1,http://www.ccappraiser.com/Show_parcel.asp?acct=402128401004&gen=T&tax=T&bld=T&oth=T&sal=T&lnd=T&leg=T,https://recording.charlotteclerk.com/Render/ViewDocuments?inFromSearch=INSTRUMENTNUMBER&inDirectReverse=&inFirstName=&inLastName=&inMiddleName=&inBusinessName=&inBookType=&inBook=&inPage=&inStartDate=&inEndDate=&inCaseNumber=&inInstrumentNumber=&inLegal=&inDocumentTypeIds=,www.charlotte.realforeclose.com,2026-10-08T10:41:18+00:00
charlotte,10/20/2026,09:00 AM ET,402130406010,26-0464,2024-2334,,"4379 SINES LN, PORT CHARLOTTE, FL- 33981",,,2331.05,6862.0,10/20/2026 09:00 AM ET,TAXDEED,https://www.charlotte.realforeclose.com/index.cfm?zaction=auction&zmethod=details&AID=1520065&bypassPage=1,http://www.ccappraiser.com/Show_parcel.asp?acct=402130406010&gen=T&tax=T&bld=T&oth=T&sal=T&lnd=T&leg=T,https://recording.charlotteclerk.com/Render/ViewDocuments?inFromSearch=INSTRUMENTNUMBER&inDirectReverse=&inFirstName=&inLastName=&inMiddleName=&inBusinessName=&inBookType=&inBook=&inPage=&inStartDate=&inEndDate=&inCaseNumber=&inInstrumentNumber=&inLegal=&inDocumentTypeIds=,www.charlotte.realforeclose.com,2026-10-08T10:41:18+00:00
charlotte,10/20/2026,09:00 AM ET,402131105012,26-0498,2024-2364,,"12096 BUROW AVE, PORT CHARLOTTE, FL- 33981",,,2666.15,15300.0,10/20/2026 09:00 AM ET,TAXDEED,https://www.charlotte.realforeclose.com/index.cfm?zaction=auction&zmethod=details&AID=1520031&bypassPage=1,http://www.ccappraiser.com/Show_parcel.asp?acct=402131105012&gen=T&tax=T&bld=T&oth=T&sal=T&lnd=T&leg=T,https://recording.charlotteclerk.com/Render/ViewDocuments?inFromSearch=INSTRUMENTNUMBER&inDirectReverse=&inFirstName=&inLastName=&inMiddleName=&inBusinessName=&inBookType=&inBook=&inPage=&inStartDate=&inEndDate=&inCaseNumber=&inInstrumentNumber=&inLegal=&inDocumentTypeIds=,www.charlotte.realforeclose.com,2026-10-08T10:41:18+00:00
charlotte,10/20/2026,,402131154001,26-0497,2024-2375,,"5136 HOGAN ST, PORT CHARLOTTE, FL- 33981",,,2715.05,15300.0,Redeemed,TAXDEED,https://www.charlotte.realforeclose.com/index.cfm?zaction=auction&zmethod=details&AID=1520032&bypassPage=1,http://www.ccappraiser.com/Show_parcel.asp?acct=402131154001&gen=T&tax=T&bld=T&oth=T&sal=T&lnd=T&leg=T,https://recording.charlotteclerk.com/Render/ViewDocuments?inFromSearch=INSTRUMENTNUMBER&inDirectReverse=&inFirstName=&inLastName=&inMiddleName=&inBusinessName=&inBookType=&inBook=&inPage=&inStartDate=&inEndDate=&inCaseNumber=&inInstrumentNumber=&inLegal=&inDocumentTypeIds=,www.charlotte.realforeclose.com,2026-10-08T10:41:18+00:00
charlotte,10/20/2026,,402131227008,26-0465,2024-2389,,,,,1161.62,,Redeemed,TAXDEED,https://www.charlotte.realforeclose.com/index.cfm?zaction=auction&zmethod=details&AID=1520064&bypassPage=1,http://www.ccappraiser.com/Show_parcel.asp?acct=402131227008&gen=T&tax=T&bld=T&oth=T&sal=T&lnd=T&leg=T,https://recording.charlotteclerk.com/Render/ViewDocuments?inFromSearch=INSTRUMENTNUMBER&inDirectReverse=&inFirstName=&inLastName=&inMiddleName=&inBusinessName=&inBookType=&inBook=&inPage=&inStartDate=&inEndDate=&inCaseNumber=&inInstrumentNumber=&inLegal=&inDocumentTypeIds=,www.charlotte.realforeclose.com,2026-10-08T10:41:18+00:00
charlotte,10/20/2026,09:00 AM ET,402202106021,26-0466,2024-2573,,"101 TRIANGLE ST, PORT CHARLOTTE, FL- 33954",,,2537.83,4498.0,10/20/2026 09:00 AM ET,TAXDEED,https://www.charlotte.realforeclose.com/index.cfm?zaction=auction&zmethod=details&AID=1520063&bypassPage=1,http://www.ccappraiser.com/Show_parcel.asp?acct=402202106021&gen=T&tax=T&bld=T&oth=T&sal=T&lnd=T&leg=T,https://recording.charlotteclerk.com/Render/ViewDocuments?inFromSearch=INSTRUMENTNUMBER&inDirectReverse=&inFirstName=&inLastName=&inMiddleName=&inBusinessName=&inBookType=&inBook=&inPage=&inStartDate=&inEndDate=&inCaseNumber=&inInstrumentNumber=&inLegal=&inDocumentTypeIds=,www.charlotte.realforeclose.com,2026-10-08T10:41:18+00:00
charlotte,10/20/2026,,402219326002,26-0472,2024-3901,,,,,2363.33,,Redeemed,TAXDEED,https://www.charlotte.realforeclose.com/index.cfm?zaction=auction&zmethod=details&AID=1520052&bypassPage=1,http://www.ccappraiser.com/Show_parcel.asp?acct=402219326002&gen=T&tax=T&bld=T&oth=T&sal=T&lnd=T&leg=T,https://recording.charlotteclerk.com/Render/ViewDocuments?inFromSearch=INSTRUMENTNUMBER&inDirectReverse=&inFirstName=&inLastName=&inMiddleName=&inBusinessName=&inBookType=&inBook=&inPage=&inStartDate=&inEndDate=&inCaseNumber=&inInstrumentNumber=&inLegal=&inDocumentTypeIds=,www.charlotte.realforeclose.com,2026-10-08T10:41:18+00:00
charlotte,10/20/2026,,402219381001,26-0468,2024-3932,,"18225 KOALA AVE, PORT CHARLOTTE, FL- 33948",,,2165.47,7344.0,Redeemed,TAXDEED,https://www.charlotte.realforeclose.com/index.cfm?zaction=auction&zmethod=details&AID=1520056&bypassPage=1,http://www.ccappraiser.com/Show_parcel.asp?acct=402219381001&gen=T&tax=T&bld=T&oth=T&sal=T&lnd=T&leg=T,https://recording.charlotteclerk.com/Render/ViewDocuments?inFromSearch=INSTRUMENTNUMBER&inDirectReverse=&inFirstName=&inLastName=&inMiddleName=&inBusinessName=&inBookType=&inBook=&inPage=&inStartDate=&inEndDate=&inCaseNumber=&inInstrumentNumber=&inLegal=&inDocumentTypeIds=,www.charlotte.realforeclose.com,2026-10-08T10:41:18+00:00
charlotte,10/20/2026,09:00 AM ET,402220302001,26-0430,2024-3987,,"18549 GAMEWELL AVENUE, PORT CHARLOTTE, FL- 33948",,,162877.33,310183.0,10/20/2026 09:00 AM ET,TAXDEED,https://www.charlotte.realforeclose.com/index.cfm?zaction=auction&zmethod=details&AID=1520075&bypassPage=1,http://www.ccappraiser.com/Show_parcel.asp?acct=402220302001&gen=T&tax=T&bld=T&oth=T&sal=T&lnd=T&leg=T,https://recording.charlotteclerk.com/Render/ViewDocuments?inFromSearch=INSTRUMENTNUMBER&inDirectReverse=&inFirstName=&inLastName=&inMiddleName=&inBusinessName=&inBookType=&inBook=&inPage=&inStartDate=&inEndDate=&inCaseNumber=&inInstrumentNumber=&inLegal=&inDocumentTypeIds=,www.charlotte.realforeclose.com,2026-10-08T10:41:18+00:00
charlotte,10/20/2026,09:00 AM ET,402220407006,26-0462,2024-4018,,"208 CICERO ST, PORT CHARLOTTE, FL- 33948",,,2474.38,7344.0,10/20/2026 09:00 AM ET,TAXDEED,https://www.charlotte.realforeclose.com/index.cfm?zaction=auction&zmethod=details&AID=1520066&bypassPage=1,http://www.ccappraiser.com/Show_parcel.asp?acct=402220407006&gen=T&tax=T&bld=T&oth=T&sal=T&lnd=T&leg=T,https://recording.charlotteclerk.com/Render/ViewDocuments?inFromSearch=INSTRUMENTNUMBER&inDirectReverse=&inFirstName=&inLastName=&inMiddleName=&inBusinessName=&inBookType=&inBook=&inPage=&inStartDate=&inEndDate=&inCaseNumber=&inInstrumentNumber=&inLegal=&inDocumentTypeIds=,www.charlotte.realforeclose.com,2026-10-08T10:41:18+00:00
charlotte,10/20/2026,09:00 AM ET,402310184003,26-0491,2020-7801,,"1204 HARBOUR PALM CT, PUNTA GORDA, FL- 33983",,,1700.42,1277.0,10/20/2026 09:00 AM ET,TAXDEED,https://www.charlotte.realforeclose.com/index.cfm?zaction=auction&zmethod=details&AID=1520037&bypassPage=1,http://www.ccappraiser.com/Show_parcel.asp?acct=402310184003&gen=T&tax=T&bld=T&oth=T&sal=T&lnd=T&leg=T,https://recording.charlotteclerk.com/Render/ViewDocuments?inFromSearch=INSTRUMENTNUMBER&inDirectReverse=&inFirstName=&inLastName=&inMiddleName=&inBusinessName=&inBookType=&inBook=&inPage=&inStartDate=&inEndDate=&inCaseNumber=&inInstrumentNumber=&inLegal=&inDocumentTypeIds=,www.charlotte.realforeclose.com,2026-10-08T10:41:18+00:00
charlotte,10/20/2026,09:00 AM ET,402310276002,26-0492,2020-7825,,"27514 HARBOUR ZEPHYR CT, PUNTA GORDA, FL- 33983",,,1891.23,1392.0,10/20/2026 09:00 AM ET,TAXDEED,https://www.charlotte.realforeclose.com/index.cfm?zaction=auction&zmethod=details&AID=1520036&bypassPage=1,http://www.ccappraiser.com/Show_parcel.asp?acct=402310276002&gen=T&tax=T&bld=T&oth=T&sal=T&lnd=T&leg=T,https://recording.charlotteclerk.com/Render/ViewDocuments?inFromSearch=INSTRUMENTNUMBER&inDirectReverse=&inFirstName=&inLastName=&inMiddleName=&inBusinessName=&inBookType=&inBook=&inPage=&inStartDate=&inEndDate=&inCaseNumber=&inInstrumentNumber=&inLegal=&inDocumentTypeIds=,www.charlotte.realforeclose.com,2026-10-08T10:41:18+00:00
charlotte,10/20/2026,09:00 AM ET,402416477001,26-0427,2024-5764,,"32931 WASHINGTON LOOP ROAD, PUNTA GORDA, FL- 33982",,,12931.69,287683.0,10/20/2026 09:00 AM ET,TAXDEED,https://www.charlotte.realforeclose.com/index.cfm?zaction=auction&zmethod=details&AID=1520077&bypassPage=1,http://www.ccappraiser.com/Show_parcel.asp?acct=402416477001&gen=T&tax=T&bld=T&oth=T&sal=T&lnd=T&leg=T,https://recording.charlotteclerk.com/Render/ViewDocuments?inFromSearch=INSTRUMENTNUMBER&inDirectReverse=&inFirstName=&inLastName=&inMiddleName=&inBusinessName=&inBookType=&inBook=&inPage=&inStartDate=&inEndDate=&inCaseNumber=&inInstrumentNumber=&inLegal=&inDocumentTypeIds=,www.charlotte.realforeclose.com,2026-10-08T10:41:18+00:00
charlotte,10/20/2026,,402625100005,26-0428,2024-5934,,,,,1594.6,,Redeemed,TAXDEED,https://www.charlotte.realforeclose.com/index.cfm?zaction=auction&zmethod=details&AID=1520076&bypassPage=1,http://www.ccappraiser.com/Show_parcel.asp?acct=402625100005&gen=T&tax=T&bld=T&oth=T&sal=T&lnd=T&leg=T,https://recording.charlotteclerk.com/Render/ViewDocuments?inFromSearch=INSTRUMENTNUMBER&inDirectReverse=&inFirstName=&inLastName=&inMiddleName=&inBusinessName=&inBookType=&inBook=&inPage=&inStartDate=&inEndDate=&inCaseNumber=&inInstrumentNumber=&inLegal=&inDocumentTypeIds=,www.charlotte.realforeclose.com,2026-10-08T10:41:18+00:00
charlotte,10/20/2026,09:00 AM ET,412002229018,26-0178,2024-6097,,"10468 WILLMINGTON BOULEVARD, ENGLEWOOD, FL- 34224",,,23555.95,305018.0,10/20/2026 09:00 AM ET,TAXDEED,https://www.charlotte.realforeclose.com/index.cfm?zaction=auction&zmethod=details&AID=1517145&bypassPage=1,http://www.ccappraiser.com/Show_parcel.asp?acct=412002229018&gen=T&tax=T&bld=T&oth=T&sal=T&lnd=T&leg=T,https://recording.charlotteclerk.com/Render/ViewDocuments?inFromSearch=INSTRUMENTNUMBER&inDirectReverse=&inFirstName=&inLastName=&inMiddleName=&inBusinessName=&inBookType=&inBook=&inPage=&inStartDate=&inEndDate=&inCaseNumber=&inInstrumentNumber=&inLegal=&inDocumentTypeIds=,www.charlotte.realforeclose.com,2026-10-08T10:41:18+00:00
charlotte,10/20/2026,,412009556087,26-0475,2024-6374,,"6767 SAN CASA DRIVE, ENGLEWOOD, FL- 34224",,,7915.86,,Redeemed,TAXDEED,https://www.charlotte.realforeclose.com/index.cfm?zaction=auction&zmethod=details&AID=1520050&bypassPage=1,http://www.ccappraiser.com/Show_parcel.asp?acct=412009556087&gen=T&tax=T&bld=T&oth=T&sal=T&lnd=T&leg=T,https://recording.charlotteclerk.com/Render/ViewDocuments?inFromSearch=INSTRUMENTNUMBER&inDirectReverse=&inFirstName=&inLastName=&inMiddleName=&inBusinessName=&inBookType=&inBook=&inPage=&inStartDate=&inEndDate=&inCaseNumber=&inInstrumentNumber=&inLegal=&inDocumentTypeIds=,www.charlotte.realforeclose.com,2026-10-08T10:41:18+00:00
charlotte,10/20/2026,09:00 AM ET,412010353020,26-0469,2024-6413,,"7467 CLAYTON ST, ENGLEWOOD, FL- 34224",,,2680.18,10600.0,10/20/2026 09:00 AM ET,TAXDEED,https://www.charlotte.realforeclose.com/index.cfm?zaction=auction&zmethod=details&AID=1520055&bypassPage=1,http://www.ccappraiser.com/Show_parcel.asp?acct=412010353020&gen=T&tax=T&bld=T&oth=T&sal=T&lnd=T&leg=T,https://recording.charlotteclerk.com/Render/ViewDocuments?inFromSearch=INSTRUMENTNUMBER&inDirectReverse=&inFirstName=&inLastName=&inMiddleName=&inBusinessName=&inBookType=&inBook=&inPage=&inStartDate=&inEndDate=&inCaseNumber=&inInstrumentNumber=&inLegal=&inDocumentTypeIds=,www.charlotte.realforeclose.com,2026-10-08T10:41:18+00:00
charlotte,10/20/2026,,412015227004,26-0476,2024-6646,,,,,2425.82,,Redeemed,TAXDEED,https://www.charlotte.realforeclose.com/index.cfm?zaction=auction&zmethod=details&AID=1520049&bypassPage=1,http://www.ccappraiser.com/Show_parcel.asp?acct=412015227004&gen=T&tax=T&bld=T&oth=T&sal=T&lnd=T&leg=T,https://recording.charlotteclerk.com/Render/ViewDocuments?inFromSearch=INSTRUMENTNUMBER&inDirectReverse=&inFirstName=&inLastName=&inMiddleName=&inBusinessName=&inBookType=&inBook=&inPage=&inStartDate=&inEndDate=&inCaseNumber=&inInstrumentNumber=&inLegal=&inDocumentTypeIds=,www.charlotte.realforeclose.com,2026-10-08T10:41:18+00:00
charlotte,10/20/2026,09:00 AM ET,412106154003,26-0467,2024-7157,,"6160 PRINGLE ST, PORT CHARLOTTE, FL- 33981",,,2581.12,6471.0,10/20/2026 09:00 AM ET,TAXDEED,https://www.charlotte.realforeclose.com/index.cfm?zaction=auction&zmethod=details&AID=1520057&bypassPage=1,http://www.ccappraiser.com/Show_parcel.asp?acct=412106154003&gen=T&tax=T&bld=T&oth=T&sal=T&lnd=T&leg=T,https://recording.charlotteclerk.com/Render/ViewDocuments?inFromSearch=INSTRUMENTNUMBER&inDirectReverse=&inFirstName=&inLastName=&inMiddleName=&inBusinessName=&inBookType=&inBook=&inPage=&inStartDate=&inEndDate=&inCaseNumber=&inInstrumentNumber=&inLegal=&inDocumentTypeIds=,www.charlotte.realforeclose.com,2026-10-08T10:41:18+00:00
charlotte,10/20/2026,09:00 AM ET,412129406006,26-0419,2024-8359,,"10377 PORT EVERGLADES ST, PORT CHARLOTTE, FL- 33981",,,1498.48,11226.0,10/20/2026 09:00 AM ET,TAXDEED,https://www.charlotte.realforeclose.com/index.cfm?zaction=auction&zmethod=details&AID=1520079&bypassPage=1,http://www.ccappraiser.com/Show_parcel.asp?acct=412129406006&gen=T&tax=T&bld=T&oth=T&sal=T&lnd=T&leg=T,https://recording.charlotteclerk.com/Render/ViewDocuments?inFromSearch=INSTRUMENTNUMBER&inDirectReverse=&inFirstName=&inLastName=&inMiddleName=&inBusinessName=&inBookType=&inBook=&inPage=&inStartDate=&inEndDate=&inCaseNumber=&inInstrumentNumber=&inLegal=&inDocumentTypeIds=,www.charlotte.realforeclose.com,2026-10-08T10:41:18+00:00
charlotte,10/20/2026,,412133131011,26-0444,2024-8717,,"32 CALAMONDIN WAY, PLACIDA, FL- 33946",,,2907.64,15300.0,Redeemed,TAXDEED,https://www.charlotte.realforeclose.com/index.cfm?zaction=auction&zmethod=details&AID=1520073&bypassPage=1,http://www.ccappraiser.com/Show_parcel.asp?acct=412133131011&gen=T&tax=T&bld=T&oth=T&sal=T&lnd=T&leg=T,https://recording.charlotteclerk.com/Render/ViewDocuments?inFromSearch=INSTRUMENTNUMBER&inDirectReverse=&inFirstName=&inLastName=&inMiddleName=&inBusinessName=&inBookType=&inBook=&inPage=&inStartDate=&inEndDate=&inCaseNumber=&inInstrumentNumber=&inLegal=&inDocumentTypeIds=,www.charlotte.realforeclose.com,2026-10-08T10:41:18+00:00
charlotte,10/20/2026,09:00 AM ET,412133337007,26-0477,2024-8769,,"23 COCKATOO DR, PLACIDA, FL- 33946",,,2497.2,6586.0,10/20/2026 09:00 AM ET,TAXDEED,https://www.charlotte.realforeclose.com/index.cfm?zaction=auction&zmethod=details&AID=1520048&bypassPage=1,http://www.ccappraiser.com/Show_parcel.asp?acct=412133337007&gen=T&tax=T&bld=T&oth=T&sal=T&lnd=T&leg=T,https://recording.charlotteclerk.com/Render/ViewDocuments?inFromSearch=INSTRUMENTNUMBER&inDirectReverse=&inFirstName=&inLastName=&inMiddleName=&inBusinessName=&inBookType=&inBook=&inPage=&inStartDate=&inEndDate=&inCaseNumber=&inInstrumentNumber=&inLegal=&inDocumentTypeIds=,www.charlotte.realforeclose.com,2026-10-08T10:41:18+00:00
charlotte,10/20/2026,09:00 AM ET,412133388012,26-0441,2024-8802,,"36 STARLING DR, PLACIDA, FL- 33946",,,2325.36,6571.0,10/20/2026 09:00 AM ET,TAXDEED,https://www.charlotte.realforeclose.com/index.cfm?zaction=auction&zmethod=details&AID=1520074&bypassPage=1,http://www.ccappraiser.com/Show_parcel.asp?acct=412133388012&gen=T&tax=T&bld=T&oth=T&sal=T&lnd=T&leg=T,https://recording.charlotteclerk.com/Render/ViewDocuments?inFromSearch=INSTRUMENTNUMBER&inDirectReverse=&inFirstName=&inLastName=&inMiddleName=&inBusinessName=&inBookType=&inBook=&inPage=&inStartDate=&inEndDate=&inCaseNumber=&inInstrumentNumber=&inLegal=&inDocumentTypeIds=,www.charlotte.realforeclose.com,2026-10-08T10:41:18+00:00
charlotte,10/20/2026,,412303127004,26-0481,2023-9543,,,,,2052.79,3395.0,Redeemed,TAXDEED,https://www.charlotte.realforeclose.com/index.cfm?zaction=auction&zmethod=details&AID=1520046&bypassPage=1,http://www.ccappraiser.com/Show_parcel.asp?acct=412303127004&gen=T&tax=T&bld=T&oth=T&sal=T&lnd=T&leg=T,https://recording.charlotteclerk.com/Render/ViewDocuments?inFromSearch=INSTRUMENTNUMBER&inDirectReverse=&inFirstName=&inLastName=&inMiddleName=&inBusinessName=&inBookType=&inBook=&inPage=&inStartDate=&inEndDate=&inCaseNumber=&inInstrumentNumber=&inLegal=&inDocumentTypeIds=,www.charlotte.realforeclose.com,2026-10-08T10:41:18+00:00
charlotte,10/20/2026,,412303127005,26-0482,2023-9544,,,,,2033.83,3395.0,Redeemed,TAXDEED,https://www.charlotte.realforeclose.com/index.cfm?zaction=auction&zmethod=details&AID=1520045&bypassPage=1,http://www.ccappraiser.com/Show_parcel.asp?acct=412303127005&gen=T&tax=T&bld=T&oth=T&sal=T&lnd=T&leg=T,https://recording.charlotteclerk.com/Render/ViewDocuments?inFromSearch=INSTRUMENTNUMBER&inDirectReverse=&inFirstName=&inLastName=&inMiddleName=&inBusinessName=&inBookType=&inBook=&inPage=&inStartDate=&inEndDate=&inCaseNumber=&inInstrumentNumber=&inLegal=&inDocumentTypeIds=,www.charlotte.realforeclose.com,2026-10-08T10:41:18+00:00
charlotte,10/20/2026,09:00 AM ET,412303127006,26-0485,2023-9545,,,,,1772.12,3395.0,10/20/2026 09:00 AM ET,TAXDEED,https://www.charlotte.realforeclose.com/index.cfm?zaction=auction&zmethod=details&AID=1520042&bypassPage=1,http://www.ccappraiser.com/Show_parcel.asp?acct=412303127006&gen=T&tax=T&bld=T&oth=T&sal=T&lnd=T&leg=T,https://recording.charlotteclerk.com/Render/ViewDocuments?inFromSearch=INSTRUMENTNUMBER&inDirectReverse=&inFirstName=&inLastName=&inMiddleName=&inBusinessName=&inBookType=&inBook=&inPage=&inStartDate=&inEndDate=&inCaseNumber=&inInstrumentNumber=&inLegal=&inDocumentTypeIds=,www.charlotte.realforeclose.com,2026-10-08T10:41:18+00:00
charlotte,10/20/2026,09:00 AM ET,412303203002,26-0483,2023-9565,,"210 N YELLOWTAIL LN, PUNTA GORDA, FL- 33982",,,1401.28,3395.0,10/20/2026 09:00 AM ET,TAXDEED,https://www.charlotte.realforeclose.com/index.cfm?zaction=auction&zmethod=details&AID=1520044&bypassPage=1,http://www.ccappraiser.com/Show_parcel.asp?acct=412303203002&gen=T&tax=T&bld=T&oth=T&sal=T&lnd=T&leg=T,https://recording.charlotteclerk.com/Render/ViewDocuments?inFromSearch=INSTRUMENTNUMBER&inDirectReverse=&inFirstName=&inLastName=&inMiddleName=&inBusinessName=&inBookType=&inBook=&inPage=&inStartDate=&inEndDate=&inCaseNumber=&inInstrumentNumber=&inLegal=&inDocumentTypeIds=,www.charlotte.realforeclose.com,2026-10-08T10:41:18+00:00
charlotte,10/20/2026,,412303303016,26-0471,2024-9066,,"4410 S FAIRWAY DR, PUNTA GORDA, FL- 33982",,,1562.73,2987.0,Redeemed,TAXDEED,https://www.charlotte.realforeclose.com/index.cfm?zaction=auction&zmethod=details&AID=1520053&bypassPage=1,http://www.ccappraiser.com/Show_parcel.asp?acct=412303303016&gen=T&tax=T&bld=T&oth=T&sal=T&lnd=T&leg=T,https://recording.charlotteclerk.com/Render/ViewDocuments?inFromSearch=INSTRUMENTNUMBER&inDirectReverse=&inFirstName=&inLastName=&inMiddleName=&inBusinessName=&inBookType=&inBook=&inPage=&inStartDate=&inEndDate=&inCaseNumber=&inInstrumentNumber=&inLegal=&inDocumentTypeIds=,www.charlotte.realforeclose.com,2026-10-08T10:41:18+00:00
charlotte,10/20/2026,09:00 AM ET,412303308004,26-0484,2023-9627,,,,,1766.55,4303.0,10/20/2026 09:00 AM ET,TAXDEED,https://www.charlotte.realforeclose.com/index.cfm?zaction=auction&zmethod=details&AID=1520043&bypassPage=1,http://www.ccappraiser.com/Show_parcel.asp?acct=412303308004&gen=T&tax=T&bld=T&oth=T&sal=T&lnd=T&leg=T,https://recording.charlotteclerk.com/Render/ViewDocuments?inFromSearch=INSTRUMENTNUMBER&inDirectReverse=&inFirstName=&inLastName=&inMiddleName=&inBusinessName=&inBookType=&inBook=&inPage=&inStartDate=&inEndDate=&inCaseNumber=&inInstrumentNumber=&inLegal=&inDocumentTypeIds=,www.charlotte.realforeclose.com,2026-10-08T10:41:18+00:00
charlotte,10/20/2026,09:00 AM ET,412303401010,26-0486,2024-9080,,"4910 JACARANDA DR, PUNTA GORDA, FL- 33982",,,1534.51,5115.0,10/20/2026 09:00 AM ET,TAXDEED,https://www.charlotte.realforeclose.com/index.cfm?zaction=auction&zmethod=details&AID=1520041&bypassPage=1,http://www.ccappraiser.com/Show_parcel.asp?acct=412303401010&gen=T&tax=T&bld=T&oth=T&sal=T&lnd=T&leg=T,https://recording.charlotteclerk.com/Render/ViewDocuments?inFromSearch=INSTRUMENTNUMBER&inDirectReverse=&inFirstName=&inLastName=&inMiddleName=&inBusinessName=&inBookType=&inBook=&inPage=&inStartDate=&inEndDate=&inCaseNumber=&inInstrumentNumber=&inLegal=&inDocumentTypeIds=,www.charlotte.realforeclose.com,2026-10-08T10:41:18+00:00
charlotte,10/20/2026,09:00 AM ET,412303405002,26-0487,2024-9081,,"1010 SAWFISH LN, PUNTA GORDA, FL- 33982",,,1771.93,3256.0,10/20/2026 09:00 AM ET,TAXDEED,https://www.charlotte.realforeclose.com/index.cfm?zaction=auction&zmethod=details&AID=1520040&bypassPage=1,http://www.ccappraiser.com/Show_parcel.asp?acct=412303405002&gen=T&tax=T&bld=T&oth=T&sal=T&lnd=T&leg=T,https://recording.charlotteclerk.com/Render/ViewDocuments?inFromSearch=INSTRUMENTNUMBER&inDirectReverse=&inFirstName=&inLastName=&inMiddleName=&inBusinessName=&inBookType=&inBook=&inPage=&inStartDate=&inEndDate=&inCaseNumber=&inInstrumentNumber=&inLegal=&inDocumentTypeIds=,www.charlotte.realforeclose.com,2026-10-08T10:41:18+00:00
charlotte,10/20/2026,09:00 AM ET,412333404003,26-0493,2020-13737,,"26301 CUSTER RD, PUNTA GORDA, FL- 33955",,,5299.7,4947.0,10/20/2026 09:00 AM ET,TAXDEED,https://www.charlotte.realforeclose.com/index.cfm?zaction=auction&zmethod=details&AID=1520035&bypassPage=1,http://www.ccappraiser.com/Show_parcel.asp?acct=412333404003&gen=T&tax=T&bld=T&oth=T&sal=T&lnd=T&leg=T,https://recording.charlotteclerk.com/Render/ViewDocuments?inFromSearch=INSTRUMENTNUMBER&inDirectReverse=&inFirstName=&inLastName=&inMiddleName=&inBusinessName=&inBookType=&inBook=&inPage=&inStartDate=&inEndDate=&inCaseNumber=&inInstrumentNumber=&inLegal=&inDocumentTypeIds=,www.charlotte.realforeclose.com,2026-10-08T10:41:18+00:00
charlotte,10/20/2026,09:00 AM ET,412334163018,26-0445,2024-11479,,"11273 THIRD AVE, PUNTA GORDA, FL- 33955",,,14458.65,7421.0,10/20/2026 09:00 AM ET,TAXDEED,https://www.charlotte.realforeclose.com/index.cfm?zaction=auction&zmethod=details&AID=1520072&bypassPage=1,http://www.ccappraiser.com/Show_parcel.asp?acct=412334163018&gen=T&tax=T&bld=T&oth=T&sal=T&lnd=T&leg=T,https://recording.charlotteclerk.com/Render/ViewDocuments?inFromSearch=INSTRUMENTNUMBER&inDirectReverse=&inFirstName=&inLastName=&inMiddleName=&inBusinessName=&inBookType=&inBook=&inPage=&inStartDate=&inEndDate=&inCaseNumber=&inInstrumentNumber=&inLegal=&inDocumentTypeIds=,www.charlotte.realforeclose.com,2026-10-08T10:41:18+00:00
charlotte,10/20/2026,09:00 AM ET,412334228018,26-0423,2024-9705,,"15516 MANGO DRIVE, PUNTA GORDA, FL- 33955",,,6108.04,34510.0,10/20/2026 09:00 AM ET,TAXDEED,https://www.charlotte.realforeclose.com/index.cfm?zaction=auction&zmethod=details&AID=1520078&bypassPage=1,http://www.ccappraiser.com/Show_parcel.asp?acct=412334228018&gen=T&tax=T&bld=T&oth=T&sal=T&lnd=T&leg=T,https://recording.charlotteclerk.com/Render/ViewDocuments?inFromSearch=INSTRUMENTNUMBER&inDirectReverse=&inFirstName=&inLastName=&inMiddleName=&inBusinessName=&inBookType=&inBook=&inPage=&inStartDate=&inEndDate=&inCaseNumber=&inInstrumentNumber=&inLegal=&inDocumentTypeIds=,www.charlotte.realforeclose.com,2026-10-08T10:41:18+00:00
charlotte,10/20/2026,09:00 AM ET,422109251002,26-0480,2024-10242,,"14373 WARMOUTH DR, PLACIDA, FL- 33946",,,1435.28,10.0,10/20/2026 09:00 AM ET,TAXDEED,https://www.charlotte.realforeclose.com/index.cfm?zaction=auction&zmethod=details&AID=1520047&bypassPage=1,http://www.ccappraiser.com/Show_parcel.asp?acct=422109251002&gen=T&tax=T&bld=T&oth=T&sal=T&lnd=T&leg=T,https://recording.charlotteclerk.com/Render/ViewDocuments?inFromSearch=INSTRUMENTNUMBER&inDirectReverse=&inFirstName=&inLastName=&inMiddleName=&inBusinessName=&inBookType=&inBook=&inPage=&inStartDate=&inEndDate=&inCaseNumber=&inInstrumentNumber=&inLegal=&inDocumentTypeIds=,www.charlotte.realforeclose.com,2026-10-08T10:41:18+00:00
charlotte,10/20/2026,09:00 AM ET,422303277009,26-0495,2020-15085,,"12206 HINDLE AVE, PUNTA GORDA, FL- 33955",,,3906.73,3559.0,10/20/2026 09:00 AM ET,TAXDEED,https://www.charlotte.realforeclose.com/index.cfm?zaction=auction&zmethod=details&AID=1520034&bypassPage=1,http://www.ccappraiser.com/Show_parcel.asp?acct=422303277009&gen=T&tax=T&bld=T&oth=T&sal=T&lnd=T&leg=T,https://recording.charlotteclerk.com/Render/ViewDocuments?inFromSearch=INSTRUMENTNUMBER&inDirectReverse=&inFirstName=&inLastName=&inMiddleName=&inBusinessName=&inBookType=&inBook=&inPage=&inStartDate=&inEndDate=&inCaseNumber=&inInstrumentNumber=&inLegal=&inDocumentTypeIds=,www.charlotte.realforeclose.com,2026-10-08T10:41:18+00:00
charlotte,10/20/2026,,422310207021,26-0496,2020-15482,,,,,3902.46,,Redeemed,TAXDEED,https://www.charlotte.realforeclose.com/index.cfm?zaction=auction&zmethod=details&AID=1520033&bypassPage=1,http://www.ccappraiser.com/Show_parcel.asp?acct=422310207021&gen=T&tax=T&bld=T&oth=T&sal=T&lnd=T&leg=T,https://recording.charlotteclerk.com/Render/ViewDocuments?inFromSearch=INSTRUMENTNUMBER&inDirectReverse=&inFirstName=&inLastName=&inMiddleName=&inBusinessName=&inBookType=&inBook=&inPage=&inStartDate=&inEndDate=&inCaseNumber=&inInstrumentNumber=&inLegal=&inDocumentTypeIds=,www.charlotte.realforeclose.com,2026-10-08T10:41:18+00:00
charlotte,10/20/2026,09:00 AM ET,422415251006,26-0450,2019-14646,,"33580 OIL WELL RD, PUNTA GORDA, FL- 33955",,,2797.46,8290.0,10/20/2026 09:00 AM ET,TAXDEED,https://www.charlotte.realforeclose.com/index.cfm?zaction=auction&zmethod=details&AID=1520071&bypassPage=1,http://www.ccappraiser.com/Show_parcel.asp?acct=422415251006&gen=T&tax=T&bld=T&oth=T&sal=T&lnd=T&leg=T,https://recording.charlotteclerk.com/Render/ViewDocuments?inFromSearch=INSTRUMENTNUMBER&inDirectReverse=&inFirstName=&inLastName=&inMiddleName=&inBusinessName=&inBookType=&inBook=&inPage=&inStartDate=&inEndDate=&inCaseNumber=&inInstrumentNumber=&inLegal=&inDocumentTypeIds=,www.charlotte.realforeclose.com,2026-10-08T10:41:18+00:00
charlotte,10/27/2026,,402102279009,26-0540,2024-167,,"160 CAYUGA ST, PORT CHARLOTTE, FL- 33954",,,3043.16,13600.0,Redeemed,TAXDEED,https://www.charlotte.realforeclose.com/index.cfm?zaction=auction&zmethod=details&AID=1521251&bypassPage=1,http://www.ccappraiser.com/Show_parcel.asp?acct=402102279009&gen=T&tax=T&bld=T&oth=T&sal=T&lnd=T&leg=T,https://recording.charlotteclerk.com/Render/ViewDocuments?inFromSearch=INSTRUMENTNUMBER&inDirectReverse=&inFirstName=&inLastName=&inMiddleName=&inBusinessName=&inBookType=&inBook=&inPage=&inStartDate=&inEndDate=&inCaseNumber=&inInstrumentNumber=&inLegal=&inDocumentTypeIds=,www.charlotte.realforeclose.com,2026-10-08T10:41:32+00:00
charlotte,10/27/2026,,402102279010,26-0542,2024-168,,"178 CAYUGA ST, PORT CHARLOTTE, FL- 33954",,,3028.84,13600.0,Redeemed,TAXDEED,https://www.charlotte.realforeclose.com/index.cfm?zaction=auction&zmethod=details&AID=1521249&bypassPage=1,http://www.ccappraiser.com/Show_parcel.asp?acct=402102279010&gen=T&tax=T&bld=T&oth=T&sal=T&lnd=T&leg=T,https://recording.charlotteclerk.com/Render/ViewDocuments?inFromSearch=INSTRUMENTNUMBER&inDirectReverse=&inFirstName=&inLastName=&inMiddleName=&inBusinessName=&inBookType=&inBook=&inPage=&inStartDate=&inEndDate=&inCaseNumber=&inInstrumentNumber=&inLegal=&inDocumentTypeIds=,www.charlotte.realforeclose.com,2026-10-08T10:41:32+00:00
charlotte,10/27/2026,,402102279011,26-0545,2024-169,,"186 CAYUGA ST, PORT CHARLOTTE, FL- 33954",,,3028.84,13600.0,Redeemed,TAXDEED,https://www.charlotte.realforeclose.com/index.cfm?zaction=auction&zmethod=details&AID=1521246&bypassPage=1,http://www.ccappraiser.com/Show_parcel.asp?acct=402102279011&gen=T&tax=T&bld=T&oth=T&sal=T&lnd=T&leg=T,https://recording.charlotteclerk.com/Render/ViewDocuments?inFromSearch=INSTRUMENTNUMBER&inDirectReverse=&inFirstName=&inLastName=&inMiddleName=&inBusinessName=&inBookType=&inBook=&inPage=&inStartDate=&inEndDate=&inCaseNumber=&inInstrumentNumber=&inLegal=&inDocumentTypeIds=,www.charlotte.realforeclose.com,2026-10-08T10:41:32+00:00
charlotte,10/27/2026,,402102279012,26-0543,2024-170,,"194 CAYUGA ST, PORT CHARLOTTE, FL- 33954",,,3028.84,13600.0,Redeemed,TAXDEED,https://www.charlotte.realforeclose.com/index.cfm?zaction=auction&zmethod=details&AID=1521248&bypassPage=1,http://www.ccappraiser.com/Show_parcel.asp?acct=402102279012&gen=T&tax=T&bld=T&oth=T&sal=T&lnd=T&leg=T,https://recording.charlotteclerk.com/Render/ViewDocuments?inFromSearch=INSTRUMENTNUMBER&inDirectReverse=&inFirstName=&inLastName=&inMiddleName=&inBusinessName=&inBookType=&inBook=&inPage=&inStartDate=&inEndDate=&inCaseNumber=&inInstrumentNumber=&inLegal=&inDocumentTypeIds=,www.charlotte.realforeclose.com,2026-10-08T10:41:32+00:00
charlotte,10/27/2026,,402102279013,26-0544,2024-171,,"202 CAYUGA ST, PORT CHARLOTTE, FL- 33954",,,3028.84,13600.0,Redeemed,TAXDEED,https://www.charlotte.realforeclose.com/index.cfm?zaction=auction&zmethod=details&AID=1521247&bypassPage=1,http://www.ccappraiser.com/Show_parcel.asp?acct=402102279013&gen=T&tax=T&bld=T&oth=T&sal=T&lnd=T&leg=T,https://recording.charlotteclerk.com/Render/ViewDocuments?inFromSearch=INSTRUMENTNUMBER&inDirectReverse=&inFirstName=&inLastName=&inMiddleName=&inBusinessName=&inBookType=&inBook=&inPage=&inStartDate=&inEndDate=&inCaseNumber=&inInstrumentNumber=&inLegal=&inDocumentTypeIds=,www.charlotte.realforeclose.com,2026-10-08T10:41:32+00:00
charlotte,10/27/2026,09:00 AM ET,402106302022,26-0506,2024-732,,"12104 GAHAN AVE, PORT CHARLOTTE, FL- 33953",,,4565.26,22950.0,10/27/2026 09:00 AM ET,TAXDEED,https://www.charlotte.realforeclose.com/index.cfm?zaction=auction&zmethod=details&AID=1521293&bypassPage=1,http://www.ccappraiser.com/Show_parcel.asp?acct=402106302022&gen=T&tax=T&bld=T&oth=T&sal=T&lnd=T&leg=T,https://recording.charlotteclerk.com/Render/ViewDocuments?inFromSearch=INSTRUMENTNUMBER&inDirectReverse=&inFirstName=&inLastName=&inMiddleName=&inBusinessName=&inBookType=&inBook=&inPage=&inStartDate=&inEndDate=&inCaseNumber=&inInstrumentNumber=&inLegal=&inDocumentTypeIds=,www.charlotte.realforeclose.com,2026-10-08T10:41:32+00:00
charlotte,10/27/2026,,402106329018,26-0507,2024-749,,"381 MATSON LN, PORT CHARLOTTE, FL- 33953",,,4373.48,22950.0,Redeemed,TAXDEED,https://www.charlotte.realforeclose.com/index.cfm?zaction=auction&zmethod=details&AID=1521292&bypassPage=1,http://www.ccappraiser.com/Show_parcel.asp?acct=402106329018&gen=T&tax=T&bld=T&oth=T&sal=T&lnd=T&leg=T,https://recording.charlotteclerk.com/Render/ViewDocuments?inFromSearch=INSTRUMENTNUMBER&inDirectReverse=&inFirstName=&inLastName=&inMiddleName=&inBusinessName=&inBookType=&inBook=&inPage=&inStartDate=&inEndDate=&inCaseNumber=&inInstrumentNumber=&inLegal=&inDocumentTypeIds=,www.charlotte.realforeclose.com,2026-10-08T10:41:32+00:00
charlotte,10/27/2026,,402107106001,26-0508,2024-827,,"12121 KRAFT AVE, PORT CHARLOTTE, FL- 33953",,,1276.21,6460.0,Redeemed,TAXDEED,https://www.charlotte.realforeclose.com/index.cfm?zaction=auction&zmethod=details&AID=1521291&bypassPage=1,http://www.ccappraiser.com/Show_parcel.asp?acct=402107106001&gen=T&tax=T&bld=T&oth=T&sal=T&lnd=T&leg=T,https://recording.charlotteclerk.com/Render/ViewDocuments?inFromSearch=INSTRUMENTNUMBER&inDirectReverse=&inFirstName=&inLastName=&inMiddleName=&inBusinessName=&inBookType=&inBook=&inPage=&inStartDate=&inEndDate=&inCaseNumber=&inInstrumentNumber=&inLegal=&inDocumentTypeIds=,www.charlotte.realforeclose.com,2026-10-08T10:41:32+00:00
charlotte,10/27/2026,,402107106005,26-0510,2024-828,,"12155 KRAFT AVE, PORT CHARLOTTE, FL- 33953",,,2813.32,12623.0,Redeemed,TAXDEED,https://www.charlotte.realforeclose.com/index.cfm?zaction=auction&zmethod=details&AID=1521289&bypassPage=1,http://www.ccappraiser.com/Show_parcel.asp?acct=402107106005&gen=T&tax=T&bld=T&oth=T&sal=T&lnd=T&leg=T,https://recording.charlotteclerk.com/Render/ViewDocuments?inFromSearch=INSTRUMENTNUMBER&inDirectReverse=&inFirstName=&inLastName=&inMiddleName=&inBusinessName=&inBookType=&inBook=&inPage=&inStartDate=&inEndDate=&inCaseNumber=&inInstrumentNumber=&inLegal=&inDocumentTypeIds=,www.charlotte.realforeclose.com,2026-10-08T10:41:32+00:00
charlotte,10/27/2026,,402107128001,26-0509,2024-831,,"12163 KRAFT AVE, PORT CHARLOTTE, FL- 33953",,,2813.32,12623.0,Redeemed,TAXDEED,https://www.charlotte.realforeclose.com/index.cfm?zaction=auction&zmethod=details&AID=1521290&bypassPage=1,http://www.ccappraiser.com/Show_parcel.asp?acct=402107128001&gen=T&tax=T&bld=T&oth=T&sal=T&lnd=T&leg=T,https://recording.charlotteclerk.com/Render/ViewDocuments?inFromSearch=INSTRUMENTNUMBER&inDirectReverse=&inFirstName=&inLastName=&inMiddleName=&inBusinessName=&inBookType=&inBook=&inPage=&inStartDate=&inEndDate=&inCaseNumber=&inInstrumentNumber=&inLegal=&inDocumentTypeIds=,www.charlotte.realforeclose.com,2026-10-08T10:41:32+00:00
charlotte,10/27/2026,,402107203010,26-0511,2024-862,,"1077 NAUTILUS TER, PORT CHARLOTTE, FL- 33953",,,4404.45,25245.0,Redeemed,TAXDEED,https://www.charlotte.realforeclose.com/index.cfm?zaction=auction&zmethod=details&AID=1521288&bypassPage=1,http://www.ccappraiser.com/Show_parcel.asp?acct=402107203010&gen=T&tax=T&bld=T&oth=T&sal=T&lnd=T&leg=T,https://recording.charlotteclerk.com/Render/ViewDocuments?inFromSearch=INSTRUMENTNUMBER&inDirectReverse=&inFirstName=&inLastName=&inMiddleName=&inBusinessName=&inBookType=&inBook=&inPage=&inStartDate=&inEndDate=&inCaseNumber=&inInstrumentNumber=&inLegal=&inDocumentTypeIds=,www.charlotte.realforeclose.com,2026-10-08T10:41:32+00:00
charlotte,10/27/2026,09:00 AM ET,402107432007,26-0512,2024-912,,"1299 CAPTAN TER, PORT CHARLOTTE, FL- 33953",,,2725.16,12750.0,10/27/2026 09:00 AM ET,TAXDEED,https://www.charlotte.realforeclose.com/index.cfm?zaction=auction&zmethod=details&AID=1521287&bypassPage=1,http://www.ccappraiser.com/Show_parcel.asp?acct=402107432007&gen=T&tax=T&bld=T&oth=T&sal=T&lnd=T&leg=T,https://recording.charlotteclerk.com/Render/ViewDocuments?inFromSearch=INSTRUMENTNUMBER&inDirectReverse=&inFirstName=&inLastName=&inMiddleName=&inBusinessName=&inBookType=&inBook=&inPage=&inStartDate=&inEndDate=&inCaseNumber=&inInstrumentNumber=&inLegal=&inDocumentTypeIds=,www.charlotte.realforeclose.com,2026-10-08T10:41:32+00:00
charlotte,10/27/2026,09:00 AM ET,402108153003,26-0513,2024-948,,"1150 DELMORE ST, PORT CHARLOTTE, FL- 33953",,,4604.61,22950.0,10/27/2026 09:00 AM ET,TAXDEED,https://www.charlotte.realforeclose.com/index.cfm?zaction=auction&zmethod=details&AID=1521286&bypassPage=1,http://www.ccappraiser.com/Show_parcel.asp?acct=402108153003&gen=T&tax=T&bld=T&oth=T&sal=T&lnd=T&leg=T,https://recording.charlotteclerk.com/Render/ViewDocuments?inFromSearch=INSTRUMENTNUMBER&inDirectReverse=&inFirstName=&inLastName=&inMiddleName=&inBusinessName=&inBookType=&inBook=&inPage=&inStartDate=&inEndDate=&inCaseNumber=&inInstrumentNumber=&inLegal=&inDocumentTypeIds=,www.charlotte.realforeclose.com,2026-10-08T10:41:32+00:00
charlotte,10/27/2026,09:00 AM ET,402108158006,26-0514,2024-951,,"1249 RAMSEY ST, PORT CHARLOTTE, FL- 33953",,,2518.22,11475.0,10/27/2026 09:00 AM ET,TAXDEED,https://www.charlotte.realforeclose.com/index.cfm?zaction=auction&zmethod=details&AID=1521285&bypassPage=1,http://www.ccappraiser.com/Show_parcel.asp?acct=402108158006&gen=T&tax=T&bld=T&oth=T&sal=T&lnd=T&leg=T,https://recording.charlotteclerk.com/Render/ViewDocuments?inFromSearch=INSTRUMENTNUMBER&inDirectReverse=&inFirstName=&inLastName=&inMiddleName=&inBusinessName=&inBookType=&inBook=&inPage=&inStartDate=&inEndDate=&inCaseNumber=&inInstrumentNumber=&inLegal=&inDocumentTypeIds=,www.charlotte.realforeclose.com,2026-10-08T10:41:32+00:00
charlotte,10/27/2026,09:00 AM ET,402109256005,26-0516,2024-1088,,"14315 CANNELL LN, PORT CHARLOTTE, FL- 33953",,,1973.41,11475.0,10/27/2026 09:00 AM ET,TAXDEED,https://www.charlotte.realforeclose.com/index.cfm?zaction=auction&zmethod=details&AID=1521284&bypassPage=1,http://www.ccappraiser.com/Show_parcel.asp?acct=402109256005&gen=T&tax=T&bld=T&oth=T&sal=T&lnd=T&leg=T,https://recording.charlotteclerk.com/Render/ViewDocuments?inFromSearch=INSTRUMENTNUMBER&inDirectReverse=&inFirstName=&inLastName=&inMiddleName=&inBusinessName=&inBookType=&inBook=&inPage=&inStartDate=&inEndDate=&inCaseNumber=&inInstrumentNumber=&inLegal=&inDocumentTypeIds=,www.charlotte.realforeclose.com,2026-10-08T10:41:32+00:00
charlotte,10/27/2026,,402113258025,26-0517,2024-1430,,,,,1432.17,,Redeemed,TAXDEED,https://www.charlotte.realforeclose.com/index.cfm?zaction=auction&zmethod=details&AID=1521283&bypassPage=1,http://www.ccappraiser.com/Show_parcel.asp?acct=402113258025&gen=T&tax=T&bld=T&oth=T&sal=T&lnd=T&leg=T,https://recording.charlotteclerk.com/Render/ViewDocuments?inFromSearch=INSTRUMENTNUMBER&inDirectReverse=&inFirstName=&inLastName=&inMiddleName=&inBusinessName=&inBookType=&inBook=&inPage=&inStartDate=&inEndDate=&inCaseNumber=&inInstrumentNumber=&inLegal=&inDocumentTypeIds=,www.charlotte.realforeclose.com,2026-10-08T10:41:32+00:00
charlotte,10/27/2026,09:00 AM ET,402113376002,26-0518,2024-1458,,"17140 CARSON AVE, PORT CHARLOTTE, FL- 33948",,,2675.31,12750.0,10/27/2026 09:00 AM ET,TAXDEED,https://www.charlotte.realforeclose.com/index.cfm?zaction=auction&zmethod=details&AID=1521282&bypassPage=1,http://www.ccappraiser.com/Show_parcel.asp?acct=402113376002&gen=T&tax=T&bld=T&oth=T&sal=T&lnd=T&leg=T,https://recording.charlotteclerk.com/Render/ViewDocuments?inFromSearch=INSTRUMENTNUMBER&inDirectReverse=&inFirstName=&inLastName=&inMiddleName=&inBusinessName=&inBookType=&inBook=&inPage=&inStartDate=&inEndDate=&inCaseNumber=&inInstrumentNumber=&inLegal=&inDocumentTypeIds=,www.charlotte.realforeclose.com,2026-10-08T10:41:32+00:00
charlotte,10/27/2026,09:00 AM ET,402115177016,26-0519,2024-1533,,"15196 WATKINS AVE, PORT CHARLOTTE, FL- 33953",,,2672.92,12623.0,10/27/2026 09:00 AM ET,TAXDEED,https://www.charlotte.realforeclose.com/index.cfm?zaction=auction&zmethod=details&AID=1521281&bypassPage=1,http://www.ccappraiser.com/Show_parcel.asp?acct=402115177016&gen=T&tax=T&bld=T&oth=T&sal=T&lnd=T&leg=T,https://recording.charlotteclerk.com/Render/ViewDocuments?inFromSearch=INSTRUMENTNUMBER&inDirectReverse=&inFirstName=&inLastName=&inMiddleName=&inBusinessName=&inBookType=&inBook=&inPage=&inStartDate=&inEndDate=&inCaseNumber=&inInstrumentNumber=&inLegal=&inDocumentTypeIds=,www.charlotte.realforeclose.com,2026-10-08T10:41:32+00:00
charlotte,10/27/2026,09:00 AM ET,402115305012,26-0520,2024-1579,,"14704 ROTHSCHILD AVE, PORT CHARLOTTE, FL- 33953",,,2057.51,13600.0,10/27/2026 09:00 AM ET,TAXDEED,https://www.charlotte.realforeclose.com/index.cfm?zaction=auction&zmethod=details&AID=1521280&bypassPage=1,http://www.ccappraiser.com/Show_parcel.asp?acct=402115305012&gen=T&tax=T&bld=T&oth=T&sal=T&lnd=T&leg=T,https://recording.charlotteclerk.com/Render/ViewDocuments?inFromSearch=INSTRUMENTNUMBER&inDirectReverse=&inFirstName=&inLastName=&inMiddleName=&inBusinessName=&inBookType=&inBook=&inPage=&inStartDate=&inEndDate=&inCaseNumber=&inInstrumentNumber=&inLegal=&inDocumentTypeIds=,www.charlotte.realforeclose.com,2026-10-08T10:41:32+00:00
charlotte,10/27/2026,09:00 AM ET,402115305013,26-0521,2024-1580,,"14712 ROTHSCHILD AVE, PORT CHARLOTTE, FL- 33953",,,2057.51,13600.0,10/27/2026 09:00 AM ET,TAXDEED,https://www.charlotte.realforeclose.com/index.cfm?zaction=auction&zmethod=details&AID=1521279&bypassPage=1,http://www.ccappraiser.com/Show_parcel.asp?acct=402115305013&gen=T&tax=T&bld=T&oth=T&sal=T&lnd=T&leg=T,https://recording.charlotteclerk.com/Render/ViewDocuments?inFromSearch=INSTRUMENTNUMBER&inDirectReverse=&inFirstName=&inLastName=&inMiddleName=&inBusinessName=&inBookType=&inBook=&inPage=&inStartDate=&inEndDate=&inCaseNumber=&inInstrumentNumber=&inLegal=&inDocumentTypeIds=,www.charlotte.realforeclose.com,2026-10-08T10:41:32+00:00
charlotte,10/27/2026,09:00 AM ET,402115305014,26-0522,2024-1581,,"14720 ROTHSCHILD AVE, PORT CHARLOTTE, FL- 33953",,,2057.51,13600.0,10/27/2026 09:00 AM ET,TAXDEED,https://www.charlotte.realforeclose.com/index.cfm?zaction=auction&zmethod=details&AID=1521278&bypassPage=1,http://www.ccappraiser.com/Show_parcel.asp?acct=402115305014&gen=T&tax=T&bld=T&oth=T&sal=T&lnd=T&leg=T,https://recording.charlotteclerk.com/Render/ViewDocuments?inFromSearch=INSTRUMENTNUMBER&inDirectReverse=&inFirstName=&inLastName=&inMiddleName=&inBusinessName=&inBookType=&inBook=&inPage=&inStartDate=&inEndDate=&inCaseNumber=&inInstrumentNumber=&inLegal=&inDocumentTypeIds=,www.charlotte.realforeclose.com,2026-10-08T10:41:32+00:00
charlotte,10/27/2026,09:00 AM ET,402116281016,26-0523,2024-1698,,"14523 PITTENGER AVE, PORT CHARLOTTE, FL- 33953",,,2798.67,13690.0,10/27/2026 09:00 AM ET,TAXDEED,https://www.charlotte.realforeclose.com/index.cfm?zaction=auction&zmethod=details&AID=1521277&bypassPage=1,http://www.ccappraiser.com/Show_parcel.asp?acct=402116281016&gen=T&tax=T&bld=T&oth=T&sal=T&lnd=T&leg=T,https://recording.charlotteclerk.com/Render/ViewDocuments?inFromSearch=INSTRUMENTNUMBER&inDirectReverse=&inFirstName=&inLastName=&inMiddleName=&inBusinessName=&inBookType=&inBook=&inPage=&inStartDate=&inEndDate=&inCaseNumber=&inInstrumentNumber=&inLegal=&inDocumentTypeIds=,www.charlotte.realforeclose.com,2026-10-08T10:41:32+00:00
charlotte,10/27/2026,,402116453001,26-0524,2024-1782,,,,,1281.23,,Redeemed,TAXDEED,https://www.charlotte.realforeclose.com/index.cfm?zaction=auction&zmethod=details&AID=1521266&bypassPage=1,http://www.ccappraiser.com/Show_parcel.asp?acct=402116453001&gen=T&tax=T&bld=T&oth=T&sal=T&lnd=T&leg=T,https://recording.charlotteclerk.com/Render/ViewDocuments?inFromSearch=INSTRUMENTNUMBER&inDirectReverse=&inFirstName=&inLastName=&inMiddleName=&inBusinessName=&inBookType=&inBook=&inPage=&inStartDate=&inEndDate=&inCaseNumber=&inInstrumentNumber=&inLegal=&inDocumentTypeIds=,www.charlotte.realforeclose.com,2026-10-08T10:41:32+00:00
charlotte,10/27/2026,09:00 AM ET,402117429015,26-0525,2024-1845,,"2475 MCPHEARSON DR, PORT CHARLOTTE, FL- 33953",,,6025.93,32854.0,10/27/2026 09:00 AM ET,TAXDEED,https://www.charlotte.realforeclose.com/index.cfm?zaction=auction&zmethod=details&AID=1521265&bypassPage=1,http://www.ccappraiser.com/Show_parcel.asp?acct=402117429015&gen=T&tax=T&bld=T&oth=T&sal=T&lnd=T&leg=T,https://recording.charlotteclerk.com/Render/ViewDocuments?inFromSearch=INSTRUMENTNUMBER&inDirectReverse=&inFirstName=&inLastName=&inMiddleName=&inBusinessName=&inBookType=&inBook=&inPage=&inStartDate=&inEndDate=&inCaseNumber=&inInstrumentNumber=&inLegal=&inDocumentTypeIds=,www.charlotte.realforeclose.com,2026-10-08T10:41:32+00:00
charlotte,10/27/2026,09:00 AM ET,402119328001,26-0526,2024-1945,,"12149 ASHLEY AVE, PORT CHARLOTTE, FL- 33981",,,1731.92,11093.0,10/27/2026 09:00 AM ET,TAXDEED,https://www.charlotte.realforeclose.com/index.cfm?zaction=auction&zmethod=details&AID=1521264&bypassPage=1,http://www.ccappraiser.com/Show_parcel.asp?acct=402119328001&gen=T&tax=T&bld=T&oth=T&sal=T&lnd=T&leg=T,https://recording.charlotteclerk.com/Render/ViewDocuments?inFromSearch=INSTRUMENTNUMBER&inDirectReverse=&inFirstName=&inLastName=&inMiddleName=&inBusinessName=&inBookType=&inBook=&inPage=&inStartDate=&inEndDate=&inCaseNumber=&inInstrumentNumber=&inLegal=&inDocumentTypeIds=,www.charlotte.realforeclose.com,2026-10-08T10:41:32+00:00
charlotte,10/27/2026,09:00 AM ET,402130180008,26-0527,2024-2277,,"4184 ELVINGTON RD, PORT CHARLOTTE, FL- 33981",,,2862.63,15300.0,10/27/2026 09:00 AM ET,TAXDEED,https://www.charlotte.realforeclose.com/index.cfm?zaction=auction&zmethod=details&AID=1521263&bypassPage=1,http://www.ccappraiser.com/Show_parcel.asp?acct=402130180008&gen=T&tax=T&bld=T&oth=T&sal=T&lnd=T&leg=T,https://recording.charlotteclerk.com/Render/ViewDocuments?inFromSearch=INSTRUMENTNUMBER&inDirectReverse=&inFirstName=&inLastName=&inMiddleName=&inBusinessName=&inBookType=&inBook=&inPage=&inStartDate=&inEndDate=&inCaseNumber=&inInstrumentNumber=&inLegal=&inDocumentTypeIds=,www.charlotte.realforeclose.com,2026-10-08T10:41:32+00:00
charlotte,10/27/2026,09:00 AM ET,402130180015,26-0538,2024-2278,,"4174 ELVINGTON RD, PORT CHARLOTTE, FL- 33981",,,2876.5,15300.0,10/27/2026 09:00 AM ET,TAXDEED,https://www.charlotte.realforeclose.com/index.cfm?zaction=auction&zmethod=details&AID=1521253&bypassPage=1,http://www.ccappraiser.com/Show_parcel.asp?acct=402130180015&gen=T&tax=T&bld=T&oth=T&sal=T&lnd=T&leg=T,https://recording.charlotteclerk.com/Render/ViewDocuments?inFromSearch=INSTRUMENTNUMBER&inDirectReverse=&inFirstName=&inLastName=&inMiddleName=&inBusinessName=&inBookType=&inBook=&inPage=&inStartDate=&inEndDate=&inCaseNumber=&inInstrumentNumber=&inLegal=&inDocumentTypeIds=,www.charlotte.realforeclose.com,2026-10-08T10:41:32+00:00
charlotte,10/27/2026,,402130184010,26-0528,2024-2280,,,,,2635.61,,Redeemed,TAXDEED,https://www.charlotte.realforeclose.com/index.cfm?zaction=auction&zmethod=details&AID=1521262&bypassPage=1,http://www.ccappraiser.com/Show_parcel.asp?acct=402130184010&gen=T&tax=T&bld=T&oth=T&sal=T&lnd=T&leg=T,https://recording.charlotteclerk.com/Render/ViewDocuments?inFromSearch=INSTRUMENTNUMBER&inDirectReverse=&inFirstName=&inLastName=&inMiddleName=&inBusinessName=&inBookType=&inBook=&inPage=&inStartDate=&inEndDate=&inCaseNumber=&inInstrumentNumber=&inLegal=&inDocumentTypeIds=,www.charlotte.realforeclose.com,2026-10-08T10:41:32+00:00
charlotte,10/27/2026,09:00 AM ET,402131154002,26-0529,2024-2376,,"12070 GORDON AVE, PORT CHARLOTTE, FL- 33981",,,2722.8,15300.0,10/27/2026 09:00 AM ET,TAXDEED,https://www.charlotte.realforeclose.com/index.cfm?zaction=auction&zmethod=details&AID=1521261&bypassPage=1,http://www.ccappraiser.com/Show_parcel.asp?acct=402131154002&gen=T&tax=T&bld=T&oth=T&sal=T&lnd=T&leg=T,https://recording.charlotteclerk.com/Render/ViewDocuments?inFromSearch=INSTRUMENTNUMBER&inDirectReverse=&inFirstName=&inLastName=&inMiddleName=&inBusinessName=&inBookType=&inBook=&inPage=&inStartDate=&inEndDate=&inCaseNumber=&inInstrumentNumber=&inLegal=&inDocumentTypeIds=,www.charlotte.realforeclose.com,2026-10-08T10:41:32+00:00
charlotte,10/27/2026,09:00 AM ET,402131381013,26-0530,2024-2432,,"5417 KENNEL ST, PORT CHARLOTTE, FL- 33981",,,2867.52,15300.0,10/27/2026 09:00 AM ET,TAXDEED,https://www.charlotte.realforeclose.com/index.cfm?zaction=auction&zmethod=details&AID=1521260&bypassPage=1,http://www.ccappraiser.com/Show_parcel.asp?acct=402131381013&gen=T&tax=T&bld=T&oth=T&sal=T&lnd=T&leg=T,https://recording.charlotteclerk.com/Render/ViewDocuments?inFromSearch=INSTRUMENTNUMBER&inDirectReverse=&inFirstName=&inLastName=&inMiddleName=&inBusinessName=&inBookType=&inBook=&inPage=&inStartDate=&inEndDate=&inCaseNumber=&inInstrumentNumber=&inLegal=&inDocumentTypeIds=,www.charlotte.realforeclose.com,2026-10-08T10:41:32+00:00
charlotte,10/27/2026,09:00 AM ET,402131381024,26-0541,2024-2434,,"5409 KENNEL ST, PORT CHARLOTTE, FL- 33981",,,2886.21,15300.0,10/27/2026 09:00 AM ET,TAXDEED,https://www.charlotte.realforeclose.com/index.cfm?zaction=auction&zmethod=details&AID=1521250&bypassPage=1,http://www.ccappraiser.com/Show_parcel.asp?acct=402131381024&gen=T&tax=T&bld=T&oth=T&sal=T&lnd=T&leg=T,https://recording.charlotteclerk.com/Render/ViewDocuments?inFromSearch=INSTRUMENTNUMBER&inDirectReverse=&inFirstName=&inLastName=&inMiddleName=&inBusinessName=&inBookType=&inBook=&inPage=&inStartDate=&inEndDate=&inCaseNumber=&inInstrumentNumber=&inLegal=&inDocumentTypeIds=,www.charlotte.realforeclose.com,2026-10-08T10:41:32+00:00
charlotte,10/27/2026,09:00 AM ET,402131381025,26-0546,2024-2435,,"5401 KENNEL ST, PORT CHARLOTTE, FL- 33981",,,2886.21,15300.0,10/27/2026 09:00 AM ET,TAXDEED,https://www.charlotte.realforeclose.com/index.cfm?zaction=auction&zmethod=details&AID=1521245&bypassPage=1,http://www.ccappraiser.com/Show_parcel.asp?acct=402131381025&gen=T&tax=T&bld=T&oth=T&sal=T&lnd=T&leg=T,https://recording.charlotteclerk.com/Render/ViewDocuments?inFromSearch=INSTRUMENTNUMBER&inDirectReverse=&inFirstName=&inLastName=&inMiddleName=&inBusinessName=&inBookType=&inBook=&inPage=&inStartDate=&inEndDate=&inCaseNumber=&inInstrumentNumber=&inLegal=&inDocumentTypeIds=,www.charlotte.realforeclose.com,2026-10-08T10:41:32+00:00
charlotte,10/27/2026,09:00 AM ET,402131383006,26-0531,2024-2440,,"6619 DAVID BLVD, PORT CHARLOTTE, FL- 33981",,,2604.84,15300.0,10/27/2026 09:00 AM ET,TAXDEED,https://www.charlotte.realforeclose.com/index.cfm?zaction=auction&zmethod=details&AID=1521259&bypassPage=1,http://www.ccappraiser.com/Show_parcel.asp?acct=402131383006&gen=T&tax=T&bld=T&oth=T&sal=T&lnd=T&leg=T,https://recording.charlotteclerk.com/Render/ViewDocuments?inFromSearch=INSTRUMENTNUMBER&inDirectReverse=&inFirstName=&inLastName=&inMiddleName=&inBusinessName=&inBookType=&inBook=&inPage=&inStartDate=&inEndDate=&inCaseNumber=&inInstrumentNumber=&inLegal=&inDocumentTypeIds=,www.charlotte.realforeclose.com,2026-10-08T10:41:32+00:00
charlotte,10/27/2026,09:00 AM ET,402132132007,26-0533,2024-2469,,"5914 DAVID BLVD, PORT CHARLOTTE, FL- 33981",,,2675.37,17000.0,10/27/2026 09:00 AM ET,TAXDEED,https://www.charlotte.realforeclose.com/index.cfm?zaction=auction&zmethod=details&AID=1521258&bypassPage=1,http://www.ccappraiser.com/Show_parcel.asp?acct=402132132007&gen=T&tax=T&bld=T&oth=T&sal=T&lnd=T&leg=T,https://recording.charlotteclerk.com/Render/ViewDocuments?inFromSearch=INSTRUMENTNUMBER&inDirectReverse=&inFirstName=&inLastName=&inMiddleName=&inBusinessName=&inBookType=&inBook=&inPage=&inStartDate=&inEndDate=&inCaseNumber=&inInstrumentNumber=&inLegal=&inDocumentTypeIds=,www.charlotte.realforeclose.com,2026-10-08T10:41:32+00:00
charlotte,10/27/2026,09:00 AM ET,402132132019,26-0534,2024-2470,,"13248 FINKLE AVE, PORT CHARLOTTE, FL- 33981",,,1857.48,9148.0,10/27/2026 09:00 AM ET,TAXDEED,https://www.charlotte.realforeclose.com/index.cfm?zaction=auction&zmethod=details&AID=1521257&bypassPage=1,http://www.ccappraiser.com/Show_parcel.asp?acct=402132132019&gen=T&tax=T&bld=T&oth=T&sal=T&lnd=T&leg=T,https://recording.charlotteclerk.com/Render/ViewDocuments?inFromSearch=INSTRUMENTNUMBER&inDirectReverse=&inFirstName=&inLastName=&inMiddleName=&inBusinessName=&inBookType=&inBook=&inPage=&inStartDate=&inEndDate=&inCaseNumber=&inInstrumentNumber=&inLegal=&inDocumentTypeIds=,www.charlotte.realforeclose.com,2026-10-08T10:41:32+00:00
charlotte,10/27/2026,,402132312001,26-0535,2024-2491,,"5480 GILLOT BOULEVARD, PORT CHARLOTTE, FL- 33981",,,3071.39,,Redeemed,TAXDEED,https://www.charlotte.realforeclose.com/index.cfm?zaction=auction&zmethod=details&AID=1521256&bypassPage=1,http://www.ccappraiser.com/Show_parcel.asp?acct=402132312001&gen=T&tax=T&bld=T&oth=T&sal=T&lnd=T&leg=T,https://recording.charlotteclerk.com/Render/ViewDocuments?inFromSearch=INSTRUMENTNUMBER&inDirectReverse=&inFirstName=&inLastName=&inMiddleName=&inBusinessName=&inBookType=&inBook=&inPage=&inStartDate=&inEndDate=&inCaseNumber=&inInstrumentNumber=&inLegal=&inDocumentTypeIds=,www.charlotte.realforeclose.com,2026-10-08T10:41:32+00:00
charlotte,10/27/2026,09:00 AM ET,402132312007,26-0536,2024-2492,,"5528 GILLOT BLVD, PORT CHARLOTTE, FL- 33981",,,2798.1,15300.0,10/27/2026 09:00 AM ET,TAXDEED,https://www.charlotte.realforeclose.com/index.cfm?zaction=auction&zmethod=details&AID=1521255&bypassPage=1,http://www.ccappraiser.com/Show_parcel.asp?acct=402132312007&gen=T&tax=T&bld=T&oth=T&sal=T&lnd=T&leg=T,https://recording.charlotteclerk.com/Render/ViewDocuments?inFromSearch=INSTRUMENTNUMBER&inDirectReverse=&inFirstName=&inLastName=&inMiddleName=&inBusinessName=&inBookType=&inBook=&inPage=&inStartDate=&inEndDate=&inCaseNumber=&inInstrumentNumber=&inLegal=&inDocumentTypeIds=,www.charlotte.realforeclose.com,2026-10-08T10:41:32+00:00
charlotte,10/27/2026,09:00 AM ET,402132356009,26-0537,2024-2507,,"5599 JOSLYN TER, PORT CHARLOTTE, FL- 33981",,,2590.6,15300.0,10/27/2026 09:00 AM ET,TAXDEED,https://www.charlotte.realforeclose.com/index.cfm?zaction=auction&zmethod=details&AID=1521254&bypassPage=1,http://www.ccappraiser.com/Show_parcel.asp?acct=402132356009&gen=T&tax=T&bld=T&oth=T&sal=T&lnd=T&leg=T,https://recording.charlotteclerk.com/Render/ViewDocuments?inFromSearch=INSTRUMENTNUMBER&inDirectReverse=&inFirstName=&inLastName=&inMiddleName=&inBusinessName=&inBookType=&inBook=&inPage=&inStartDate=&inEndDate=&inCaseNumber=&inInstrumentNumber=&inLegal=&inDocumentTypeIds=,www.charlotte.realforeclose.com,2026-10-08T10:41:32+00:00
charlotte,10/27/2026,,402202130022,26-0539,2024-2574,,,,,2873.1,,Redeemed,TAXDEED,https://www.charlotte.realforeclose.com/index.cfm?zaction=auction&zmethod=details&AID=1521252&bypassPage=1,http://www.ccappraiser.com/Show_parcel.asp?acct=402202130022&gen=T&tax=T&bld=T&oth=T&sal=T&lnd=T&leg=T,https://recording.charlotteclerk.com/Render/ViewDocuments?inFromSearch=INSTRUMENTNUMBER&inDirectReverse=&inFirstName=&inLastName=&inMiddleName=&inBusinessName=&inBookType=&inBook=&inPage=&inStartDate=&inEndDate=&inCaseNumber=&inInstrumentNumber=&inLegal=&inDocumentTypeIds=,www.charlotte.realforeclose.com,2026-10-08T10:41:32+00:00
charlotte,10/27/2026,,402221201003,26-0550,2024-4048,,,,,3949.99,,Redeemed,TAXDEED,https://www.charlotte.realforeclose.com/index.cfm?zaction=auction&zmethod=details&AID=1521241&bypassPage=1,http://www.ccappraiser.com/Show_parcel.asp?acct=402221201003&gen=T&tax=T&bld=T&oth=T&sal=T&lnd=T&leg=T,https://recording.charlotteclerk.com/Render/ViewDocuments?inFromSearch=INSTRUMENTNUMBER&inDirectReverse=&inFirstName=&inLastName=&inMiddleName=&inBusinessName=&inBookType=&inBook=&inPage=&inStartDate=&inEndDate=&inCaseNumber=&inInstrumentNumber=&inLegal=&inDocumentTypeIds=,www.charlotte.realforeclose.com,2026-10-08T10:41:32+00:00
charlotte,10/27/2026,09:00 AM ET,412108155014,26-0547,2024-7340,,"7577 PINEDALE DR, PORT CHARLOTTE, FL- 33981",,,2630.08,6471.0,10/27/2026 09:00 AM ET,TAXDEED,https://www.charlotte.realforeclose.com/index.cfm?zaction=auction&zmethod=details&AID=1521244&bypassPage=1,http://www.ccappraiser.com/Show_parcel.asp?acct=412108155014&gen=T&tax=T&bld=T&oth=T&sal=T&lnd=T&leg=T,https://recording.charlotteclerk.com/Render/ViewDocuments?inFromSearch=INSTRUMENTNUMBER&inDirectReverse=&inFirstName=&inLastName=&inMiddleName=&inBusinessName=&inBookType=&inBook=&inPage=&inStartDate=&inEndDate=&inCaseNumber=&inInstrumentNumber=&inLegal=&inDocumentTypeIds=,www.charlotte.realforeclose.com,2026-10-08T10:41:32+00:00
charlotte,10/27/2026,09:00 AM ET,412108378014,26-0549,2024-7411,,"7560 ST REGIS CIR, PORT CHARLOTTE, FL- 33981",,,2907.03,8214.0,10/27/2026 09:00 AM ET,TAXDEED,https://www.charlotte.realforeclose.com/index.cfm?zaction=auction&zmethod=details&AID=1521242&bypassPage=1,http://www.ccappraiser.com/Show_parcel.asp?acct=412108378014&gen=T&tax=T&bld=T&oth=T&sal=T&lnd=T&leg=T,https://recording.charlotteclerk.com/Render/ViewDocuments?inFromSearch=INSTRUMENTNUMBER&inDirectReverse=&inFirstName=&inLastName=&inMiddleName=&inBusinessName=&inBookType=&inBook=&inPage=&inStartDate=&inEndDate=&inCaseNumber=&inInstrumentNumber=&inLegal=&inDocumentTypeIds=,www.charlotte.realforeclose.com,2026-10-08T10:41:32+00:00
charlotte,10/27/2026,09:00 AM ET,412303252002,26-0556,2024-9047,,"5111 N FAIRWAY DR, PUNTA GORDA, FL- 33982",,,1581.57,3400.0,10/27/2026 09:00 AM ET,TAXDEED,https://www.charlotte.realforeclose.com/index.cfm?zaction=auction&zmethod=details&AID=1521236&bypassPage=1,http://www.ccappraiser.com/Show_parcel.asp?acct=412303252002&gen=T&tax=T&bld=T&oth=T&sal=T&lnd=T&leg=T,https://recording.charlotteclerk.com/Render/ViewDocuments?inFromSearch=INSTRUMENTNUMBER&inDirectReverse=&inFirstName=&inLastName=&inMiddleName=&inBusinessName=&inBookType=&inBook=&inPage=&inStartDate=&inEndDate=&inCaseNumber=&inInstrumentNumber=&inLegal=&inDocumentTypeIds=,www.charlotte.realforeclose.com,2026-10-08T10:41:32+00:00
charlotte,10/27/2026,09:00 AM ET,412303284008,26-0555,2024-9060,,"715 SNAPPER LN, PUNTA GORDA, FL- 33982",,,1048.36,1813.0,10/27/2026 09:00 AM ET,TAXDEED,https://www.charlotte.realforeclose.com/index.cfm?zaction=auction&zmethod=details&AID=1521237&bypassPage=1,http://www.ccappraiser.com/Show_parcel.asp?acct=412303284008&gen=T&tax=T&bld=T&oth=T&sal=T&lnd=T&leg=T,https://recording.charlotteclerk.com/Render/ViewDocuments?inFromSearch=INSTRUMENTNUMBER&inDirectReverse=&inFirstName=&inLastName=&inMiddleName=&inBusinessName=&inBookType=&inBook=&inPage=&inStartDate=&inEndDate=&inCaseNumber=&inInstrumentNumber=&inLegal=&inDocumentTypeIds=,www.charlotte.realforeclose.com,2026-10-08T10:41:32+00:00
charlotte,10/27/2026,09:00 AM ET,422302283009,26-0557,2024-10325,,"12358 CARAVAN DR, PUNTA GORDA, FL- 33955",,,2029.05,5421.0,10/27/2026 09:00 AM ET,TAXDEED,https://www.charlotte.realforeclose.com/index.cfm?zaction=auction&zmethod=details&AID=1521235&bypassPage=1,http://www.ccappraiser.com/Show_parcel.asp?acct=422302283009&gen=T&tax=T&bld=T&oth=T&sal=T&lnd=T&leg=T,https://recording.charlotteclerk.com/Render/ViewDocuments?inFromSearch=INSTRUMENTNUMBER&inDirectReverse=&inFirstName=&inLastName=&inMiddleName=&inBusinessName=&inBookType=&inBook=&inPage=&inStartDate=&inEndDate=&inCaseNumber=&inInstrumentNumber=&inLegal=&inDocumentTypeIds=,www.charlotte.realforeclose.com,2026-10-08T10:41:32+00:00
charlotte,10/27/2026,09:00 AM ET,422303254004,26-0494,2020-15069,,"27283 GURNSEY DR, PUNTA GORDA, FL- 33955",,,3881.65,3559.0,10/27/2026 09:00 AM ET,TAXDEED,https://www.charlotte.realforeclose.com/index.cfm?zaction=auction&zmethod=details&AID=1521294&bypassPage=1,http://www.ccappraiser.com/Show_parcel.asp?acct=422303254004&gen=T&tax=T&bld=T&oth=T&sal=T&lnd=T&leg=T,https://recording.charlotteclerk.com/Render/ViewDocuments?inFromSearch=INSTRUMENTNUMBER&inDirectReverse=&inFirstName=&inLastName=&inMiddleName=&inBusinessName=&inBookType=&inBook=&inPage=&inStartDate=&inEndDate=&inCaseNumber=&inInstrumentNumber=&inLegal=&inDocumentTypeIds=,www.charlotte.realforeclose.com,2026-10-08T10:41:32+00:00
charlotte,10/27/2026,09:00 AM ET,422415126005,26-0548,2024-11243,,"33266 OIL WELL RD, PUNTA GORDA, FL- 33955",,,1738.42,8290.0,10/27/2026 09:00 AM ET,TAXDEED,https://www.charlotte.realforeclose.com/index.cfm?zaction=auction&zmethod=details&AID=1521243&bypassPage=1,http://www.ccappraiser.com/Show_parcel.asp?acct=422415126005&gen=T&tax=T&bld=T&oth=T&sal=T&lnd=T&leg=T,https://recording.charlotteclerk.com/Render/ViewDocuments?inFromSearch=INSTRUMENTNUMBER&inDirectReverse=&inFirstName=&inLastName=&inMiddleName=&inBusinessName=&inBookType=&inBook=&inPage=&inStartDate=&inEndDate=&inCaseNumber=&inInstrumentNumber=&inLegal=&inDocumentTypeIds=,www.charlotte.realforeclose.com,2026-10-08T10:41:32+00:00
charlotte,10/27/2026,09:00 AM ET,422415326003,26-0551,2024-11270,,"33356 OIL WELL RD, PUNTA GORDA, FL- 33955",,,1505.48,8290.0,10/27/2026 09:00 AM ET,TAXDEED,https://www.charlotte.realforeclose.com/index.cfm?zaction=auction&zmethod=details&AID=1521240&bypassPage=1,http://www.ccappraiser.com/Show_parcel.asp?acct=422415326003&gen=T&tax=T&bld=T&oth=T&sal=T&lnd=T&leg=T,https://recording.charlotteclerk.com/Render/ViewDocuments?inFromSearch=INSTRUMENTNUMBER&inDirectReverse=&inFirstName=&inLastName=&inMiddleName=&inBusinessName=&inBookType=&inBook=&inPage=&inStartDate=&inEndDate=&inCaseNumber=&inInstrumentNumber=&inLegal=&inDocumentTypeIds=,www.charlotte.realforeclose.com,2026-10-08T10:41:32+00:00
charlotte,10/27/2026,09:00 AM ET,422415326016,26-0553,2024-11271,,"33394 OIL WELL RD, PUNTA GORDA, FL- 33955",,,1670.24,6631.0,10/27/2026 09:00 AM ET,TAXDEED,https://www.charlotte.realforeclose.com/index.cfm?zaction=auction&zmethod=details&AID=1521238&bypassPage=1,http://www.ccappraiser.com/Show_parcel.asp?acct=422415326016&gen=T&tax=T&bld=T&oth=T&sal=T&lnd=T&leg=T,https://recording.charlotteclerk.com/Render/ViewDocuments?inFromSearch=INSTRUMENTNUMBER&inDirectReverse=&inFirstName=&inLastName=&inMiddleName=&inBusinessName=&inBookType=&inBook=&inPage=&inStartDate=&inEndDate=&inCaseNumber=&inInstrumentNumber=&inLegal=&inDocumentTypeIds=,www.charlotte.realforeclose.com,2026-10-08T10:41:32+00:00
charlotte,10/27/2026,09:00 AM ET,422422101007,26-0552,2024-11342,,"33226 OIL WELL RD, PUNTA GORDA, FL- 33955",,,1419.29,7462.0,10/27/2026 09:00 AM ET,TAXDEED,https://www.charlotte.realforeclose.com/index.cfm?zaction=auction&zmethod=details&AID=1521239&bypassPage=1,http://www.ccappraiser.com/Show_parcel.asp?acct=422422101007&gen=T&tax=T&bld=T&oth=T&sal=T&lnd=T&leg=T,https://recording.charlotteclerk.com/Render/ViewDocuments?inFromSearch=INSTRUMENTNUMBER&inDirectReverse=&inFirstName=&inLastName=&inMiddleName=&inBusinessName=&inBookType=&inBook=&inPage=&inStartDate=&inEndDate=&inCaseNumber=&inInstrumentNumber=&inLegal=&inDocumentTypeIds=,www.charlotte.realforeclose.com,2026-10-08T10:41:32+00:00
charlotte,11/03/2026,,402102279004,26-0563,2024/165,,,,,8841.12,,Redeemed,TAXDEED,https://www.charlotte.realforeclose.com/index.cfm?zaction=auction&zmethod=details&AID=1522274&bypassPage=1,http://www.ccappraiser.com/Show_parcel.asp?acct=402102279004&gen=T&tax=T&bld=T&oth=T&sal=T&lnd=T&leg=T,https://recording.charlotteclerk.com/Render/ViewDocuments?inFromSearch=INSTRUMENTNUMBER&inDirectReverse=&inFirstName=&inLastName=&inMiddleName=&inBusinessName=&inBookType=&inBook=&inPage=&inStartDate=&inEndDate=&inCaseNumber=&inInstrumentNumber=&inLegal=&inDocumentTypeIds=,www.charlotte.realforeclose.com,2026-10-08T10:41:48+00:00
charlotte,11/03/2026,,402103333004,26-0564,2024-280,,,,,5201.4,,Redeemed,TAXDEED,https://www.charlotte.realforeclose.com/index.cfm?zaction=auction&zmethod=details&AID=1522273&bypassPage=1,http://www.ccappraiser.com/Show_parcel.asp?acct=402103333004&gen=T&tax=T&bld=T&oth=T&sal=T&lnd=T&leg=T,https://recording.charlotteclerk.com/Render/ViewDocuments?inFromSearch=INSTRUMENTNUMBER&inDirectReverse=&inFirstName=&inLastName=&inMiddleName=&inBusinessName=&inBookType=&inBook=&inPage=&inStartDate=&inEndDate=&inCaseNumber=&inInstrumentNumber=&inLegal=&inDocumentTypeIds=,www.charlotte.realforeclose.com,2026-10-08T10:41:48+00:00
charlotte,11/03/2026,09:00 AM ET,402105286001,26-0580,2024-543,,"13427 DOUBLEDAY AVE, PORT CHARLOTTE, FL- 33953",,,2130.76,5227.0,11/03/2026 09:00 AM ET,TAXDEED,https://www.charlotte.realforeclose.com/index.cfm?zaction=auction&zmethod=details&AID=1522253&bypassPage=1,http://www.ccappraiser.com/Show_parcel.asp?acct=402105286001&gen=T&tax=T&bld=T&oth=T&sal=T&lnd=T&leg=T,https://recording.charlotteclerk.com/Render/ViewDocuments?inFromSearch=INSTRUMENTNUMBER&inDirectReverse=&inFirstName=&inLastName=&inMiddleName=&inBusinessName=&inBookType=&inBook=&inPage=&inStartDate=&inEndDate=&inCaseNumber=&inInstrumentNumber=&inLegal=&inDocumentTypeIds=,www.charlotte.realforeclose.com,2026-10-08T10:41:48+00:00
charlotte,11/03/2026,09:00 AM ET,402105310002,26-0579,2024-557,,"390 OLMSTEAD ST, PORT CHARLOTTE, FL- 33953",,,2684.97,11475.0,11/03/2026 09:00 AM ET,TAXDEED,https://www.charlotte.realforeclose.com/index.cfm?zaction=auction&zmethod=details&AID=1522254&bypassPage=1,http://www.ccappraiser.com/Show_parcel.asp?acct=402105310002&gen=T&tax=T&bld=T&oth=T&sal=T&lnd=T&leg=T,https://recording.charlotteclerk.com/Render/ViewDocuments?inFromSearch=INSTRUMENTNUMBER&inDirectReverse=&inFirstName=&inLastName=&inMiddleName=&inBusinessName=&inBookType=&inBook=&inPage=&inStartDate=&inEndDate=&inCaseNumber=&inInstrumentNumber=&inLegal=&inDocumentTypeIds=,www.charlotte.realforeclose.com,2026-10-08T10:41:48+00:00
charlotte,11/03/2026,09:00 AM ET,402105351008,26-0575,2024-573,,"454 DAILEY ST, PORT CHARLOTTE, FL- 33953",,,2446.9,5227.0,11/03/2026 09:00 AM ET,TAXDEED,https://www.charlotte.realforeclose.com/index.cfm?zaction=auction&zmethod=details&AID=1522263&bypassPage=1,http://www.ccappraiser.com/Show_parcel.asp?acct=402105351008&gen=T&tax=T&bld=T&oth=T&sal=T&lnd=T&leg=T,https://recording.charlotteclerk.com/Render/ViewDocuments?inFromSearch=INSTRUMENTNUMBER&inDirectReverse=&inFirstName=&inLastName=&inMiddleName=&inBusinessName=&inBookType=&inBook=&inPage=&inStartDate=&inEndDate=&inCaseNumber=&inInstrumentNumber=&inLegal=&inDocumentTypeIds=,www.charlotte.realforeclose.com,2026-10-08T10:41:48+00:00
charlotte,11/03/2026,09:00 AM ET,402105351009,26-0576,2024-574,,"462 DAILEY ST, PORT CHARLOTTE, FL- 33953",,,2446.9,5227.0,11/03/2026 09:00 AM ET,TAXDEED,https://www.charlotte.realforeclose.com/index.cfm?zaction=auction&zmethod=details&AID=1522262&bypassPage=1,http://www.ccappraiser.com/Show_parcel.asp?acct=402105351009&gen=T&tax=T&bld=T&oth=T&sal=T&lnd=T&leg=T,https://recording.charlotteclerk.com/Render/ViewDocuments?inFromSearch=INSTRUMENTNUMBER&inDirectReverse=&inFirstName=&inLastName=&inMiddleName=&inBusinessName=&inBookType=&inBook=&inPage=&inStartDate=&inEndDate=&inCaseNumber=&inInstrumentNumber=&inLegal=&inDocumentTypeIds=,www.charlotte.realforeclose.com,2026-10-08T10:41:48+00:00
charlotte,11/03/2026,09:00 AM ET,402106304021,26-0583,2024-734,,"12086 ESCUDE AVE, PORT CHARLOTTE, FL- 33953",,,2438.86,5227.0,11/03/2026 09:00 AM ET,TAXDEED,https://www.charlotte.realforeclose.com/index.cfm?zaction=auction&zmethod=details&AID=1522250&bypassPage=1,http://www.ccappraiser.com/Show_parcel.asp?acct=402106304021&gen=T&tax=T&bld=T&oth=T&sal=T&lnd=T&leg=T,https://recording.charlotteclerk.com/Render/ViewDocuments?inFromSearch=INSTRUMENTNUMBER&inDirectReverse=&inFirstName=&inLastName=&inMiddleName=&inBusinessName=&inBookType=&inBook=&inPage=&inStartDate=&inEndDate=&inCaseNumber=&inInstrumentNumber=&inLegal=&inDocumentTypeIds=,www.charlotte.realforeclose.com,2026-10-08T10:41:48+00:00
charlotte,11/03/2026,09:00 AM ET,402106304022,26-0582,2024-735,,"12094 ESCUDE AVE, PORT CHARLOTTE, FL- 33953",,,2438.86,5227.0,11/03/2026 09:00 AM ET,TAXDEED,https://www.charlotte.realforeclose.com/index.cfm?zaction=auction&zmethod=details&AID=1522251&bypassPage=1,http://www.ccappraiser.com/Show_parcel.asp?acct=402106304022&gen=T&tax=T&bld=T&oth=T&sal=T&lnd=T&leg=T,https://recording.charlotteclerk.com/Render/ViewDocuments?inFromSearch=INSTRUMENTNUMBER&inDirectReverse=&inFirstName=&inLastName=&inMiddleName=&inBusinessName=&inBookType=&inBook=&inPage=&inStartDate=&inEndDate=&inCaseNumber=&inInstrumentNumber=&inLegal=&inDocumentTypeIds=,www.charlotte.realforeclose.com,2026-10-08T10:41:48+00:00
charlotte,11/03/2026,09:00 AM ET,402107230017,26-0581,2024-879,,"1055 FORRESTAL ST, PORT CHARLOTTE, FL- 33953",,,2723.67,12623.0,11/03/2026 09:00 AM ET,TAXDEED,https://www.charlotte.realforeclose.com/index.cfm?zaction=auction&zmethod=details&AID=1522252&bypassPage=1,http://www.ccappraiser.com/Show_parcel.asp?acct=402107230017&gen=T&tax=T&bld=T&oth=T&sal=T&lnd=T&leg=T,https://recording.charlotteclerk.com/Render/ViewDocuments?inFromSearch=INSTRUMENTNUMBER&inDirectReverse=&inFirstName=&inLastName=&inMiddleName=&inBusinessName=&inBookType=&inBook=&inPage=&inStartDate=&inEndDate=&inCaseNumber=&inInstrumentNumber=&inLegal=&inDocumentTypeIds=,www.charlotte.realforeclose.com,2026-10-08T10:41:48+00:00
charlotte,11/03/2026,09:00 AM ET,402108380007,26-0562,2024/1009,,"1500 CARSWELL ST, PORT CHARLOTTE, FL- 33953",,,2483.46,5738.0,11/03/2026 09:00 AM ET,TAXDEED,https://www.charlotte.realforeclose.com/index.cfm?zaction=auction&zmethod=details&AID=1522275&bypassPage=1,http://www.ccappraiser.com/Show_parcel.asp?acct=402108380007&gen=T&tax=T&bld=T&oth=T&sal=T&lnd=T&leg=T,https://recording.charlotteclerk.com/Render/ViewDocuments?inFromSearch=INSTRUMENTNUMBER&inDirectReverse=&inFirstName=&inLastName=&inMiddleName=&inBusinessName=&inBookType=&inBook=&inPage=&inStartDate=&inEndDate=&inCaseNumber=&inInstrumentNumber=&inLegal=&inDocumentTypeIds=,www.charlotte.realforeclose.com,2026-10-08T10:41:48+00:00
charlotte,11/03/2026,09:00 AM ET,402109330010,26-0584,2024-1115,,"1303 HALSEY ST, PORT CHARLOTTE, FL- 33953",,,2140.86,5750.0,11/03/2026 09:00 AM ET,TAXDEED,https://www.charlotte.realforeclose.com/index.cfm?zaction=auction&zmethod=details&AID=1522249&bypassPage=1,http://www.ccappraiser.com/Show_parcel.asp?acct=402109330010&gen=T&tax=T&bld=T&oth=T&sal=T&lnd=T&leg=T,https://recording.charlotteclerk.com/Render/ViewDocuments?inFromSearch=INSTRUMENTNUMBER&inDirectReverse=&inFirstName=&inLastName=&inMiddleName=&inBusinessName=&inBookType=&inBook=&inPage=&inStartDate=&inEndDate=&inCaseNumber=&inInstrumentNumber=&inLegal=&inDocumentTypeIds=,www.charlotte.realforeclose.com,2026-10-08T10:41:48+00:00
charlotte,11/03/2026,09:00 AM ET,402109354028,26-0585,2024-1129,,"14092 BETHEL AVE, PORT CHARLOTTE, FL- 33953",,,2477.28,9754.0,11/03/2026 09:00 AM ET,TAXDEED,https://www.charlotte.realforeclose.com/index.cfm?zaction=auction&zmethod=details&AID=1522248&bypassPage=1,http://www.ccappraiser.com/Show_parcel.asp?acct=402109354028&gen=T&tax=T&bld=T&oth=T&sal=T&lnd=T&leg=T,https://recording.charlotteclerk.com/Render/ViewDocuments?inFromSearch=INSTRUMENTNUMBER&inDirectReverse=&inFirstName=&inLastName=&inMiddleName=&inBusinessName=&inBookType=&inBook=&inPage=&inStartDate=&inEndDate=&inCaseNumber=&inInstrumentNumber=&inLegal=&inDocumentTypeIds=,www.charlotte.realforeclose.com,2026-10-08T10:41:48+00:00
charlotte,11/03/2026,09:00 AM ET,402109377019,26-0586,2024-1146,,"14178 HYDRANGEA AVE, PORT CHARLOTTE, FL- 33953",,,2563.53,11475.0,11/03/2026 09:00 AM ET,TAXDEED,https://www.charlotte.realforeclose.com/index.cfm?zaction=auction&zmethod=details&AID=1522247&bypassPage=1,http://www.ccappraiser.com/Show_parcel.asp?acct=402109377019&gen=T&tax=T&bld=T&oth=T&sal=T&lnd=T&leg=T,https://recording.charlotteclerk.com/Render/ViewDocuments?inFromSearch=INSTRUMENTNUMBER&inDirectReverse=&inFirstName=&inLastName=&inMiddleName=&inBusinessName=&inBookType=&inBook=&inPage=&inStartDate=&inEndDate=&inCaseNumber=&inInstrumentNumber=&inLegal=&inDocumentTypeIds=,www.charlotte.realforeclose.com,2026-10-08T10:41:48+00:00
charlotte,11/03/2026,09:00 AM ET,402109380012,26-0587,2024-1159,,"14249 BETHEL AVE, PORT CHARLOTTE, FL- 33953",,,4438.03,21229.0,11/03/2026 09:00 AM ET,TAXDEED,https://www.charlotte.realforeclose.com/index.cfm?zaction=auction&zmethod=details&AID=1522246&bypassPage=1,http://www.ccappraiser.com/Show_parcel.asp?acct=402109380012&gen=T&tax=T&bld=T&oth=T&sal=T&lnd=T&leg=T,https://recording.charlotteclerk.com/Render/ViewDocuments?inFromSearch=INSTRUMENTNUMBER&inDirectReverse=&inFirstName=&inLastName=&inMiddleName=&inBusinessName=&inBookType=&inBook=&inPage=&inStartDate=&inEndDate=&inCaseNumber=&inInstrumentNumber=&inLegal=&inDocumentTypeIds=,www.charlotte.realforeclose.com,2026-10-08T10:41:48+00:00
charlotte,11/03/2026,09:00 AM ET,402109427006,26-0588,2024-1163,,"14484 GARY AVE, PORT CHARLOTTE, FL- 33953",,,2475.88,5750.0,11/03/2026 09:00 AM ET,TAXDEED,https://www.charlotte.realforeclose.com/index.cfm?zaction=auction&zmethod=details&AID=1522245&bypassPage=1,http://www.ccappraiser.com/Show_parcel.asp?acct=402109427006&gen=T&tax=T&bld=T&oth=T&sal=T&lnd=T&leg=T,https://recording.charlotteclerk.com/Render/ViewDocuments?inFromSearch=INSTRUMENTNUMBER&inDirectReverse=&inFirstName=&inLastName=&inMiddleName=&inBusinessName=&inBookType=&inBook=&inPage=&inStartDate=&inEndDate=&inCaseNumber=&inInstrumentNumber=&inLegal=&inDocumentTypeIds=,www.charlotte.realforeclose.com,2026-10-08T10:41:48+00:00
charlotte,11/03/2026,09:00 AM ET,402116427026,26-0577,2024-1764,,"2333 PATRICK ST, PORT CHARLOTTE, FL- 33953",,,3337.45,3617.0,11/03/2026 09:00 AM ET,TAXDEED,https://www.charlotte.realforeclose.com/index.cfm?zaction=auction&zmethod=details&AID=1522256&bypassPage=1,http://www.ccappraiser.com/Show_parcel.asp?acct=402116427026&gen=T&tax=T&bld=T&oth=T&sal=T&lnd=T&leg=T,https://recording.charlotteclerk.com/Render/ViewDocuments?inFromSearch=INSTRUMENTNUMBER&inDirectReverse=&inFirstName=&inLastName=&inMiddleName=&inBusinessName=&inBookType=&inBook=&inPage=&inStartDate=&inEndDate=&inCaseNumber=&inInstrumentNumber=&inLegal=&inDocumentTypeIds=,www.charlotte.realforeclose.com,2026-10-08T10:41:48+00:00
charlotte,11/03/2026,09:00 AM ET,402132355005,26-0574,2024-2502,,"5578 EYERLY TER, PORT CHARLOTTE, FL- 33981",,,2927.95,6862.0,11/03/2026 09:00 AM ET,TAXDEED,https://www.charlotte.realforeclose.com/index.cfm?zaction=auction&zmethod=details&AID=1522264&bypassPage=1,http://www.ccappraiser.com/Show_parcel.asp?acct=402132355005&gen=T&tax=T&bld=T&oth=T&sal=T&lnd=T&leg=T,https://recording.charlotteclerk.com/Render/ViewDocuments?inFromSearch=INSTRUMENTNUMBER&inDirectReverse=&inFirstName=&inLastName=&inMiddleName=&inBusinessName=&inBookType=&inBook=&inPage=&inStartDate=&inEndDate=&inCaseNumber=&inInstrumentNumber=&inLegal=&inDocumentTypeIds=,www.charlotte.realforeclose.com,2026-10-08T10:41:48+00:00
charlotte,11/03/2026,,402217378001,26-0589,2024-3735,,,,,2704.25,,Redeemed,TAXDEED,https://www.charlotte.realforeclose.com/index.cfm?zaction=auction&zmethod=details&AID=1522244&bypassPage=1,http://www.ccappraiser.com/Show_parcel.asp?acct=402217378001&gen=T&tax=T&bld=T&oth=T&sal=T&lnd=T&leg=T,https://recording.charlotteclerk.com/Render/ViewDocuments?inFromSearch=INSTRUMENTNUMBER&inDirectReverse=&inFirstName=&inLastName=&inMiddleName=&inBusinessName=&inBookType=&inBook=&inPage=&inStartDate=&inEndDate=&inCaseNumber=&inInstrumentNumber=&inLegal=&inDocumentTypeIds=,www.charlotte.realforeclose.com,2026-10-08T10:41:48+00:00
charlotte,11/03/2026,,412117404014,26-0566,2024-7648,,,,,2990.35,,Redeemed,TAXDEED,https://www.charlotte.realforeclose.com/index.cfm?zaction=auction&zmethod=details&AID=1522272&bypassPage=1,http://www.ccappraiser.com/Show_parcel.asp?acct=412117404014&gen=T&tax=T&bld=T&oth=T&sal=T&lnd=T&leg=T,https://recording.charlotteclerk.com/Render/ViewDocuments?inFromSearch=INSTRUMENTNUMBER&inDirectReverse=&inFirstName=&inLastName=&inMiddleName=&inBusinessName=&inBookType=&inBook=&inPage=&inStartDate=&inEndDate=&inCaseNumber=&inInstrumentNumber=&inLegal=&inDocumentTypeIds=,www.charlotte.realforeclose.com,2026-10-08T10:41:48+00:00
charlotte,11/03/2026,,412223276002,26-0578,2024-8908,,,,,5175.47,,Redeemed,TAXDEED,https://www.charlotte.realforeclose.com/index.cfm?zaction=auction&zmethod=details&AID=1522255&bypassPage=1,http://www.ccappraiser.com/Show_parcel.asp?acct=412223276002&gen=T&tax=T&bld=T&oth=T&sal=T&lnd=T&leg=T,https://recording.charlotteclerk.com/Render/ViewDocuments?inFromSearch=INSTRUMENTNUMBER&inDirectReverse=&inFirstName=&inLastName=&inMiddleName=&inBusinessName=&inBookType=&inBook=&inPage=&inStartDate=&inEndDate=&inCaseNumber=&inInstrumentNumber=&inLegal=&inDocumentTypeIds=,www.charlotte.realforeclose.com,2026-10-08T10:41:48+00:00
charlotte,11/03/2026,,412302326005,26-0560,2024-8966,,"28146 COUNTRY CLUB BLVD, PUNTA GORDA, FL- 33982",,,1975.96,3275.0,Redeemed,TAXDEED,https://www.charlotte.realforeclose.com/index.cfm?zaction=auction&zmethod=details&AID=1522277&bypassPage=1,http://www.ccappraiser.com/Show_parcel.asp?acct=412302326005&gen=T&tax=T&bld=T&oth=T&sal=T&lnd=T&leg=T,https://recording.charlotteclerk.com/Render/ViewDocuments?inFromSearch=INSTRUMENTNUMBER&inDirectReverse=&inFirstName=&inLastName=&inMiddleName=&inBusinessName=&inBookType=&inBook=&inPage=&inStartDate=&inEndDate=&inCaseNumber=&inInstrumentNumber=&inLegal=&inDocumentTypeIds=,www.charlotte.realforeclose.com,2026-10-08T10:41:48+00:00
charlotte,11/03/2026,,412303253004,26-0561,2024-9049,,,,,1793.55,,Redeemed,TAXDEED,https://www.charlotte.realforeclose.com/index.cfm?zaction=auction&zmethod=details&AID=1522276&bypassPage=1,http://www.ccappraiser.com/Show_parcel.asp?acct=412303253004&gen=T&tax=T&bld=T&oth=T&sal=T&lnd=T&leg=T,https://recording.charlotteclerk.com/Render/ViewDocuments?inFromSearch=INSTRUMENTNUMBER&inDirectReverse=&inFirstName=&inLastName=&inMiddleName=&inBusinessName=&inBookType=&inBook=&inPage=&inStartDate=&inEndDate=&inCaseNumber=&inInstrumentNumber=&inLegal=&inDocumentTypeIds=,www.charlotte.realforeclose.com,2026-10-08T10:41:48+00:00
charlotte,11/03/2026,09:00 AM ET,412303286001,26-0573,2024-9061,,"700 POMPANO LN, PUNTA GORDA, FL- 33982",,,1222.96,1800.0,11/03/2026 09:00 AM ET,TAXDEED,https://www.charlotte.realforeclose.com/index.cfm?zaction=auction&zmethod=details&AID=1522265&bypassPage=1,http://www.ccappraiser.com/Show_parcel.asp?acct=412303286001&gen=T&tax=T&bld=T&oth=T&sal=T&lnd=T&leg=T,https://recording.charlotteclerk.com/Render/ViewDocuments?inFromSearch=INSTRUMENTNUMBER&inDirectReverse=&inFirstName=&inLastName=&inMiddleName=&inBusinessName=&inBookType=&inBook=&inPage=&inStartDate=&inEndDate=&inCaseNumber=&inInstrumentNumber=&inLegal=&inDocumentTypeIds=,www.charlotte.realforeclose.com,2026-10-08T10:41:48+00:00
charlotte,11/03/2026,09:00 AM ET,412304402012,26-0571,2024-9126,,"26448 FAIRWAY DR, PUNTA GORDA, FL- 33982",,,1679.66,2286.0,11/03/2026 09:00 AM ET,TAXDEED,https://www.charlotte.realforeclose.com/index.cfm?zaction=auction&zmethod=details&AID=1522267&bypassPage=1,http://www.ccappraiser.com/Show_parcel.asp?acct=412304402012&gen=T&tax=T&bld=T&oth=T&sal=T&lnd=T&leg=T,https://recording.charlotteclerk.com/Render/ViewDocuments?inFromSearch=INSTRUMENTNUMBER&inDirectReverse=&inFirstName=&inLastName=&inMiddleName=&inBusinessName=&inBookType=&inBook=&inPage=&inStartDate=&inEndDate=&inCaseNumber=&inInstrumentNumber=&inLegal=&inDocumentTypeIds=,www.charlotte.realforeclose.com,2026-10-08T10:41:48+00:00
charlotte,11/03/2026,09:00 AM ET,412333355002,26-0607,2021-10563,,"26012 HAPSBURG RD, PUNTA GORDA, FL- 33955",,,5205.69,4947.0,11/03/2026 09:00 AM ET,TAXDEED,https://www.charlotte.realforeclose.com/index.cfm?zaction=auction&zmethod=details&AID=1522228&bypassPage=1,http://www.ccappraiser.com/Show_parcel.asp?acct=412333355002&gen=T&tax=T&bld=T&oth=T&sal=T&lnd=T&leg=T,https://recording.charlotteclerk.com/Render/ViewDocuments?inFromSearch=INSTRUMENTNUMBER&inDirectReverse=&inFirstName=&inLastName=&inMiddleName=&inBusinessName=&inBookType=&inBook=&inPage=&inStartDate=&inEndDate=&inCaseNumber=&inInstrumentNumber=&inLegal=&inDocumentTypeIds=,www.charlotte.realforeclose.com,2026-10-08T10:41:48+00:00
charlotte,11/03/2026,,412333405013,26-0567,2024-9638,,"26286 EAGER RD, PUNTA GORDA, FL- 33955",,,2009.93,2473.0,Redeemed,TAXDEED,https://www.charlotte.realforeclose.com/index.cfm?zaction=auction&zmethod=details&AID=1522271&bypassPage=1,http://www.ccappraiser.com/Show_parcel.asp?acct=412333405013&gen=T&tax=T&bld=T&oth=T&sal=T&lnd=T&leg=T,https://recording.charlotteclerk.com/Render/ViewDocuments?inFromSearch=INSTRUMENTNUMBER&inDirectReverse=&inFirstName=&inLastName=&inMiddleName=&inBusinessName=&inBookType=&inBook=&inPage=&inStartDate=&inEndDate=&inCaseNumber=&inInstrumentNumber=&inLegal=&inDocumentTypeIds=,www.charlotte.realforeclose.com,2026-10-08T10:41:48+00:00
charlotte,11/03/2026,,412333405014,26-0568,2024-9639,,"26290 EAGER RD, PUNTA GORDA, FL- 33955",,,2008.25,2473.0,Redeemed,TAXDEED,https://www.charlotte.realforeclose.com/index.cfm?zaction=auction&zmethod=details&AID=1522270&bypassPage=1,http://www.ccappraiser.com/Show_parcel.asp?acct=412333405014&gen=T&tax=T&bld=T&oth=T&sal=T&lnd=T&leg=T,https://recording.charlotteclerk.com/Render/ViewDocuments?inFromSearch=INSTRUMENTNUMBER&inDirectReverse=&inFirstName=&inLastName=&inMiddleName=&inBusinessName=&inBookType=&inBook=&inPage=&inStartDate=&inEndDate=&inCaseNumber=&inInstrumentNumber=&inLegal=&inDocumentTypeIds=,www.charlotte.realforeclose.com,2026-10-08T10:41:48+00:00
charlotte,11/03/2026,09:00 AM ET,412333454020,26-0606,2021-10607,,"26334 HAPSBURG RD, PUNTA GORDA, FL- 33955",,,5136.62,4947.0,11/03/2026 09:00 AM ET,TAXDEED,https://www.charlotte.realforeclose.com/index.cfm?zaction=auction&zmethod=details&AID=1522229&bypassPage=1,http://www.ccappraiser.com/Show_parcel.asp?acct=412333454020&gen=T&tax=T&bld=T&oth=T&sal=T&lnd=T&leg=T,https://recording.charlotteclerk.com/Render/ViewDocuments?inFromSearch=INSTRUMENTNUMBER&inDirectReverse=&inFirstName=&inLastName=&inMiddleName=&inBusinessName=&inBookType=&inBook=&inPage=&inStartDate=&inEndDate=&inCaseNumber=&inInstrumentNumber=&inLegal=&inDocumentTypeIds=,www.charlotte.realforeclose.com,2026-10-08T10:41:48+00:00
charlotte,11/03/2026,09:00 AM ET,412333481005,26-0608,2021-10620,,"26451 HAPSBURG RD, PUNTA GORDA, FL- 33955",,,5182.28,4947.0,11/03/2026 09:00 AM ET,TAXDEED,https://www.charlotte.realforeclose.com/index.cfm?zaction=auction&zmethod=details&AID=1522227&bypassPage=1,http://www.ccappraiser.com/Show_parcel.asp?acct=412333481005&gen=T&tax=T&bld=T&oth=T&sal=T&lnd=T&leg=T,https://recording.charlotteclerk.com/Render/ViewDocuments?inFromSearch=INSTRUMENTNUMBER&inDirectReverse=&inFirstName=&inLastName=&inMiddleName=&inBusinessName=&inBookType=&inBook=&inPage=&inStartDate=&inEndDate=&inCaseNumber=&inInstrumentNumber=&inLegal=&inDocumentTypeIds=,www.charlotte.realforeclose.com,2026-10-08T10:41:48+00:00
charlotte,11/03/2026,09:00 AM ET,412334157004,26-0609,2021-10636,,"11227 SECOND AVE, PUNTA GORDA, FL- 33955",,,5587.18,4947.0,11/03/2026 09:00 AM ET,TAXDEED,https://www.charlotte.realforeclose.com/index.cfm?zaction=auction&zmethod=details&AID=1522226&bypassPage=1,http://www.ccappraiser.com/Show_parcel.asp?acct=412334157004&gen=T&tax=T&bld=T&oth=T&sal=T&lnd=T&leg=T,https://recording.charlotteclerk.com/Render/ViewDocuments?inFromSearch=INSTRUMENTNUMBER&inDirectReverse=&inFirstName=&inLastName=&inMiddleName=&inBusinessName=&inBookType=&inBook=&inPage=&inStartDate=&inEndDate=&inCaseNumber=&inInstrumentNumber=&inLegal=&inDocumentTypeIds=,www.charlotte.realforeclose.com,2026-10-08T10:41:48+00:00
charlotte,11/03/2026,09:00 AM ET,422104233001,26-0590,2024-9915,,"14535 MARLIN CT, PLACIDA, FL- 33946",,,2726.08,14875.0,11/03/2026 09:00 AM ET,TAXDEED,https://www.charlotte.realforeclose.com/index.cfm?zaction=auction&zmethod=details&AID=1522243&bypassPage=1,http://www.ccappraiser.com/Show_parcel.asp?acct=422104233001&gen=T&tax=T&bld=T&oth=T&sal=T&lnd=T&leg=T,https://recording.charlotteclerk.com/Render/ViewDocuments?inFromSearch=INSTRUMENTNUMBER&inDirectReverse=&inFirstName=&inLastName=&inMiddleName=&inBusinessName=&inBookType=&inBook=&inPage=&inStartDate=&inEndDate=&inCaseNumber=&inInstrumentNumber=&inLegal=&inDocumentTypeIds=,www.charlotte.realforeclose.com,2026-10-08T10:41:48+00:00
charlotte,11/03/2026,09:00 AM ET,422104233002,26-0597,2024-9916,,"14525 MARLIN CT, PLACIDA, FL- 33946",,,2388.94,11050.0,11/03/2026 09:00 AM ET,TAXDEED,https://www.charlotte.realforeclose.com/index.cfm?zaction=auction&zmethod=details&AID=1522238&bypassPage=1,http://www.ccappraiser.com/Show_parcel.asp?acct=422104233002&gen=T&tax=T&bld=T&oth=T&sal=T&lnd=T&leg=T,https://recording.charlotteclerk.com/Render/ViewDocuments?inFromSearch=INSTRUMENTNUMBER&inDirectReverse=&inFirstName=&inLastName=&inMiddleName=&inBusinessName=&inBookType=&inBook=&inPage=&inStartDate=&inEndDate=&inCaseNumber=&inInstrumentNumber=&inLegal=&inDocumentTypeIds=,www.charlotte.realforeclose.com,2026-10-08T10:41:48+00:00
charlotte,11/03/2026,09:00 AM ET,422104233003,26-0592,2024-9917,,"14515 MARLIN CT, PLACIDA, FL- 33946",,,2058.58,5476.0,11/03/2026 09:00 AM ET,TAXDEED,https://www.charlotte.realforeclose.com/index.cfm?zaction=auction&zmethod=details&AID=1522241&bypassPage=1,http://www.ccappraiser.com/Show_parcel.asp?acct=422104233003&gen=T&tax=T&bld=T&oth=T&sal=T&lnd=T&leg=T,https://recording.charlotteclerk.com/Render/ViewDocuments?inFromSearch=INSTRUMENTNUMBER&inDirectReverse=&inFirstName=&inLastName=&inMiddleName=&inBusinessName=&inBookType=&inBook=&inPage=&inStartDate=&inEndDate=&inCaseNumber=&inInstrumentNumber=&inLegal=&inDocumentTypeIds=,www.charlotte.realforeclose.com,2026-10-08T10:41:48+00:00
charlotte,11/03/2026,09:00 AM ET,422104233006,26-0605,2024-9918,,"14543 MARLIN CT, PLACIDA, FL- 33946",,,2624.61,14875.0,11/03/2026 09:00 AM ET,TAXDEED,https://www.charlotte.realforeclose.com/index.cfm?zaction=auction&zmethod=details&AID=1522230&bypassPage=1,http://www.ccappraiser.com/Show_parcel.asp?acct=422104233006&gen=T&tax=T&bld=T&oth=T&sal=T&lnd=T&leg=T,https://recording.charlotteclerk.com/Render/ViewDocuments?inFromSearch=INSTRUMENTNUMBER&inDirectReverse=&inFirstName=&inLastName=&inMiddleName=&inBusinessName=&inBookType=&inBook=&inPage=&inStartDate=&inEndDate=&inCaseNumber=&inInstrumentNumber=&inLegal=&inDocumentTypeIds=,www.charlotte.realforeclose.com,2026-10-08T10:41:48+00:00
charlotte,11/03/2026,09:00 AM ET,422104253006,26-0598,2024-9920,,"14450 BARRACUDA RD, PLACIDA, FL- 33946",,,2331.26,11050.0,11/03/2026 09:00 AM ET,TAXDEED,https://www.charlotte.realforeclose.com/index.cfm?zaction=auction&zmethod=details&AID=1522237&bypassPage=1,http://www.ccappraiser.com/Show_parcel.asp?acct=422104253006&gen=T&tax=T&bld=T&oth=T&sal=T&lnd=T&leg=T,https://recording.charlotteclerk.com/Render/ViewDocuments?inFromSearch=INSTRUMENTNUMBER&inDirectReverse=&inFirstName=&inLastName=&inMiddleName=&inBusinessName=&inBookType=&inBook=&inPage=&inStartDate=&inEndDate=&inCaseNumber=&inInstrumentNumber=&inLegal=&inDocumentTypeIds=,www.charlotte.realforeclose.com,2026-10-08T10:41:48+00:00
charlotte,11/03/2026,09:00 AM ET,422104404015,26-0593,2024-9991,,"14306 PERMIT CT, PLACIDA, FL- 33946",,,2559.19,14875.0,11/03/2026 09:00 AM ET,TAXDEED,https://www.charlotte.realforeclose.com/index.cfm?zaction=auction&zmethod=details&AID=1522240&bypassPage=1,http://www.ccappraiser.com/Show_parcel.asp?acct=422104404015&gen=T&tax=T&bld=T&oth=T&sal=T&lnd=T&leg=T,https://recording.charlotteclerk.com/Render/ViewDocuments?inFromSearch=INSTRUMENTNUMBER&inDirectReverse=&inFirstName=&inLastName=&inMiddleName=&inBusinessName=&inBookType=&inBook=&inPage=&inStartDate=&inEndDate=&inCaseNumber=&inInstrumentNumber=&inLegal=&inDocumentTypeIds=,www.charlotte.realforeclose.com,2026-10-08T10:41:48+00:00
charlotte,11/03/2026,09:00 AM ET,422105330003,26-0599,2024-10131,,"13422 WALLEYE WAY, PLACIDA, FL- 33946",,,1575.98,5008.0,11/03/2026 09:00 AM ET,TAXDEED,https://www.charlotte.realforeclose.com/index.cfm?zaction=auction&zmethod=details&AID=1522236&bypassPage=1,http://www.ccappraiser.com/Show_parcel.asp?acct=422105330003&gen=T&tax=T&bld=T&oth=T&sal=T&lnd=T&leg=T,https://recording.charlotteclerk.com/Render/ViewDocuments?inFromSearch=INSTRUMENTNUMBER&inDirectReverse=&inFirstName=&inLastName=&inMiddleName=&inBusinessName=&inBookType=&inBook=&inPage=&inStartDate=&inEndDate=&inCaseNumber=&inInstrumentNumber=&inLegal=&inDocumentTypeIds=,www.charlotte.realforeclose.com,2026-10-08T10:41:48+00:00
charlotte,11/03/2026,09:00 AM ET,422105383005,26-0594,2024-10173,,"12416 BATFISH CT, PLACIDA, FL- 33946",,,2326.89,11050.0,11/03/2026 09:00 AM ET,TAXDEED,https://www.charlotte.realforeclose.com/index.cfm?zaction=auction&zmethod=details&AID=1522239&bypassPage=1,http://www.ccappraiser.com/Show_parcel.asp?acct=422105383005&gen=T&tax=T&bld=T&oth=T&sal=T&lnd=T&leg=T,https://recording.charlotteclerk.com/Render/ViewDocuments?inFromSearch=INSTRUMENTNUMBER&inDirectReverse=&inFirstName=&inLastName=&inMiddleName=&inBusinessName=&inBookType=&inBook=&inPage=&inStartDate=&inEndDate=&inCaseNumber=&inInstrumentNumber=&inLegal=&inDocumentTypeIds=,www.charlotte.realforeclose.com,2026-10-08T10:41:48+00:00
charlotte,11/03/2026,09:00 AM ET,422109227002,26-0600,2024-10233,,"14413 TROUT CT, PLACIDA, FL- 33946",,,1255.87,14450.0,11/03/2026 09:00 AM ET,TAXDEED,https://www.charlotte.realforeclose.com/index.cfm?zaction=auction&zmethod=details&AID=1522235&bypassPage=1,http://www.ccappraiser.com/Show_parcel.asp?acct=422109227002&gen=T&tax=T&bld=T&oth=T&sal=T&lnd=T&leg=T,https://recording.charlotteclerk.com/Render/ViewDocuments?inFromSearch=INSTRUMENTNUMBER&inDirectReverse=&inFirstName=&inLastName=&inMiddleName=&inBusinessName=&inBookType=&inBook=&inPage=&inStartDate=&inEndDate=&inCaseNumber=&inInstrumentNumber=&inLegal=&inDocumentTypeIds=,www.charlotte.realforeclose.com,2026-10-08T10:41:48+00:00
charlotte,11/03/2026,,422302129005,26-0601,2024-10269,,,,,2947.96,,Redeemed,TAXDEED,https://www.charlotte.realforeclose.com/index.cfm?zaction=auction&zmethod=details&AID=1522234&bypassPage=1,http://www.ccappraiser.com/Show_parcel.asp?acct=422302129005&gen=T&tax=T&bld=T&oth=T&sal=T&lnd=T&leg=T,https://recording.charlotteclerk.com/Render/ViewDocuments?inFromSearch=INSTRUMENTNUMBER&inDirectReverse=&inFirstName=&inLastName=&inMiddleName=&inBusinessName=&inBookType=&inBook=&inPage=&inStartDate=&inEndDate=&inCaseNumber=&inInstrumentNumber=&inLegal=&inDocumentTypeIds=,www.charlotte.realforeclose.com,2026-10-08T10:41:48+00:00
charlotte,11/03/2026,09:00 AM ET,422302379012,26-0558,2024/10371,,"28329 S TWIN LAKES DR, PUNTA GORDA, FL- 33955",,,2437.58,3559.0,11/03/2026 09:00 AM ET,TAXDEED,https://www.charlotte.realforeclose.com/index.cfm?zaction=auction&zmethod=details&AID=1522279&bypassPage=1,http://www.ccappraiser.com/Show_parcel.asp?acct=422302379012&gen=T&tax=T&bld=T&oth=T&sal=T&lnd=T&leg=T,https://recording.charlotteclerk.com/Render/ViewDocuments?inFromSearch=INSTRUMENTNUMBER&inDirectReverse=&inFirstName=&inLastName=&inMiddleName=&inBusinessName=&inBookType=&inBook=&inPage=&inStartDate=&inEndDate=&inCaseNumber=&inInstrumentNumber=&inLegal=&inDocumentTypeIds=,www.charlotte.realforeclose.com,2026-10-08T10:41:48+00:00
charlotte,11/03/2026,09:00 AM ET,422302381014,26-0570,2024-10377,,"28235 SUNSET DR, PUNTA GORDA, FL- 33955",,,1748.13,2240.0,11/03/2026 09:00 AM ET,TAXDEED,https://www.charlotte.realforeclose.com/index.cfm?zaction=auction&zmethod=details&AID=1522268&bypassPage=1,http://www.ccappraiser.com/Show_parcel.asp?acct=422302381014&gen=T&tax=T&bld=T&oth=T&sal=T&lnd=T&leg=T,https://recording.charlotteclerk.com/Render/ViewDocuments?inFromSearch=INSTRUMENTNUMBER&inDirectReverse=&inFirstName=&inLastName=&inMiddleName=&inBusinessName=&inBookType=&inBook=&inPage=&inStartDate=&inEndDate=&inCaseNumber=&inInstrumentNumber=&inLegal=&inDocumentTypeIds=,www.charlotte.realforeclose.com,2026-10-08T10:41:48+00:00
charlotte,11/03/2026,09:00 AM ET,422302478004,26-0559,2024-10419,,"12498 CATALINA DR, PUNTA GORDA, FL- 33955",,,2438.87,3559.0,11/03/2026 09:00 AM ET,TAXDEED,https://www.charlotte.realforeclose.com/index.cfm?zaction=auction&zmethod=details&AID=1522278&bypassPage=1,http://www.ccappraiser.com/Show_parcel.asp?acct=422302478004&gen=T&tax=T&bld=T&oth=T&sal=T&lnd=T&leg=T,https://recording.charlotteclerk.com/Render/ViewDocuments?inFromSearch=INSTRUMENTNUMBER&inDirectReverse=&inFirstName=&inLastName=&inMiddleName=&inBusinessName=&inBookType=&inBook=&inPage=&inStartDate=&inEndDate=&inCaseNumber=&inInstrumentNumber=&inLegal=&inDocumentTypeIds=,www.charlotte.realforeclose.com,2026-10-08T10:41:48+00:00
charlotte,11/03/2026,09:00 AM ET,422303126021,26-0572,2024-10445,,"27242 GREEN GULF BLVD, PUNTA GORDA, FL- 33955",,,1621.81,2240.0,11/03/2026 09:00 AM ET,TAXDEED,https://www.charlotte.realforeclose.com/index.cfm?zaction=auction&zmethod=details&AID=1522266&bypassPage=1,http://www.ccappraiser.com/Show_parcel.asp?acct=422303126021&gen=T&tax=T&bld=T&oth=T&sal=T&lnd=T&leg=T,https://recording.charlotteclerk.com/Render/ViewDocuments?inFromSearch=INSTRUMENTNUMBER&inDirectReverse=&inFirstName=&inLastName=&inMiddleName=&inBusinessName=&inBookType=&inBook=&inPage=&inStartDate=&inEndDate=&inCaseNumber=&inInstrumentNumber=&inLegal=&inDocumentTypeIds=,www.charlotte.realforeclose.com,2026-10-08T10:41:48+00:00
charlotte,11/03/2026,09:00 AM ET,422303206011,26-0569,2024-10480,,"27282 DEL RIO DR, PUNTA GORDA, FL- 33955",,,2436.2,3559.0,11/03/2026 09:00 AM ET,TAXDEED,https://www.charlotte.realforeclose.com/index.cfm?zaction=auction&zmethod=details&AID=1522269&bypassPage=1,http://www.ccappraiser.com/Show_parcel.asp?acct=422303206011&gen=T&tax=T&bld=T&oth=T&sal=T&lnd=T&leg=T,https://recording.charlotteclerk.com/Render/ViewDocuments?inFromSearch=INSTRUMENTNUMBER&inDirectReverse=&inFirstName=&inLastName=&inMiddleName=&inBusinessName=&inBookType=&inBook=&inPage=&inStartDate=&inEndDate=&inCaseNumber=&inInstrumentNumber=&inLegal=&inDocumentTypeIds=,www.charlotte.realforeclose.com,2026-10-08T10:41:48+00:00
charlotte,11/03/2026,09:00 AM ET,422329162005,26-0602,2024-11043,,"25125 ESTRADA CIR, PUNTA GORDA, FL- 33955",,,2939.34,32725.0,11/03/2026 09:00 AM ET,TAXDEED,https://www.charlotte.realforeclose.com/index.cfm?zaction=auction&zmethod=details&AID=1522233&bypassPage=1,http://www.ccappraiser.com/Show_parcel.asp?acct=422329162005&gen=T&tax=T&bld=T&oth=T&sal=T&lnd=T&leg=T,https://recording.charlotteclerk.com/Render/ViewDocuments?inFromSearch=INSTRUMENTNUMBER&inDirectReverse=&inFirstName=&inLastName=&inMiddleName=&inBusinessName=&inBookType=&inBook=&inPage=&inStartDate=&inEndDate=&inCaseNumber=&inInstrumentNumber=&inLegal=&inDocumentTypeIds=,www.charlotte.realforeclose.com,2026-10-08T10:41:48+00:00
charlotte,11/03/2026,09:00 AM ET,422330458001,26-0603,2024-11123,,"16419 AYSON WAY, PUNTA GORDA, FL- 33955",,,2871.88,22400.0,11/03/2026 09:00 AM ET,TAXDEED,https://www.charlotte.realforeclose.com/index.cfm?zaction=auction&zmethod=details&AID=1522232&bypassPage=1,http://www.ccappraiser.com/Show_parcel.asp?acct=422330458001&gen=T&tax=T&bld=T&oth=T&sal=T&lnd=T&leg=T,https://recording.charlotteclerk.com/Render/ViewDocuments?inFromSearch=INSTRUMENTNUMBER&inDirectReverse=&inFirstName=&inLastName=&inMiddleName=&inBusinessName=&inBookType=&inBook=&inPage=&inStartDate=&inEndDate=&inCaseNumber=&inInstrumentNumber=&inLegal=&inDocumentTypeIds=,www.charlotte.realforeclose.com,2026-10-08T10:41:48+00:00
charlotte,11/03/2026,09:00 AM ET,422416376005,26-0591,2024-11295,,"32430 OIL WELL RD, PUNTA GORDA, FL- 33955",,,1201.21,8713.0,11/03/2026 09:00 AM ET,TAXDEED,https://www.charlotte.realforeclose.com/index.cfm?zaction=auction&zmethod=details&AID=1522242&bypassPage=1,http://www.ccappraiser.com/Show_parcel.asp?acct=422416376005&gen=T&tax=T&bld=T&oth=T&sal=T&lnd=T&leg=T,https://recording.charlotteclerk.com/Render/ViewDocuments?inFromSearch=INSTRUMENTNUMBER&inDirectReverse=&inFirstName=&inLastName=&inMiddleName=&inBusinessName=&inBookType=&inBook=&inPage=&inStartDate=&inEndDate=&inCaseNumber=&inInstrumentNumber=&inLegal=&inDocumentTypeIds=,www.charlotte.realforeclose.com,2026-10-08T10:41:48+00:00
charlotte,11/03/2026,09:00 AM ET,422416376006,26-0604,2024-11296,,"32442 OIL WELL ROAD, PUNTA GORDA, FL- 33955",,,1570.21,15683.0,11/03/2026 09:00 AM ET,TAXDEED,https://www.charlotte.realforeclose.com/index.cfm?zaction=auction&zmethod=details&AID=1522231&bypassPage=1,http://www.ccappraiser.com/Show_parcel.asp?acct=422416376006&gen=T&tax=T&bld=T&oth=T&sal=T&lnd=T&leg=T,https://recording.charlotteclerk.com/Render/ViewDocuments?inFromSearch=INSTRUMENTNUMBER&inDirectReverse=&inFirstName=&inLastName=&inMiddleName=&inBusinessName=&inBookType=&inBook=&inPage=&inStartDate=&inEndDate=&inCaseNumber=&inInstrumentNumber=&inLegal=&inDocumentTypeIds=,www.charlotte.realforeclose.com,2026-10-08T10:41:48+00:00
charlotte,11/17/2026,09:00 AM ET,412322378010,26-0242,2024-9477,,"10061 WINDING RIVER ROAD, PUNTA GORDA, FL- 33950",,,120116.73,214290.0,11/17/2026 09:00 AM ET,TAXDEED,https://www.charlotte.realforeclose.com/index.cfm?zaction=auction&zmethod=details&AID=1518570&bypassPage=1,http://www.ccappraiser.com/Show_parcel.asp?acct=412322378010&gen=T&tax=T&bld=T&oth=T&sal=T&lnd=T&leg=T,https://recording.charlotteclerk.com/Render/ViewDocuments?inFromSearch=INSTRUMENTNUMBER&inDirectReverse=&inFirstName=&inLastName=&inMiddleName=&inBusinessName=&inBookType=&inBook=&inPage=&inStartDate=&inEndDate=&inCaseNumber=&inInstrumentNumber=&inLegal=&inDocumentTypeIds=,www.charlotte.realforeclose.com,2026-10-08T10:41:51+00:00
