county,sale_date,sale_time,parcel_id,case_number,certificate_number,owner_name,property_address,property_use,acreage,opening_bid,assessed_value,auction_status,auction_type,auction_url,appraiser_url,source_host,scraped_at
duval,08/12/2026,,002651-1620,2026-0037TD,00417-2024,,"10163 RANCHVIEW DR, JACKSONVILLE, FL- 32219",,,4205.34,62920.0,Redeemed,TAXDEED,https://www.duval.realtaxdeed.com/index.cfm?zaction=AUCTION&Zmethod=PREVIEW&AUCTIONDATE=08/12/2026,https://paopropertysearch.coj.net/Basic/Detail.aspx?RE=0026511620,www.duval.realtaxdeed.com,2026-08-12T13:24:20+00:00
duval,08/12/2026,,003297-0000,2026-0041TD,00552-2024,,"7900 W MONCRIEF RD, JACKSONVILLE, FL- 32219",,,10461.39,65906.0,Redeemed,TAXDEED,https://www.duval.realtaxdeed.com/index.cfm?zaction=AUCTION&Zmethod=PREVIEW&AUCTIONDATE=08/12/2026,https://paopropertysearch.coj.net/Basic/Detail.aspx?RE=0032970000,www.duval.realtaxdeed.com,2026-08-12T13:24:20+00:00
duval,08/12/2026,,011042-0000,2026-0048TD,01443-2024,,"1202 LE BRUN DR, JACKSONVILLE, FL- 32205",,,126517.98,225527.0,Redeemed,TAXDEED,https://www.duval.realtaxdeed.com/index.cfm?zaction=AUCTION&Zmethod=PREVIEW&AUCTIONDATE=08/12/2026,https://paopropertysearch.coj.net/Basic/Detail.aspx?RE=0110420000,www.duval.realtaxdeed.com,2026-08-12T13:24:20+00:00
duval,08/12/2026,,012096-0000,2026-0032TD,01530-2024,,"6926 N HANSON DR, JACKSONVILLE, FL- 32210",,,15575.4,225629.0,Redeemed,TAXDEED,https://www.duval.realtaxdeed.com/index.cfm?zaction=AUCTION&Zmethod=PREVIEW&AUCTIONDATE=08/12/2026,https://paopropertysearch.coj.net/Basic/Detail.aspx?RE=0120960000,www.duval.realtaxdeed.com,2026-08-12T13:24:20+00:00
duval,08/12/2026,,013548-0000,2026-0023TD,01835-2024,,"8231 APRIL ST, JACKSONVILLE, FL- 32244",,,1807.0,6955.0,Redeemed,TAXDEED,https://www.duval.realtaxdeed.com/index.cfm?zaction=AUCTION&Zmethod=PREVIEW&AUCTIONDATE=08/12/2026,https://paopropertysearch.coj.net/Basic/Detail.aspx?RE=0135480000,www.duval.realtaxdeed.com,2026-08-12T13:24:20+00:00
duval,08/12/2026,,014835-0000,2026-0073TD,02033-2024,,"6067 RICKER RD, JACKSONVILLE, FL- 32244",,,8320.74,73806.0,Redeemed,TAXDEED,https://www.duval.realtaxdeed.com/index.cfm?zaction=AUCTION&Zmethod=PREVIEW&AUCTIONDATE=08/12/2026,https://paopropertysearch.coj.net/Basic/Detail.aspx?RE=0148350000,www.duval.realtaxdeed.com,2026-08-12T13:24:20+00:00
duval,08/12/2026,09:00 AM ET,019428-0040,2026-0082TD,02546-2024,,"13814 LEM TURNER RD, JACKSONVILLE, FL- 32218",,,5068.11,56646.0,08/12/2026 09:00 AM ET,TAXDEED,https://www.duval.realtaxdeed.com/index.cfm?zaction=AUCTION&Zmethod=PREVIEW&AUCTIONDATE=08/12/2026,https://paopropertysearch.coj.net/Basic/Detail.aspx?RE=0194280040,www.duval.realtaxdeed.com,2026-08-12T13:24:20+00:00
duval,08/12/2026,,019689-0334,2026-0142TD,02630-2024,,"1367 N DUVAL LAKE RD, JACKSONVILLE, FL- 32218",,,5079.69,35987.0,Redeemed,TAXDEED,https://www.duval.realtaxdeed.com/index.cfm?zaction=AUCTION&Zmethod=PREVIEW&AUCTIONDATE=08/12/2026,https://paopropertysearch.coj.net/Basic/Detail.aspx?RE=0196890334,www.duval.realtaxdeed.com,2026-08-12T13:24:20+00:00
duval,08/12/2026,,021112-0000,2026-0045TD,02888-2024,,"10221 BEAM ST, JACKSONVILLE, FL- 32218",,,11061.42,137810.0,Redeemed,TAXDEED,https://www.duval.realtaxdeed.com/index.cfm?zaction=AUCTION&Zmethod=PREVIEW&AUCTIONDATE=08/12/2026,https://paopropertysearch.coj.net/Basic/Detail.aspx?RE=0211120000,www.duval.realtaxdeed.com,2026-08-12T13:24:20+00:00
duval,08/12/2026,,021252-0000,2026-0065TD,02925-2024,,"8023 SMART AVE, JACKSONVILLE, FL- 32219",,,7692.0,153407.0,Redeemed,TAXDEED,https://www.duval.realtaxdeed.com/index.cfm?zaction=AUCTION&Zmethod=PREVIEW&AUCTIONDATE=08/12/2026,https://paopropertysearch.coj.net/Basic/Detail.aspx?RE=0212520000,www.duval.realtaxdeed.com,2026-08-12T13:24:20+00:00
duval,08/12/2026,,022889-0000,2026-0110TD,03193-2024,,"718 STANWICK RD, JACKSONVILLE, FL- 32208",,,8865.43,78345.0,Redeemed,TAXDEED,https://www.duval.realtaxdeed.com/index.cfm?zaction=AUCTION&Zmethod=PREVIEW&AUCTIONDATE=08/12/2026,https://paopropertysearch.coj.net/Basic/Detail.aspx?RE=0228890000,www.duval.realtaxdeed.com,2026-08-12T13:24:20+00:00
duval,08/12/2026,,029016-0000,2026-0096TD,03917-2024,,"5242 DODGE RD, JACKSONVILLE, FL- 32209",,,5493.14,55290.0,Redeemed,TAXDEED,https://www.duval.realtaxdeed.com/index.cfm?zaction=AUCTION&Zmethod=PREVIEW&AUCTIONDATE=08/12/2026,https://paopropertysearch.coj.net/Basic/Detail.aspx?RE=0290160000,www.duval.realtaxdeed.com,2026-08-12T13:24:20+00:00
duval,08/12/2026,09:00 AM ET,029017-0000,2026-0097TD,03918-2024,,"5236 DODGE RD, JACKSONVILLE, FL- 32209",,,5922.34,12905.0,08/12/2026 09:00 AM ET,TAXDEED,https://www.duval.realtaxdeed.com/index.cfm?zaction=AUCTION&Zmethod=PREVIEW&AUCTIONDATE=08/12/2026,https://paopropertysearch.coj.net/Basic/Detail.aspx?RE=0290170000,www.duval.realtaxdeed.com,2026-08-12T13:24:20+00:00
duval,08/12/2026,09:00 AM ET,029250-0000,2026-0038TD,03959-2024,,"3543 TURTON AVE, JACKSONVILLE, FL- 32208",,,7184.58,113878.0,08/12/2026 09:00 AM ET,TAXDEED,https://www.duval.realtaxdeed.com/index.cfm?zaction=AUCTION&Zmethod=PREVIEW&AUCTIONDATE=08/12/2026,https://paopropertysearch.coj.net/Basic/Detail.aspx?RE=0292500000,www.duval.realtaxdeed.com,2026-08-12T13:24:20+00:00
duval,08/12/2026,,030318-0000,2026-0095TD,04151-2024,,"5044 WALCOTT AVE, JACKSONVILLE, FL- 32209",,,2503.29,60369.0,Redeemed,TAXDEED,https://www.duval.realtaxdeed.com/index.cfm?zaction=AUCTION&Zmethod=PREVIEW&AUCTIONDATE=08/12/2026,https://paopropertysearch.coj.net/Basic/Detail.aspx?RE=0303180000,www.duval.realtaxdeed.com,2026-08-12T13:24:20+00:00
duval,08/12/2026,,031000-0000,2026-0042TD,04257-2024,,"5710 POITIER DR, JACKSONVILLE, FL- 32209",,,7372.54,92768.0,Redeemed,TAXDEED,https://www.duval.realtaxdeed.com/index.cfm?zaction=AUCTION&Zmethod=PREVIEW&AUCTIONDATE=08/12/2026,https://paopropertysearch.coj.net/Basic/Detail.aspx?RE=0310000000,www.duval.realtaxdeed.com,2026-08-12T13:24:20+00:00
duval,08/12/2026,,031241-0000,2026-0118TD,04287-2024,,"5939 FLORADALE DR, JACKSONVILLE, FL- 32209",,,4559.67,66888.0,Redeemed,TAXDEED,https://www.duval.realtaxdeed.com/index.cfm?zaction=AUCTION&Zmethod=PREVIEW&AUCTIONDATE=08/12/2026,https://paopropertysearch.coj.net/Basic/Detail.aspx?RE=0312410000,www.duval.realtaxdeed.com,2026-08-12T13:24:20+00:00
duval,08/12/2026,,032119-0000,2026-0066TD,04396-2024,,"0 W CARBONDALE DR, JACKSONVILLE, FL- 32208",,,6414.86,87335.0,Redeemed,TAXDEED,https://www.duval.realtaxdeed.com/index.cfm?zaction=AUCTION&Zmethod=PREVIEW&AUCTIONDATE=08/12/2026,https://paopropertysearch.coj.net/Basic/Detail.aspx?RE=0321190000,www.duval.realtaxdeed.com,2026-08-12T13:24:20+00:00
duval,08/12/2026,,032120-0000,2026-0112TD,04397-2024,,"9826 W CARBONDALE DR, JACKSONVILLE, FL- 32208",,,9995.77,128806.0,Redeemed,TAXDEED,https://www.duval.realtaxdeed.com/index.cfm?zaction=AUCTION&Zmethod=PREVIEW&AUCTIONDATE=08/12/2026,https://paopropertysearch.coj.net/Basic/Detail.aspx?RE=0321200000,www.duval.realtaxdeed.com,2026-08-12T13:24:20+00:00
duval,08/12/2026,,032614-0000,2026-0091TD,04450-2024,,"940 KENMORE ST, JACKSONVILLE, FL- 32208",,,5792.09,63036.0,Redeemed,TAXDEED,https://www.duval.realtaxdeed.com/index.cfm?zaction=AUCTION&Zmethod=PREVIEW&AUCTIONDATE=08/12/2026,https://paopropertysearch.coj.net/Basic/Detail.aspx?RE=0326140000,www.duval.realtaxdeed.com,2026-08-12T13:24:20+00:00
duval,08/12/2026,,033254-0000,2026-0099TD,04519-2024,,"575 LAWTON AVE, JACKSONVILLE, FL- 32208",,,5437.13,61440.0,Redeemed,TAXDEED,https://www.duval.realtaxdeed.com/index.cfm?zaction=AUCTION&Zmethod=PREVIEW&AUCTIONDATE=08/12/2026,https://paopropertysearch.coj.net/Basic/Detail.aspx?RE=0332540000,www.duval.realtaxdeed.com,2026-08-12T13:24:20+00:00
duval,08/12/2026,,033848-0000,2026-0115TD,04587-2024,,"612 LAWTON AVE, JACKSONVILLE, FL- 32208",,,5256.75,56816.0,Redeemed,TAXDEED,https://www.duval.realtaxdeed.com/index.cfm?zaction=AUCTION&Zmethod=PREVIEW&AUCTIONDATE=08/12/2026,https://paopropertysearch.coj.net/Basic/Detail.aspx?RE=0338480000,www.duval.realtaxdeed.com,2026-08-12T13:24:20+00:00
duval,08/12/2026,,035898-0000,2026-0022TD,04785-2024,,"9239 6TH AVE, JACKSONVILLE, FL- 32208",,,7148.59,56439.0,Redeemed,TAXDEED,https://www.duval.realtaxdeed.com/index.cfm?zaction=AUCTION&Zmethod=PREVIEW&AUCTIONDATE=08/12/2026,https://paopropertysearch.coj.net/Basic/Detail.aspx?RE=0358980000,www.duval.realtaxdeed.com,2026-08-12T13:24:20+00:00
duval,08/12/2026,09:12 AM ET,036571-0000,2026-0008TD,06029-2019,,"BELVEDERE ST, JACKSONVILLE, FL- 32208",,,3431.25,8669.0,08/12/2026 09:12 AM ET,TAXDEED,https://www.duval.realtaxdeed.com/index.cfm?zaction=AUCTION&Zmethod=PREVIEW&AUCTIONDATE=08/12/2026,https://paopropertysearch.coj.net/Basic/Detail.aspx?RE=0365710000,www.duval.realtaxdeed.com,2026-08-12T13:24:20+00:00
duval,08/12/2026,,040198-0000,2026-0081TD,05333-2024,,"7037 E KEN KNIGHT DR, JACKSONVILLE, FL- 32209",,,4716.01,43959.0,Redeemed,TAXDEED,https://www.duval.realtaxdeed.com/index.cfm?zaction=AUCTION&Zmethod=PREVIEW&AUCTIONDATE=08/12/2026,https://paopropertysearch.coj.net/Basic/Detail.aspx?RE=0401980000,www.duval.realtaxdeed.com,2026-08-12T13:24:20+00:00
duval,08/12/2026,,040220-0000,2026-0086TD,05340-2024,,"7137 E KEN KNIGHT DR, JACKSONVILLE, FL- 32209",,,4365.4,40418.0,Redeemed,TAXDEED,https://www.duval.realtaxdeed.com/index.cfm?zaction=AUCTION&Zmethod=PREVIEW&AUCTIONDATE=08/12/2026,https://paopropertysearch.coj.net/Basic/Detail.aspx?RE=0402200000,www.duval.realtaxdeed.com,2026-08-12T13:24:20+00:00
duval,08/12/2026,,040264-0000,2026-0088TD,05351-2024,,"4661 N KEN KNIGHT DR, JACKSONVILLE, FL- 32208",,,3502.2,15845.0,Redeemed,TAXDEED,https://www.duval.realtaxdeed.com/index.cfm?zaction=AUCTION&Zmethod=PREVIEW&AUCTIONDATE=08/12/2026,https://paopropertysearch.coj.net/Basic/Detail.aspx?RE=0402640000,www.duval.realtaxdeed.com,2026-08-12T13:24:20+00:00
duval,08/12/2026,,042532-0000,2024-1429TD,05779-2021,,"10658 BISCAYNE BLVD, JACKSONVILLE, FL- 32218",,,25308.32,153312.0,Redeemed,TAXDEED,https://www.duval.realtaxdeed.com/index.cfm?zaction=AUCTION&Zmethod=PREVIEW&AUCTIONDATE=08/12/2026,https://paopropertysearch.coj.net/Basic/Detail.aspx?RE=0425320000,www.duval.realtaxdeed.com,2026-08-12T13:24:20+00:00
duval,08/12/2026,,042725-0000,2026-0080TD,05737-2024,,"10533 WOOSTER DR, JACKSONVILLE, FL- 32218",,,5734.28,59315.0,Redeemed,TAXDEED,https://www.duval.realtaxdeed.com/index.cfm?zaction=AUCTION&Zmethod=PREVIEW&AUCTIONDATE=08/12/2026,https://paopropertysearch.coj.net/Basic/Detail.aspx?RE=0427250000,www.duval.realtaxdeed.com,2026-08-12T13:24:20+00:00
duval,08/12/2026,,042763-0000,2026-0103TD,05740-2024,,"10530 E GAILWOOD CIR, JACKSONVILLE, FL- 32218",,,8390.82,70204.0,Redeemed,TAXDEED,https://www.duval.realtaxdeed.com/index.cfm?zaction=AUCTION&Zmethod=PREVIEW&AUCTIONDATE=08/12/2026,https://paopropertysearch.coj.net/Basic/Detail.aspx?RE=0427630000,www.duval.realtaxdeed.com,2026-08-12T13:24:20+00:00
duval,08/12/2026,,042764-0000,2026-0087TD,05741-2024,,"10536 E GAILWOOD CIR, JACKSONVILLE, FL- 32218",,,6605.16,77211.0,Redeemed,TAXDEED,https://www.duval.realtaxdeed.com/index.cfm?zaction=AUCTION&Zmethod=PREVIEW&AUCTIONDATE=08/12/2026,https://paopropertysearch.coj.net/Basic/Detail.aspx?RE=0427640000,www.duval.realtaxdeed.com,2026-08-12T13:24:20+00:00
duval,08/12/2026,,043146-0000,2026-0117TD,05762-2024,,"10623 E BRIARCLIFF RD, JACKSONVILLE, FL- 32218",,,8027.75,68333.0,Redeemed,TAXDEED,https://www.duval.realtaxdeed.com/index.cfm?zaction=AUCTION&Zmethod=PREVIEW&AUCTIONDATE=08/12/2026,https://paopropertysearch.coj.net/Basic/Detail.aspx?RE=0431460000,www.duval.realtaxdeed.com,2026-08-12T13:24:20+00:00
duval,08/12/2026,,043338-0000,2026-0018TD,17251-2024,,"10328 ELMHURST DR, JACKSONVILLE, FL- 32218",,,8618.3,73497.0,Redeemed,TAXDEED,https://www.duval.realtaxdeed.com/index.cfm?zaction=AUCTION&Zmethod=PREVIEW&AUCTIONDATE=08/12/2026,https://paopropertysearch.coj.net/Basic/Detail.aspx?RE=0433380000,www.duval.realtaxdeed.com,2026-08-12T13:24:20+00:00
duval,08/12/2026,,045408-0000,2026-0109TD,06035-2024,,"1246 W 20TH ST, JACKSONVILLE, FL- 32209",,,5724.85,58858.0,Redeemed,TAXDEED,https://www.duval.realtaxdeed.com/index.cfm?zaction=AUCTION&Zmethod=PREVIEW&AUCTIONDATE=08/12/2026,https://paopropertysearch.coj.net/Basic/Detail.aspx?RE=0454080000,www.duval.realtaxdeed.com,2026-08-12T13:24:20+00:00
duval,08/12/2026,,046177-0000,2026-0075TD,17260-2024,,"1527 W 16TH ST, JACKSONVILLE, FL- 32209",,,4368.94,7814.0,Redeemed,TAXDEED,https://www.duval.realtaxdeed.com/index.cfm?zaction=AUCTION&Zmethod=PREVIEW&AUCTIONDATE=08/12/2026,https://paopropertysearch.coj.net/Basic/Detail.aspx?RE=0461770000,www.duval.realtaxdeed.com,2026-08-12T13:24:20+00:00
duval,08/12/2026,09:00 AM ET,046455-0000,2026-0106TD,06258-2024,,"1540 W 15TH ST, JACKSONVILLE, FL- 32209",,,6447.2,74615.0,08/12/2026 09:00 AM ET,TAXDEED,https://www.duval.realtaxdeed.com/index.cfm?zaction=AUCTION&Zmethod=PREVIEW&AUCTIONDATE=08/12/2026,https://paopropertysearch.coj.net/Basic/Detail.aspx?RE=0464550000,www.duval.realtaxdeed.com,2026-08-12T13:24:20+00:00
duval,08/12/2026,09:00 AM ET,047224-0000,2026-0040TD,06392-2024,,"2209 W 12TH ST, JACKSONVILLE, FL- 32209",,,5874.98,9245.0,08/12/2026 09:00 AM ET,TAXDEED,https://www.duval.realtaxdeed.com/index.cfm?zaction=AUCTION&Zmethod=PREVIEW&AUCTIONDATE=08/12/2026,https://paopropertysearch.coj.net/Basic/Detail.aspx?RE=0472240000,www.duval.realtaxdeed.com,2026-08-12T13:24:20+00:00
duval,08/12/2026,09:00 AM ET,047310-0000,2026-0078TD,06408-2024,,"2323 W 10TH ST, JACKSONVILLE, FL- 32209",,,5624.3,51660.0,08/12/2026 09:00 AM ET,TAXDEED,https://www.duval.realtaxdeed.com/index.cfm?zaction=AUCTION&Zmethod=PREVIEW&AUCTIONDATE=08/12/2026,https://paopropertysearch.coj.net/Basic/Detail.aspx?RE=0473100000,www.duval.realtaxdeed.com,2026-08-12T13:24:20+00:00
duval,08/12/2026,,047888-0010,2026-0104TD,06494-2024,,"2660 W 23RD ST, JACKSONVILLE, FL- 32209",,,6339.04,73005.0,Redeemed,TAXDEED,https://www.duval.realtaxdeed.com/index.cfm?zaction=AUCTION&Zmethod=PREVIEW&AUCTIONDATE=08/12/2026,https://paopropertysearch.coj.net/Basic/Detail.aspx?RE=0478880010,www.duval.realtaxdeed.com,2026-08-12T13:24:20+00:00
duval,08/12/2026,09:21 AM ET,048013-0000,2026-0021TD,17273-2024,,"2512 VERNON ST, JACKSONVILLE, FL- 32209",,,6837.24,54962.0,08/12/2026 09:21 AM ET,TAXDEED,https://www.duval.realtaxdeed.com/index.cfm?zaction=AUCTION&Zmethod=PREVIEW&AUCTIONDATE=08/12/2026,https://paopropertysearch.coj.net/Basic/Detail.aspx?RE=0480130000,www.duval.realtaxdeed.com,2026-08-12T13:24:20+00:00
duval,08/12/2026,,048406-0000,2026-0020TD,17275-2024,,"3159 19TH ST, JACKSONVILLE, FL- 32254",,,8744.29,94066.0,Redeemed,TAXDEED,https://www.duval.realtaxdeed.com/index.cfm?zaction=AUCTION&Zmethod=PREVIEW&AUCTIONDATE=08/12/2026,https://paopropertysearch.coj.net/Basic/Detail.aspx?RE=0484060000,www.duval.realtaxdeed.com,2026-08-12T13:24:20+00:00
duval,08/12/2026,,048959-0000,2026-0043TD,06689-2024,,"1947 S WITTEN RD, JACKSONVILLE, FL- 32254",,,5264.43,57502.0,Redeemed,TAXDEED,https://www.duval.realtaxdeed.com/index.cfm?zaction=AUCTION&Zmethod=PREVIEW&AUCTIONDATE=08/12/2026,https://paopropertysearch.coj.net/Basic/Detail.aspx?RE=0489590000,www.duval.realtaxdeed.com,2026-08-12T13:24:20+00:00
duval,08/12/2026,,050097-0000,2026-0019TD,17277-2024,,"1438 DETROIT ST, JACKSONVILLE, FL- 32254",,,7348.77,63358.0,Canceled per Bankruptcy,TAXDEED,https://www.duval.realtaxdeed.com/index.cfm?zaction=AUCTION&Zmethod=PREVIEW&AUCTIONDATE=08/12/2026,https://paopropertysearch.coj.net/Basic/Detail.aspx?RE=0500970000,www.duval.realtaxdeed.com,2026-08-12T13:24:20+00:00
duval,08/12/2026,,050359-0000,2026-0011TD,06767-2023,,"2335 N WESTBROOK CIR N, JACKSONVILLE, FL- 32209",,,3491.94,58525.0,Redeemed,TAXDEED,https://www.duval.realtaxdeed.com/index.cfm?zaction=AUCTION&Zmethod=PREVIEW&AUCTIONDATE=08/12/2026,https://paopropertysearch.coj.net/Basic/Detail.aspx?RE=0503590000,www.duval.realtaxdeed.com,2026-08-12T13:24:20+00:00
duval,08/12/2026,,051000-0000,2026-0090TD,06963-2024,,"1947 2ND ST, JACKSONVILLE, FL- 32218",,,4844.18,35724.0,Redeemed,TAXDEED,https://www.duval.realtaxdeed.com/index.cfm?zaction=AUCTION&Zmethod=PREVIEW&AUCTIONDATE=08/12/2026,https://paopropertysearch.coj.net/Basic/Detail.aspx?RE=0510000000,www.duval.realtaxdeed.com,2026-08-12T13:24:20+00:00
duval,08/12/2026,09:00 AM ET,051104-0000,2026-0094TD,06982-2024,,"1520 STEELE ST, JACKSONVILLE, FL- 32209",,,5961.63,64442.0,08/12/2026 09:00 AM ET,TAXDEED,https://www.duval.realtaxdeed.com/index.cfm?zaction=AUCTION&Zmethod=PREVIEW&AUCTIONDATE=08/12/2026,https://paopropertysearch.coj.net/Basic/Detail.aspx?RE=0511040000,www.duval.realtaxdeed.com,2026-08-12T13:24:20+00:00
duval,08/12/2026,,051714-0005,2026-0098TD,07077-2024,,"1925 W 12TH ST, JACKSONVILLE, FL- 32209",,,5302.14,59253.0,Redeemed,TAXDEED,https://www.duval.realtaxdeed.com/index.cfm?zaction=AUCTION&Zmethod=PREVIEW&AUCTIONDATE=08/12/2026,https://paopropertysearch.coj.net/Basic/Detail.aspx?RE=0517140005,www.duval.realtaxdeed.com,2026-08-12T13:24:20+00:00
duval,08/12/2026,,052156-0000,2026-0024TD,07164-2024,,"1806 W 11TH ST, JACKSONVILLE, FL- 32209",,,3068.54,7910.0,,TAXDEED,https://www.duval.realtaxdeed.com/index.cfm?zaction=AUCTION&Zmethod=PREVIEW&AUCTIONDATE=08/12/2026,https://paopropertysearch.coj.net/Basic/Detail.aspx?RE=0521560000,www.duval.realtaxdeed.com,2026-08-12T13:24:20+00:00
duval,08/12/2026,,055667-0000,2026-0089TD,07658-2024,,"436 KING ST, JACKSONVILLE, FL- 32204",,,6153.95,38217.0,Redeemed,TAXDEED,https://www.duval.realtaxdeed.com/index.cfm?zaction=AUCTION&Zmethod=PREVIEW&AUCTIONDATE=08/12/2026,https://paopropertysearch.coj.net/Basic/Detail.aspx?RE=0556670000,www.duval.realtaxdeed.com,2026-08-12T13:24:20+00:00
duval,08/12/2026,,055885-0000,2026-0083TD,07692-2024,,"2409 BROADWAY AVE, JACKSONVILLE, FL- 32209",,,33367.78,57086.0,Redeemed,TAXDEED,https://www.duval.realtaxdeed.com/index.cfm?zaction=AUCTION&Zmethod=PREVIEW&AUCTIONDATE=08/12/2026,https://paopropertysearch.coj.net/Basic/Detail.aspx?RE=0558850000,www.duval.realtaxdeed.com,2026-08-12T13:24:20+00:00
duval,08/12/2026,,056842-0000,2026-0113TD,07823-2024,,"2587 BEAVERBROOK PL, JACKSONVILLE, FL- 32254",,,6209.77,81607.0,Redeemed,TAXDEED,https://www.duval.realtaxdeed.com/index.cfm?zaction=AUCTION&Zmethod=PREVIEW&AUCTIONDATE=08/12/2026,https://paopropertysearch.coj.net/Basic/Detail.aspx?RE=0568420000,www.duval.realtaxdeed.com,2026-08-12T13:24:20+00:00
duval,08/12/2026,,057005-0010,2026-0124TD,07843-2024,,"3209 NOLAN ST, JACKSONVILLE, FL- 32254",,,4186.09,10605.0,Redeemed,TAXDEED,https://www.duval.realtaxdeed.com/index.cfm?zaction=AUCTION&Zmethod=PREVIEW&AUCTIONDATE=08/12/2026,https://paopropertysearch.coj.net/Basic/Detail.aspx?RE=0570050010,www.duval.realtaxdeed.com,2026-08-12T13:24:20+00:00
duval,08/12/2026,,058091-0500,2026-0068TD,07959-2024,,"3070 COMMONWEALTH AVE, JACKSONVILLE, FL- 32254",,,8006.86,103661.0,Redeemed,TAXDEED,https://www.duval.realtaxdeed.com/index.cfm?zaction=AUCTION&Zmethod=PREVIEW&AUCTIONDATE=08/12/2026,https://paopropertysearch.coj.net/Basic/Detail.aspx?RE=0580910500,www.duval.realtaxdeed.com,2026-08-12T13:24:20+00:00
duval,08/12/2026,,059093-0000,2026-0077TD,08105-2024,,"3412 ROCKWOOD DR, JACKSONVILLE, FL- 32254",,,5840.25,71322.0,Redeemed,TAXDEED,https://www.duval.realtaxdeed.com/index.cfm?zaction=AUCTION&Zmethod=PREVIEW&AUCTIONDATE=08/12/2026,https://paopropertysearch.coj.net/Basic/Detail.aspx?RE=0590930000,www.duval.realtaxdeed.com,2026-08-12T13:24:20+00:00
duval,08/12/2026,,070353-0000,2026-0026TD,08720-2024,,"1813 CALLAHAN ST, JACKSONVILLE, FL- 32207",,,19689.73,275284.0,Redeemed,TAXDEED,https://www.duval.realtaxdeed.com/index.cfm?zaction=AUCTION&Zmethod=PREVIEW&AUCTIONDATE=08/12/2026,https://paopropertysearch.coj.net/Basic/Detail.aspx?RE=0703530000,www.duval.realtaxdeed.com,2026-08-12T13:24:20+00:00
duval,08/12/2026,,071201-0000,2026-0009TD,08666-2023,,"143 W 5TH ST, JACKSONVILLE, FL- 32206",,,3731.94,15403.0,Redeemed,TAXDEED,https://www.duval.realtaxdeed.com/index.cfm?zaction=AUCTION&Zmethod=PREVIEW&AUCTIONDATE=08/12/2026,https://paopropertysearch.coj.net/Basic/Detail.aspx?RE=0712010000,www.duval.realtaxdeed.com,2026-08-12T13:24:20+00:00
duval,08/12/2026,,072001-0000,2026-0053TD,08845-2024,,"1944 N LAURA ST, JACKSONVILLE, FL- 32206",,,17139.37,211613.0,Redeemed,TAXDEED,https://www.duval.realtaxdeed.com/index.cfm?zaction=AUCTION&Zmethod=PREVIEW&AUCTIONDATE=08/12/2026,https://paopropertysearch.coj.net/Basic/Detail.aspx?RE=0720010000,www.duval.realtaxdeed.com,2026-08-12T13:24:20+00:00
duval,08/12/2026,,073349-0058,2026-0030TD,08973-2024,,"400 E BAY ST 201, JACKSONVILLE, FL- 32202",,,15914.49,229900.0,Redeemed,TAXDEED,https://www.duval.realtaxdeed.com/index.cfm?zaction=AUCTION&Zmethod=PREVIEW&AUCTIONDATE=08/12/2026,https://paopropertysearch.coj.net/Basic/Detail.aspx?RE=0733490058,www.duval.realtaxdeed.com,2026-08-12T13:24:20+00:00
duval,08/12/2026,,075492-0020,2026-0154TD,09045-2024,,"1349 W STATE ST, JACKSONVILLE, FL- 32209",,,3422.04,30456.0,Redeemed,TAXDEED,https://www.duval.realtaxdeed.com/index.cfm?zaction=AUCTION&Zmethod=PREVIEW&AUCTIONDATE=08/12/2026,https://paopropertysearch.coj.net/Basic/Detail.aspx?RE=0754920020,www.duval.realtaxdeed.com,2026-08-12T13:24:20+00:00
duval,08/12/2026,,075587-0000,2026-0126TD,09061-2024,,"1346 PRINCE ST, JACKSONVILLE, FL- 32209",,,4542.86,42500.0,Redeemed,TAXDEED,https://www.duval.realtaxdeed.com/index.cfm?zaction=AUCTION&Zmethod=PREVIEW&AUCTIONDATE=08/12/2026,https://paopropertysearch.coj.net/Basic/Detail.aspx?RE=0755870000,www.duval.realtaxdeed.com,2026-08-12T13:24:20+00:00
duval,08/12/2026,,076091-0000,2026-0141TD,09128-2024,,"1638 WINDLE ST, JACKSONVILLE, FL- 32209",,,3680.24,25786.0,Redeemed,TAXDEED,https://www.duval.realtaxdeed.com/index.cfm?zaction=AUCTION&Zmethod=PREVIEW&AUCTIONDATE=08/12/2026,https://paopropertysearch.coj.net/Basic/Detail.aspx?RE=0760910000,www.duval.realtaxdeed.com,2026-08-12T13:24:20+00:00
duval,08/12/2026,,076483-0000,2026-0012TD,09053-2023,,"1226 FAIRFAX ST, JACKSONVILLE, FL- 32209",,,12769.82,21593.0,Redeemed,TAXDEED,https://www.duval.realtaxdeed.com/index.cfm?zaction=AUCTION&Zmethod=PREVIEW&AUCTIONDATE=08/12/2026,https://paopropertysearch.coj.net/Basic/Detail.aspx?RE=0764830000,www.duval.realtaxdeed.com,2026-08-12T13:24:20+00:00
duval,08/12/2026,,076485-0000,2026-0076TD,09189-2024,,"1213 STAFFORD ST, JACKSONVILLE, FL- 32209",,,5089.03,38581.0,Redeemed,TAXDEED,https://www.duval.realtaxdeed.com/index.cfm?zaction=AUCTION&Zmethod=PREVIEW&AUCTIONDATE=08/12/2026,https://paopropertysearch.coj.net/Basic/Detail.aspx?RE=0764850000,www.duval.realtaxdeed.com,2026-08-12T13:24:20+00:00
duval,08/12/2026,09:00 AM ET,077602-0000,2026-0063TD,09333-2024,,"980 BAKER AVE, JACKSONVILLE, FL- 32209",,,3552.04,8362.0,08/12/2026 09:00 AM ET,TAXDEED,https://www.duval.realtaxdeed.com/index.cfm?zaction=AUCTION&Zmethod=PREVIEW&AUCTIONDATE=08/12/2026,https://paopropertysearch.coj.net/Basic/Detail.aspx?RE=0776020000,www.duval.realtaxdeed.com,2026-08-12T13:24:20+00:00
duval,08/12/2026,,080393-0500,2026-0051TD,09415-2024,,"1431 RIVERPLACE BLVD 1901, JACKSONVILLE, FL- 32207",,,177205.65,311171.0,Redeemed,TAXDEED,https://www.duval.realtaxdeed.com/index.cfm?zaction=AUCTION&Zmethod=PREVIEW&AUCTIONDATE=08/12/2026,https://paopropertysearch.coj.net/Basic/Detail.aspx?RE=0803930500,www.duval.realtaxdeed.com,2026-08-12T13:24:20+00:00
duval,08/12/2026,,084469-0000,2026-0123TD,09709-2024,,"1137 W 23RD ST, JACKSONVILLE, FL- 32209",,,4915.92,40829.0,Redeemed,TAXDEED,https://www.duval.realtaxdeed.com/index.cfm?zaction=AUCTION&Zmethod=PREVIEW&AUCTIONDATE=08/12/2026,https://paopropertysearch.coj.net/Basic/Detail.aspx?RE=0844690000,www.duval.realtaxdeed.com,2026-08-12T13:24:20+00:00
duval,08/12/2026,09:00 AM ET,084505-0000,2026-0074TD,17311-2024,,"3418 N DAVIS ST, JACKSONVILLE, FL- 32209",,,3636.64,8658.0,08/12/2026 09:00 AM ET,TAXDEED,https://www.duval.realtaxdeed.com/index.cfm?zaction=AUCTION&Zmethod=PREVIEW&AUCTIONDATE=08/12/2026,https://paopropertysearch.coj.net/Basic/Detail.aspx?RE=0845050000,www.duval.realtaxdeed.com,2026-08-12T13:24:20+00:00
duval,08/12/2026,,084510-0000,2026-0145TD,09722-2024,,"938 W 25TH ST, JACKSONVILLE, FL- 32209",,,4765.28,44416.0,Redeemed,TAXDEED,https://www.duval.realtaxdeed.com/index.cfm?zaction=AUCTION&Zmethod=PREVIEW&AUCTIONDATE=08/12/2026,https://paopropertysearch.coj.net/Basic/Detail.aspx?RE=0845100000,www.duval.realtaxdeed.com,2026-08-12T13:24:20+00:00
duval,08/12/2026,,084877-0000,2026-0136TD,09793-2024,,"1103 W 30TH ST, JACKSONVILLE, FL- 32209",,,5815.74,68558.0,Redeemed,TAXDEED,https://www.duval.realtaxdeed.com/index.cfm?zaction=AUCTION&Zmethod=PREVIEW&AUCTIONDATE=08/12/2026,https://paopropertysearch.coj.net/Basic/Detail.aspx?RE=0848770000,www.duval.realtaxdeed.com,2026-08-12T13:24:20+00:00
duval,08/12/2026,,085058-0000,2026-0133TD,09836-2024,,"1642 W 34TH ST, JACKSONVILLE, FL- 32209",,,4782.56,46665.0,Redeemed,TAXDEED,https://www.duval.realtaxdeed.com/index.cfm?zaction=AUCTION&Zmethod=PREVIEW&AUCTIONDATE=08/12/2026,https://paopropertysearch.coj.net/Basic/Detail.aspx?RE=0850580000,www.duval.realtaxdeed.com,2026-08-12T13:24:20+00:00
duval,08/12/2026,,085061-0000,2026-0158TD,09838-2024,,"1662 W 34TH ST, JACKSONVILLE, FL- 32209",,,2202.17,46367.0,Redeemed,TAXDEED,https://www.duval.realtaxdeed.com/index.cfm?zaction=AUCTION&Zmethod=PREVIEW&AUCTIONDATE=08/12/2026,https://paopropertysearch.coj.net/Basic/Detail.aspx?RE=0850610000,www.duval.realtaxdeed.com,2026-08-12T13:24:20+00:00
duval,08/12/2026,09:00 AM ET,085063-0000,2026-0159TD,09839-2024,,"1657 W 33RD ST, JACKSONVILLE, FL- 32209",,,6360.11,59284.0,08/12/2026 09:00 AM ET,TAXDEED,https://www.duval.realtaxdeed.com/index.cfm?zaction=AUCTION&Zmethod=PREVIEW&AUCTIONDATE=08/12/2026,https://paopropertysearch.coj.net/Basic/Detail.aspx?RE=0850630000,www.duval.realtaxdeed.com,2026-08-12T13:24:20+00:00
duval,08/12/2026,,085136-0000,2026-0132TD,09857-2024,,"1597 W 31ST ST, JACKSONVILLE, FL- 32209",,,6246.06,73008.0,Redeemed,TAXDEED,https://www.duval.realtaxdeed.com/index.cfm?zaction=AUCTION&Zmethod=PREVIEW&AUCTIONDATE=08/12/2026,https://paopropertysearch.coj.net/Basic/Detail.aspx?RE=0851360000,www.duval.realtaxdeed.com,2026-08-12T13:24:20+00:00
duval,08/12/2026,09:00 AM ET,085620-0000,2026-0130TD,09943-2024,,"1706 W 33RD ST, JACKSONVILLE, FL- 32209",,,4179.23,28409.0,08/12/2026 09:00 AM ET,TAXDEED,https://www.duval.realtaxdeed.com/index.cfm?zaction=AUCTION&Zmethod=PREVIEW&AUCTIONDATE=08/12/2026,https://paopropertysearch.coj.net/Basic/Detail.aspx?RE=0856200000,www.duval.realtaxdeed.com,2026-08-12T13:24:20+00:00
duval,08/12/2026,09:00 AM ET,085622-0000,2026-0131TD,09944-2024,,"1726 W 33RD ST, JACKSONVILLE, FL- 32209",,,4749.0,44326.0,08/12/2026 09:00 AM ET,TAXDEED,https://www.duval.realtaxdeed.com/index.cfm?zaction=AUCTION&Zmethod=PREVIEW&AUCTIONDATE=08/12/2026,https://paopropertysearch.coj.net/Basic/Detail.aspx?RE=0856220000,www.duval.realtaxdeed.com,2026-08-12T13:24:20+00:00
duval,08/12/2026,,085926-0000,2026-0161TD,09984-2024,,"2023 BROOKLYN RD, JACKSONVILLE, FL- 32209",,,4800.77,42650.0,Redeemed,TAXDEED,https://www.duval.realtaxdeed.com/index.cfm?zaction=AUCTION&Zmethod=PREVIEW&AUCTIONDATE=08/12/2026,https://paopropertysearch.coj.net/Basic/Detail.aspx?RE=0859260000,www.duval.realtaxdeed.com,2026-08-12T13:24:20+00:00
duval,08/12/2026,09:00 AM ET,086536-0000,2026-0101TD,10094-2024,,"337 GOLFAIR BLVD, JACKSONVILLE, FL- 32206",,,6237.58,70577.0,08/12/2026 09:00 AM ET,TAXDEED,https://www.duval.realtaxdeed.com/index.cfm?zaction=AUCTION&Zmethod=PREVIEW&AUCTIONDATE=08/12/2026,https://paopropertysearch.coj.net/Basic/Detail.aspx?RE=0865360000,www.duval.realtaxdeed.com,2026-08-12T13:24:20+00:00
duval,08/12/2026,09:00 AM ET,086838-0000,2026-0093TD,10157-2024,,"1477 W 24TH ST, JACKSONVILLE, FL- 32209",,,5866.46,61377.0,08/12/2026 09:00 AM ET,TAXDEED,https://www.duval.realtaxdeed.com/index.cfm?zaction=AUCTION&Zmethod=PREVIEW&AUCTIONDATE=08/12/2026,https://paopropertysearch.coj.net/Basic/Detail.aspx?RE=0868380000,www.duval.realtaxdeed.com,2026-08-12T13:24:20+00:00
duval,08/12/2026,,087093-0000,2026-0092TD,10214-2024,,"1731 W 25TH ST, JACKSONVILLE, FL- 32209",,,5367.0,61001.0,Redeemed,TAXDEED,https://www.duval.realtaxdeed.com/index.cfm?zaction=AUCTION&Zmethod=PREVIEW&AUCTIONDATE=08/12/2026,https://paopropertysearch.coj.net/Basic/Detail.aspx?RE=0870930000,www.duval.realtaxdeed.com,2026-08-12T13:24:20+00:00
duval,08/12/2026,09:00 AM ET,087094-0000,2026-0147TD,10215-2024,,"1727 W 25TH ST, JACKSONVILLE, FL- 32209",,,5637.05,42114.0,08/12/2026 09:00 AM ET,TAXDEED,https://www.duval.realtaxdeed.com/index.cfm?zaction=AUCTION&Zmethod=PREVIEW&AUCTIONDATE=08/12/2026,https://paopropertysearch.coj.net/Basic/Detail.aspx?RE=0870940000,www.duval.realtaxdeed.com,2026-08-12T13:24:20+00:00
duval,08/12/2026,,087663-0000,2026-0129TD,10309-2024,,"519 W 26TH ST, JACKSONVILLE, FL- 32206",,,5063.14,50182.0,Redeemed,TAXDEED,https://www.duval.realtaxdeed.com/index.cfm?zaction=AUCTION&Zmethod=PREVIEW&AUCTIONDATE=08/12/2026,https://paopropertysearch.coj.net/Basic/Detail.aspx?RE=0876630000,www.duval.realtaxdeed.com,2026-08-12T13:24:20+00:00
duval,08/12/2026,,087783-0000,2026-0079TD,10330-2024,,"665 FERN ST, JACKSONVILLE, FL- 32206",,,5612.86,63222.0,Redeemed,TAXDEED,https://www.duval.realtaxdeed.com/index.cfm?zaction=AUCTION&Zmethod=PREVIEW&AUCTIONDATE=08/12/2026,https://paopropertysearch.coj.net/Basic/Detail.aspx?RE=0877830000,www.duval.realtaxdeed.com,2026-08-12T13:24:20+00:00
duval,08/12/2026,,088184-0000,2026-0157TD,10413-2024,,"1342 W 33RD ST, JACKSONVILLE, FL- 32209",,,4382.31,38200.0,Redeemed,TAXDEED,https://www.duval.realtaxdeed.com/index.cfm?zaction=AUCTION&Zmethod=PREVIEW&AUCTIONDATE=08/12/2026,https://paopropertysearch.coj.net/Basic/Detail.aspx?RE=0881840000,www.duval.realtaxdeed.com,2026-08-12T13:24:20+00:00
duval,08/12/2026,,088432-0000,2026-0119TD,10457-2024,,"1495 MITCHELL ST, JACKSONVILLE, FL- 32209",,,7245.31,71929.0,Redeemed,TAXDEED,https://www.duval.realtaxdeed.com/index.cfm?zaction=AUCTION&Zmethod=PREVIEW&AUCTIONDATE=08/12/2026,https://paopropertysearch.coj.net/Basic/Detail.aspx?RE=0884320000,www.duval.realtaxdeed.com,2026-08-12T13:24:20+00:00
duval,08/12/2026,09:00 AM ET,088558-0000,2026-0143TD,10483-2024,,"1258 W 31ST ST, JACKSONVILLE, FL- 32209",,,5171.99,34006.0,08/12/2026 09:00 AM ET,TAXDEED,https://www.duval.realtaxdeed.com/index.cfm?zaction=AUCTION&Zmethod=PREVIEW&AUCTIONDATE=08/12/2026,https://paopropertysearch.coj.net/Basic/Detail.aspx?RE=0885580000,www.duval.realtaxdeed.com,2026-08-12T13:24:20+00:00
duval,08/12/2026,,088793-0000,2026-0148TD,10509-2024,,"1217 W 25TH ST, JACKSONVILLE, FL- 32209",,,4212.58,37261.0,Redeemed,TAXDEED,https://www.duval.realtaxdeed.com/index.cfm?zaction=AUCTION&Zmethod=PREVIEW&AUCTIONDATE=08/12/2026,https://paopropertysearch.coj.net/Basic/Detail.aspx?RE=0887930000,www.duval.realtaxdeed.com,2026-08-12T13:24:20+00:00
duval,08/12/2026,,091236-0000,2026-0054TD,10636-2024,,"2204 MYRA ST, JACKSONVILLE, FL- 32204",,,25514.7,365664.0,Redeemed,TAXDEED,https://www.duval.realtaxdeed.com/index.cfm?zaction=AUCTION&Zmethod=PREVIEW&AUCTIONDATE=08/12/2026,https://paopropertysearch.coj.net/Basic/Detail.aspx?RE=0912360000,www.duval.realtaxdeed.com,2026-08-12T13:24:20+00:00
duval,08/12/2026,09:00 AM ET,097828-0100,2026-0144TD,10907-2024,,"ANTOINETTE LN, JACKSONVILLE, FL- 32244",,,4145.1,49376.0,08/12/2026 09:00 AM ET,TAXDEED,https://www.duval.realtaxdeed.com/index.cfm?zaction=AUCTION&Zmethod=PREVIEW&AUCTIONDATE=08/12/2026,https://paopropertysearch.coj.net/Basic/Detail.aspx?RE=0978280100,www.duval.realtaxdeed.com,2026-08-12T13:24:20+00:00
duval,08/12/2026,,098000-0000,2026-0015TD,10923-2024,,"5865 110TH ST, JACKSONVILLE, FL- 32244",,,39261.89,131393.0,Redeemed,TAXDEED,https://www.duval.realtaxdeed.com/index.cfm?zaction=AUCTION&Zmethod=PREVIEW&AUCTIONDATE=08/12/2026,https://paopropertysearch.coj.net/Basic/Detail.aspx?RE=0980000000,www.duval.realtaxdeed.com,2026-08-12T13:24:20+00:00
duval,08/12/2026,,099199-0580,2026-0072TD,11066-2024,,"1604 ARCADIA DR 302, JACKSONVILLE, FL- 32207",,,41944.12,78523.0,Redeemed,TAXDEED,https://www.duval.realtaxdeed.com/index.cfm?zaction=AUCTION&Zmethod=PREVIEW&AUCTIONDATE=08/12/2026,https://paopropertysearch.coj.net/Basic/Detail.aspx?RE=0991990580,www.duval.realtaxdeed.com,2026-08-12T13:24:20+00:00
duval,08/12/2026,,103268-0010,2026-0155TD,11184-2024,,"5706 DAVON ST, JACKSONVILLE, FL- 32244",,,4830.39,46711.0,Redeemed,TAXDEED,https://www.duval.realtaxdeed.com/index.cfm?zaction=AUCTION&Zmethod=PREVIEW&AUCTIONDATE=08/12/2026,https://paopropertysearch.coj.net/Basic/Detail.aspx?RE=1032680010,www.duval.realtaxdeed.com,2026-08-12T13:24:20+00:00
duval,08/12/2026,,107727-0100,2026-0102TD,11654-2024,,"117 E EUBANKS ST, JACKSONVILLE, FL- 32218",,,6228.68,41367.0,Redeemed,TAXDEED,https://www.duval.realtaxdeed.com/index.cfm?zaction=AUCTION&Zmethod=PREVIEW&AUCTIONDATE=08/12/2026,https://paopropertysearch.coj.net/Basic/Detail.aspx?RE=1077270100,www.duval.realtaxdeed.com,2026-08-12T13:24:20+00:00
duval,08/12/2026,09:00 AM ET,107764-0000,2026-0105TD,11657-2024,,"13637 HOLLINGS ST, JACKSONVILLE, FL- 32218",,,6672.82,78822.0,08/12/2026 09:00 AM ET,TAXDEED,https://www.duval.realtaxdeed.com/index.cfm?zaction=AUCTION&Zmethod=PREVIEW&AUCTIONDATE=08/12/2026,https://paopropertysearch.coj.net/Basic/Detail.aspx?RE=1077640000,www.duval.realtaxdeed.com,2026-08-12T13:24:20+00:00
duval,08/12/2026,09:00 AM ET,107932-0000,2026-0025TD,11686-2024,,"POLK RD, JACKSONVILLE, FL- 32218",,,4659.7,3238.0,08/12/2026 09:00 AM ET,TAXDEED,https://www.duval.realtaxdeed.com/index.cfm?zaction=AUCTION&Zmethod=PREVIEW&AUCTIONDATE=08/12/2026,https://paopropertysearch.coj.net/Basic/Detail.aspx?RE=1079320000,www.duval.realtaxdeed.com,2026-08-12T13:24:20+00:00
duval,08/12/2026,,108455-0010,2026-0047TD,11783-2024,,"11701 E WATER BLUFF DR, JACKSONVILLE FL, FL- 32218",,,29679.11,444851.0,Redeemed,TAXDEED,https://www.duval.realtaxdeed.com/index.cfm?zaction=AUCTION&Zmethod=PREVIEW&AUCTIONDATE=08/12/2026,https://paopropertysearch.coj.net/Basic/Detail.aspx?RE=1084550010,www.duval.realtaxdeed.com,2026-08-12T13:24:20+00:00
duval,08/12/2026,,110658-0010,2026-0139TD,11935-2024,,"11460 HALL BLVD, JACKSONVILLE, FL- 32218",,,3424.48,41310.0,Redeemed,TAXDEED,https://www.duval.realtaxdeed.com/index.cfm?zaction=AUCTION&Zmethod=PREVIEW&AUCTIONDATE=08/12/2026,https://paopropertysearch.coj.net/Basic/Detail.aspx?RE=1106580010,www.duval.realtaxdeed.com,2026-08-12T13:24:20+00:00
duval,08/12/2026,,113313-1026,2026-0046TD,12135-2024,,"3517 PEELER RD 13, JACKSONVILLE, FL- 32277",,,90578.02,161200.0,Redeemed,TAXDEED,https://www.duval.realtaxdeed.com/index.cfm?zaction=AUCTION&Zmethod=PREVIEW&AUCTIONDATE=08/12/2026,https://paopropertysearch.coj.net/Basic/Detail.aspx?RE=1133131026,www.duval.realtaxdeed.com,2026-08-12T13:24:20+00:00
duval,08/12/2026,,113697-0000,2026-0128TD,12169-2024,,"1159 E 13TH ST, JACKSONVILLE, FL- 32206",,,4841.0,47283.0,Redeemed,TAXDEED,https://www.duval.realtaxdeed.com/index.cfm?zaction=AUCTION&Zmethod=PREVIEW&AUCTIONDATE=08/12/2026,https://paopropertysearch.coj.net/Basic/Detail.aspx?RE=1136970000,www.duval.realtaxdeed.com,2026-08-12T13:24:20+00:00
duval,08/12/2026,,113950-0000,2026-0138TD,12196-2024,,"1055 DYAL ST, JACKSONVILLE, FL- 32206",,,5179.17,44616.0,Redeemed,TAXDEED,https://www.duval.realtaxdeed.com/index.cfm?zaction=AUCTION&Zmethod=PREVIEW&AUCTIONDATE=08/12/2026,https://paopropertysearch.coj.net/Basic/Detail.aspx?RE=1139500000,www.duval.realtaxdeed.com,2026-08-12T13:24:20+00:00
duval,08/12/2026,09:00 AM ET,115368-0000,2026-0064TD,12428-2024,,"1435 DYAL ST, JACKSONVILLE, FL- 32206",,,3495.99,9392.0,08/12/2026 09:00 AM ET,TAXDEED,https://www.duval.realtaxdeed.com/index.cfm?zaction=AUCTION&Zmethod=PREVIEW&AUCTIONDATE=08/12/2026,https://paopropertysearch.coj.net/Basic/Detail.aspx?RE=1153680000,www.duval.realtaxdeed.com,2026-08-12T13:24:20+00:00
duval,08/12/2026,09:00 AM ET,115643-0000,2026-0122TD,12469-2024,,"1437 E 12TH ST, JACKSONVILLE, FL- 32206",,,3866.11,22101.0,08/12/2026 09:00 AM ET,TAXDEED,https://www.duval.realtaxdeed.com/index.cfm?zaction=AUCTION&Zmethod=PREVIEW&AUCTIONDATE=08/12/2026,https://paopropertysearch.coj.net/Basic/Detail.aspx?RE=1156430000,www.duval.realtaxdeed.com,2026-08-12T13:24:20+00:00
duval,08/12/2026,,115858-0000,2026-0055TD,12494-2024,,"1734 E 8TH ST, JACKSONVILLE, FL- 32206",,,14203.67,183925.0,Redeemed,TAXDEED,https://www.duval.realtaxdeed.com/index.cfm?zaction=AUCTION&Zmethod=PREVIEW&AUCTIONDATE=08/12/2026,https://paopropertysearch.coj.net/Basic/Detail.aspx?RE=1158580000,www.duval.realtaxdeed.com,2026-08-12T13:24:20+00:00
duval,08/12/2026,,116207-0000,2026-0058TD,12527-2024,,"5832 S LAKE LUCINA DR, JACKSONVILLE, FL- 32211",,,13861.51,192258.0,Redeemed,TAXDEED,https://www.duval.realtaxdeed.com/index.cfm?zaction=AUCTION&Zmethod=PREVIEW&AUCTIONDATE=08/12/2026,https://paopropertysearch.coj.net/Basic/Detail.aspx?RE=1162070000,www.duval.realtaxdeed.com,2026-08-12T13:24:20+00:00
duval,08/12/2026,,117412-0640,2026-0027TD,12572-2024,,"1950 PAINE AVE R-70, JACKSONVILLE, FL- 32211",,,3818.96,65250.0,Redeemed,TAXDEED,https://www.duval.realtaxdeed.com/index.cfm?zaction=AUCTION&Zmethod=PREVIEW&AUCTIONDATE=08/12/2026,https://paopropertysearch.coj.net/Basic/Detail.aspx?RE=1174120640,www.duval.realtaxdeed.com,2026-08-12T13:24:20+00:00
duval,08/12/2026,,118339-0000,2026-0035TD,12603-2024,,"2618 N ECTOR RD, JACKSONVILLE, FL- 32211",,,90251.37,153095.0,Redeemed,TAXDEED,https://www.duval.realtaxdeed.com/index.cfm?zaction=AUCTION&Zmethod=PREVIEW&AUCTIONDATE=08/12/2026,https://paopropertysearch.coj.net/Basic/Detail.aspx?RE=1183390000,www.duval.realtaxdeed.com,2026-08-12T13:24:20+00:00
duval,08/12/2026,,118714-0000,2026-0060TD,12619-2024,,"7144 HIELO DRIVE, JACKSONVILLE, FL- 32211",,,11310.58,158238.0,Redeemed,TAXDEED,https://www.duval.realtaxdeed.com/index.cfm?zaction=AUCTION&Zmethod=PREVIEW&AUCTIONDATE=08/12/2026,https://paopropertysearch.coj.net/Basic/Detail.aspx?RE=1187140000,www.duval.realtaxdeed.com,2026-08-12T13:24:20+00:00
duval,08/12/2026,,121093-0000,2026-0031TD,12726-2024,,"1132 E BROOKMONT AVE, JACKSONVILLE, FL- 32211",,,64892.07,117591.0,Redeemed,TAXDEED,https://www.duval.realtaxdeed.com/index.cfm?zaction=AUCTION&Zmethod=PREVIEW&AUCTIONDATE=08/12/2026,https://paopropertysearch.coj.net/Basic/Detail.aspx?RE=1210930000,www.duval.realtaxdeed.com,2026-08-12T13:24:20+00:00
duval,08/12/2026,,122315-0000,2026-0160TD,12795-2024,,"720 PIPPIN ST, JACKSONVILLE, FL- 32206",,,4672.09,40161.0,Redeemed,TAXDEED,https://www.duval.realtaxdeed.com/index.cfm?zaction=AUCTION&Zmethod=PREVIEW&AUCTIONDATE=08/12/2026,https://paopropertysearch.coj.net/Basic/Detail.aspx?RE=1223150000,www.duval.realtaxdeed.com,2026-08-12T13:24:20+00:00
duval,08/12/2026,,122399-0000,2026-0014TD,12800-2024,,"853 A PHILIP RANDOLPH BLVD, JACKSONVILLE, FL- 32206",,,11854.91,176900.0,Redeemed,TAXDEED,https://www.duval.realtaxdeed.com/index.cfm?zaction=AUCTION&Zmethod=PREVIEW&AUCTIONDATE=08/12/2026,https://paopropertysearch.coj.net/Basic/Detail.aspx?RE=1223990000,www.duval.realtaxdeed.com,2026-08-12T13:24:20+00:00
duval,08/12/2026,,122433-0000,2026-0134TD,12806-2024,,"810 VAN BUREN ST, JACKSONVILLE, FL- 32206",,,24586.29,40454.0,Redeemed,TAXDEED,https://www.duval.realtaxdeed.com/index.cfm?zaction=AUCTION&Zmethod=PREVIEW&AUCTIONDATE=08/12/2026,https://paopropertysearch.coj.net/Basic/Detail.aspx?RE=1224330000,www.duval.realtaxdeed.com,2026-08-12T13:24:20+00:00
duval,08/12/2026,,125817-0000,2026-0156TD,13029-2024,,"2810 GLEN MAWR RD, JACKSONVILLE, FL- 32207",,,4692.66,64680.0,Redeemed,TAXDEED,https://www.duval.realtaxdeed.com/index.cfm?zaction=AUCTION&Zmethod=PREVIEW&AUCTIONDATE=08/12/2026,https://paopropertysearch.coj.net/Basic/Detail.aspx?RE=1258170000,www.duval.realtaxdeed.com,2026-08-12T13:24:20+00:00
duval,08/12/2026,,126797-0000,2026-0140TD,13146-2024,,"2019 WRIGHT AVE, JACKSONVILLE, FL- 32207",,,7337.07,94474.0,Redeemed,TAXDEED,https://www.duval.realtaxdeed.com/index.cfm?zaction=AUCTION&Zmethod=PREVIEW&AUCTIONDATE=08/12/2026,https://paopropertysearch.coj.net/Basic/Detail.aspx?RE=1267970000,www.duval.realtaxdeed.com,2026-08-12T13:24:20+00:00
duval,08/12/2026,,128476-0000,2026-0036TD,13237-2024,,"1750 N UNIVERSITY BLVD, JACKSONVILLE, FL- 32211",,,11048.48,190473.0,Redeemed,TAXDEED,https://www.duval.realtaxdeed.com/index.cfm?zaction=AUCTION&Zmethod=PREVIEW&AUCTIONDATE=08/12/2026,https://paopropertysearch.coj.net/Basic/Detail.aspx?RE=1284760000,www.duval.realtaxdeed.com,2026-08-12T13:24:20+00:00
duval,08/12/2026,,132743-0000,2026-0137TD,13553-2024,,"1143 E 26TH ST, JACKSONVILLE, FL- 32206",,,5052.77,47157.0,Redeemed,TAXDEED,https://www.duval.realtaxdeed.com/index.cfm?zaction=AUCTION&Zmethod=PREVIEW&AUCTIONDATE=08/12/2026,https://paopropertysearch.coj.net/Basic/Detail.aspx?RE=1327430000,www.duval.realtaxdeed.com,2026-08-12T13:24:20+00:00
duval,08/12/2026,,133645-0000,2026-0149TD,13648-2024,,"38 W 22ND ST, JACKSONVILLE, FL- 32206",,,7172.27,49354.0,Redeemed,TAXDEED,https://www.duval.realtaxdeed.com/index.cfm?zaction=AUCTION&Zmethod=PREVIEW&AUCTIONDATE=08/12/2026,https://paopropertysearch.coj.net/Basic/Detail.aspx?RE=1336450000,www.duval.realtaxdeed.com,2026-08-12T13:24:20+00:00
duval,08/12/2026,,135406-0000,2026-0069TD,13739-2024,,"2820 SPRING GLEN RD, JACKSONVILLE, FL- 32207",,,47136.41,704200.0,Redeemed,TAXDEED,https://www.duval.realtaxdeed.com/index.cfm?zaction=AUCTION&Zmethod=PREVIEW&AUCTIONDATE=08/12/2026,https://paopropertysearch.coj.net/Basic/Detail.aspx?RE=1354060000,www.duval.realtaxdeed.com,2026-08-12T13:24:20+00:00
duval,08/12/2026,,135608-0000,2026-0125TD,13743-2024,,"5567 WILMIN WAY, JACKSONVILLE, FL- 32207",,,6555.87,73956.0,Redeemed,TAXDEED,https://www.duval.realtaxdeed.com/index.cfm?zaction=AUCTION&Zmethod=PREVIEW&AUCTIONDATE=08/12/2026,https://paopropertysearch.coj.net/Basic/Detail.aspx?RE=1356080000,www.duval.realtaxdeed.com,2026-08-12T13:24:20+00:00
duval,08/12/2026,,135918-0000,2026-0034TD,13764-2024,,"4008 ADIROLF RD, JACKSONVILLE, FL- 32207",,,35175.72,62052.0,Redeemed,TAXDEED,https://www.duval.realtaxdeed.com/index.cfm?zaction=AUCTION&Zmethod=PREVIEW&AUCTIONDATE=08/12/2026,https://paopropertysearch.coj.net/Basic/Detail.aspx?RE=1359180000,www.duval.realtaxdeed.com,2026-08-12T13:24:20+00:00
duval,08/12/2026,,137153-5400,2026-0029TD,13870-2024,,"7341 EL OCHO RD 4, JACKSONVILLE, FL- 32216",,,4890.16,60000.0,Redeemed,TAXDEED,https://www.duval.realtaxdeed.com/index.cfm?zaction=AUCTION&Zmethod=PREVIEW&AUCTIONDATE=08/12/2026,https://paopropertysearch.coj.net/Basic/Detail.aspx?RE=1371535400,www.duval.realtaxdeed.com,2026-08-12T13:24:20+00:00
duval,08/12/2026,,138439-2545,2026-0061TD,13903-2024,,"4920 EARTHSHINE RD, JACKSONVILLE, FL- 32256",,,13540.24,232966.0,Redeemed,TAXDEED,https://www.duval.realtaxdeed.com/index.cfm?zaction=AUCTION&Zmethod=PREVIEW&AUCTIONDATE=08/12/2026,https://paopropertysearch.coj.net/Basic/Detail.aspx?RE=1384392545,www.duval.realtaxdeed.com,2026-08-12T13:24:20+00:00
duval,08/12/2026,09:00 AM ET,138790-0000,2026-0067TD,13912-2024,,"536 OGLETHORPE RD, JACKSONVILLE, FL- 32216",,,12414.21,188510.0,08/12/2026 09:00 AM ET,TAXDEED,https://www.duval.realtaxdeed.com/index.cfm?zaction=AUCTION&Zmethod=PREVIEW&AUCTIONDATE=08/12/2026,https://paopropertysearch.coj.net/Basic/Detail.aspx?RE=1387900000,www.duval.realtaxdeed.com,2026-08-12T13:24:20+00:00
duval,08/12/2026,09:00 AM ET,144420-0000,2026-0028TD,14147-2024,,"181 ARLINGTON RD, JACKSONVILLE, FL- 32211",,,10095.4,129491.0,08/12/2026 09:00 AM ET,TAXDEED,https://www.duval.realtaxdeed.com/index.cfm?zaction=AUCTION&Zmethod=PREVIEW&AUCTIONDATE=08/12/2026,https://paopropertysearch.coj.net/Basic/Detail.aspx?RE=1444200000,www.duval.realtaxdeed.com,2026-08-12T13:24:20+00:00
duval,08/12/2026,09:00 AM ET,149020-0000,2026-0152TD,14619-2024,,"4678 SUNBEAM RD, JACKSONVILLE, FL- 32257",,,11058.29,158700.0,08/12/2026 09:00 AM ET,TAXDEED,https://www.duval.realtaxdeed.com/index.cfm?zaction=AUCTION&Zmethod=PREVIEW&AUCTIONDATE=08/12/2026,https://paopropertysearch.coj.net/Basic/Detail.aspx?RE=1490200000,www.duval.realtaxdeed.com,2026-08-12T13:24:20+00:00
duval,08/12/2026,09:13 AM ET,149094-0400,2026-0010TD,14216-2022,,"ROBIN LN, JACKSONVILLE, FL- 32257",,,1337.14,651.0,08/12/2026 09:13 AM ET,TAXDEED,https://www.duval.realtaxdeed.com/index.cfm?zaction=AUCTION&Zmethod=PREVIEW&AUCTIONDATE=08/12/2026,https://paopropertysearch.coj.net/Basic/Detail.aspx?RE=1490940400,www.duval.realtaxdeed.com,2026-08-12T13:24:20+00:00
duval,08/12/2026,,152854-0650,2026-0057TD,14817-2024,,"4110 SOUTHPOINT BLVD, JACKSONVILLE, FL- 32216",,,109702.26,1621600.0,Redeemed,TAXDEED,https://www.duval.realtaxdeed.com/index.cfm?zaction=AUCTION&Zmethod=PREVIEW&AUCTIONDATE=08/12/2026,https://paopropertysearch.coj.net/Basic/Detail.aspx?RE=1528540650,www.duval.realtaxdeed.com,2026-08-12T13:24:20+00:00
duval,08/12/2026,,154375-5918,2026-0050TD,14975-2024,,"8290 W GATE PKWY 620, JACKSONVILLE, FL- 32216",,,4923.03,157000.0,Redeemed,TAXDEED,https://www.duval.realtaxdeed.com/index.cfm?zaction=AUCTION&Zmethod=PREVIEW&AUCTIONDATE=08/12/2026,https://paopropertysearch.coj.net/Basic/Detail.aspx?RE=1543755918,www.duval.realtaxdeed.com,2026-08-12T13:24:20+00:00
duval,08/12/2026,09:04 AM ET,156512-0000,2025-0697TD,15475-2021,,"HOXIE DR, JACKSONVILLE, FL- 32257",,,1002.1,595.0,08/12/2026 09:04 AM ET,TAXDEED,https://www.duval.realtaxdeed.com/index.cfm?zaction=AUCTION&Zmethod=PREVIEW&AUCTIONDATE=08/12/2026,https://paopropertysearch.coj.net/Basic/Detail.aspx?RE=1565120000,www.duval.realtaxdeed.com,2026-08-12T13:24:20+00:00
duval,08/12/2026,,161201-1134,2026-0121TD,15638-2024,,"2107 E DUNES WAY DR, JACKSONVILLE, FL- 32225",,,2921.06,24157.0,Redeemed,TAXDEED,https://www.duval.realtaxdeed.com/index.cfm?zaction=AUCTION&Zmethod=PREVIEW&AUCTIONDATE=08/12/2026,https://paopropertysearch.coj.net/Basic/Detail.aspx?RE=1612011134,www.duval.realtaxdeed.com,2026-08-12T13:24:20+00:00
duval,08/12/2026,,163841-0000,2026-0153TD,15871-2024,,"0 S ST JOHNS BLUFF RD, JACKSONVILLE, FL- 32246",,,3594.98,40267.0,Redeemed,TAXDEED,https://www.duval.realtaxdeed.com/index.cfm?zaction=AUCTION&Zmethod=PREVIEW&AUCTIONDATE=08/12/2026,https://paopropertysearch.coj.net/Basic/Detail.aspx?RE=1638410000,www.duval.realtaxdeed.com,2026-08-12T13:24:20+00:00
duval,08/12/2026,,167746-0515,2026-0007TD,16168-2023,,"BAYMEADOWS RD, JACKSONVILLE, FL- 32256",,,7060.92,70957.0,Redeemed,TAXDEED,https://www.duval.realtaxdeed.com/index.cfm?zaction=AUCTION&Zmethod=PREVIEW&AUCTIONDATE=08/12/2026,https://paopropertysearch.coj.net/Basic/Detail.aspx?RE=1677460515,www.duval.realtaxdeed.com,2026-08-12T13:24:20+00:00
duval,09/16/2026,09:00 AM ET,001820-0285,2026-0396TD,00263-2024,,"11345 KITTRELL PINES TER, JACKSONVILLE, FL- 32220",,,4178.45,82201.0,09/16/2026 09:00 AM ET,TAXDEED,https://www.duval.realtaxdeed.com/index.cfm?zaction=AUCTION&Zmethod=PREVIEW&AUCTIONDATE=09/16/2026,https://paopropertysearch.coj.net/Basic/Detail.aspx?RE=0018200285,www.duval.realtaxdeed.com,2026-08-12T13:25:06+00:00
duval,09/16/2026,09:00 AM ET,002299-0000,2026-0381TD,00331-2024,,"5026 NATHAN HALE RD, JACKSONVILLE, FL- 32221",,,129464.83,244051.0,09/16/2026 09:00 AM ET,TAXDEED,https://www.duval.realtaxdeed.com/index.cfm?zaction=AUCTION&Zmethod=PREVIEW&AUCTIONDATE=09/16/2026,https://paopropertysearch.coj.net/Basic/Detail.aspx?RE=0022990000,www.duval.realtaxdeed.com,2026-08-12T13:25:06+00:00
duval,09/16/2026,09:00 AM ET,002731-0000,2026-0388TD,00437-2024,,"6522 BARTH RD, JACKSONVILLE, FL- 32219",,,4748.66,56632.0,09/16/2026 09:00 AM ET,TAXDEED,https://www.duval.realtaxdeed.com/index.cfm?zaction=AUCTION&Zmethod=PREVIEW&AUCTIONDATE=09/16/2026,https://paopropertysearch.coj.net/Basic/Detail.aspx?RE=0027310000,www.duval.realtaxdeed.com,2026-08-12T13:25:06+00:00
duval,09/16/2026,,003097-0000,2026-0380TD,00525-2024,,"6608 ARMCO ST, JACKSONVILLE, FL- 32219",,,6256.19,78965.0,Redeemed,TAXDEED,https://www.duval.realtaxdeed.com/index.cfm?zaction=AUCTION&Zmethod=PREVIEW&AUCTIONDATE=09/16/2026,https://paopropertysearch.coj.net/Basic/Detail.aspx?RE=0030970000,www.duval.realtaxdeed.com,2026-08-12T13:25:06+00:00
duval,09/16/2026,09:00 AM ET,003709-0000,2026-0175TD,00629-2024,,"6422 BLUEBIRD RD, JACKSONVILLE, FL- 32219",,,4920.83,72609.0,09/16/2026 09:00 AM ET,TAXDEED,https://www.duval.realtaxdeed.com/index.cfm?zaction=AUCTION&Zmethod=PREVIEW&AUCTIONDATE=09/16/2026,https://paopropertysearch.coj.net/Basic/Detail.aspx?RE=0037090000,www.duval.realtaxdeed.com,2026-08-12T13:25:06+00:00
duval,09/16/2026,09:00 AM ET,003747-0000,2026-0377TD,00637-2024,,"7524 BOB-O-LINK RD, JACKSONVILLE, FL- 32219",,,10345.14,57623.0,09/16/2026 09:00 AM ET,TAXDEED,https://www.duval.realtaxdeed.com/index.cfm?zaction=AUCTION&Zmethod=PREVIEW&AUCTIONDATE=09/16/2026,https://paopropertysearch.coj.net/Basic/Detail.aspx?RE=0037470000,www.duval.realtaxdeed.com,2026-08-12T13:25:06+00:00
duval,09/16/2026,09:00 AM ET,004394-0000,2026-0373TD,00794-2024,,"3182 N LANE AVE, JACKSONVILLE, FL- 32254",,,3510.22,31787.0,09/16/2026 09:00 AM ET,TAXDEED,https://www.duval.realtaxdeed.com/index.cfm?zaction=AUCTION&Zmethod=PREVIEW&AUCTIONDATE=09/16/2026,https://paopropertysearch.coj.net/Basic/Detail.aspx?RE=0043940000,www.duval.realtaxdeed.com,2026-08-12T13:25:06+00:00
duval,09/16/2026,09:00 AM ET,005220-0000,2026-0293TD,00909-2024,,"204 S LANE AVE 4, JACKSONVILLE, FL- 32254",,,9705.45,58791.0,09/16/2026 09:00 AM ET,TAXDEED,https://www.duval.realtaxdeed.com/index.cfm?zaction=AUCTION&Zmethod=PREVIEW&AUCTIONDATE=09/16/2026,https://paopropertysearch.coj.net/Basic/Detail.aspx?RE=0052200000,www.duval.realtaxdeed.com,2026-08-12T13:25:06+00:00
duval,09/16/2026,09:00 AM ET,005264-0000,2026-0361TD,17142-2024,,"230 SANTA BARBARA AVE, JACKSONVILLE, FL- 32254",,,10059.94,88051.0,09/16/2026 09:00 AM ET,TAXDEED,https://www.duval.realtaxdeed.com/index.cfm?zaction=AUCTION&Zmethod=PREVIEW&AUCTIONDATE=09/16/2026,https://paopropertysearch.coj.net/Basic/Detail.aspx?RE=0052640000,www.duval.realtaxdeed.com,2026-08-12T13:25:06+00:00
duval,09/16/2026,09:00 AM ET,006131-0000,2026-0333TD,01026-2024,,"7710 PASCHAL ST, JACKSONVILLE, FL- 32220",,,7042.91,115296.0,09/16/2026 09:00 AM ET,TAXDEED,https://www.duval.realtaxdeed.com/index.cfm?zaction=AUCTION&Zmethod=PREVIEW&AUCTIONDATE=09/16/2026,https://paopropertysearch.coj.net/Basic/Detail.aspx?RE=0061310000,www.duval.realtaxdeed.com,2026-08-12T13:25:06+00:00
duval,09/16/2026,,006223-0142,2026-0274TD,01041-2024,,"8550 OLD PLANK RD, JACKSONVILLE, FL- 32220",,,9811.56,226525.0,Redeemed,TAXDEED,https://www.duval.realtaxdeed.com/index.cfm?zaction=AUCTION&Zmethod=PREVIEW&AUCTIONDATE=09/16/2026,https://paopropertysearch.coj.net/Basic/Detail.aspx?RE=0062230142,www.duval.realtaxdeed.com,2026-08-12T13:25:06+00:00
duval,09/16/2026,09:00 AM ET,006719-0010,2026-0335TD,01102-2024,,"10714 GENERAL AVE, JACKSONVILLE, FL- 32220",,,22465.19,3334200.0,09/16/2026 09:00 AM ET,TAXDEED,https://www.duval.realtaxdeed.com/index.cfm?zaction=AUCTION&Zmethod=PREVIEW&AUCTIONDATE=09/16/2026,https://paopropertysearch.coj.net/Basic/Detail.aspx?RE=0067190010,www.duval.realtaxdeed.com,2026-08-12T13:25:06+00:00
duval,09/16/2026,09:00 AM ET,007440-0060,2026-0405TD,01167-2021,,"6535 RAMONA BLVD, JACKSONVILLE, FL- 32205",,,27382.03,2222000.0,09/16/2026 09:00 AM ET,TAXDEED,https://www.duval.realtaxdeed.com/index.cfm?zaction=AUCTION&Zmethod=PREVIEW&AUCTIONDATE=09/16/2026,https://paopropertysearch.coj.net/Basic/Detail.aspx?RE=0074400060,www.duval.realtaxdeed.com,2026-08-12T13:25:06+00:00
duval,09/16/2026,,007445-0000,2026-0312TD,01194-2024,,"S LANE AVE, JACKSONVILLE, FL- 32254",,,14085.16,174456.0,Redeemed,TAXDEED,https://www.duval.realtaxdeed.com/index.cfm?zaction=AUCTION&Zmethod=PREVIEW&AUCTIONDATE=09/16/2026,https://paopropertysearch.coj.net/Basic/Detail.aspx?RE=0074450000,www.duval.realtaxdeed.com,2026-08-12T13:25:06+00:00
duval,09/16/2026,,011418-0000,2026-0395TD,01465-2024,,"1402 MANOTAK AVE, JACKSONVILLE, FL- 32210",,,4554.18,164712.0,Redeemed,TAXDEED,https://www.duval.realtaxdeed.com/index.cfm?zaction=AUCTION&Zmethod=PREVIEW&AUCTIONDATE=09/16/2026,https://paopropertysearch.coj.net/Basic/Detail.aspx?RE=0114180000,www.duval.realtaxdeed.com,2026-08-12T13:25:06+00:00
duval,09/16/2026,,013212-0020,2026-0386TD,01740-2024,,"KINKAID RD, JACKSONVILLE, FL- 32210",,,2950.65,31957.0,Redeemed,TAXDEED,https://www.duval.realtaxdeed.com/index.cfm?zaction=AUCTION&Zmethod=PREVIEW&AUCTIONDATE=09/16/2026,https://paopropertysearch.coj.net/Basic/Detail.aspx?RE=0132120020,www.duval.realtaxdeed.com,2026-08-12T13:25:06+00:00
duval,09/16/2026,09:00 AM ET,013861-0394,2026-0282TD,01899-2024,,"7603 N MELISSA CT, JACKSONVILLE, FL- 32210",,,7519.09,96125.0,09/16/2026 09:00 AM ET,TAXDEED,https://www.duval.realtaxdeed.com/index.cfm?zaction=AUCTION&Zmethod=PREVIEW&AUCTIONDATE=09/16/2026,https://paopropertysearch.coj.net/Basic/Detail.aspx?RE=0138610394,www.duval.realtaxdeed.com,2026-08-12T13:25:06+00:00
duval,09/16/2026,09:00 AM ET,016030-0200,2026-0382TD,02247-2024,,"7241 RICKER RD, JACKSONVILLE, FL- 32244",,,6952.49,66177.0,09/16/2026 09:00 AM ET,TAXDEED,https://www.duval.realtaxdeed.com/index.cfm?zaction=AUCTION&Zmethod=PREVIEW&AUCTIONDATE=09/16/2026,https://paopropertysearch.coj.net/Basic/Detail.aspx?RE=0160300200,www.duval.realtaxdeed.com,2026-08-12T13:25:06+00:00
duval,09/16/2026,,016468-5040,2026-0321TD,02391-2024,,"7331 SWEET PEA TRL, JACKSONVILLE, FL- 32244",,,16874.11,235925.0,Redeemed,TAXDEED,https://www.duval.realtaxdeed.com/index.cfm?zaction=AUCTION&Zmethod=PREVIEW&AUCTIONDATE=09/16/2026,https://paopropertysearch.coj.net/Basic/Detail.aspx?RE=0164685040,www.duval.realtaxdeed.com,2026-08-12T13:25:06+00:00
duval,09/16/2026,,018577-0000,2026-0236TD,02505-2024,,"6965 GOLDILOCKS LN, JACKSONVILLE, FL- 32210",,,9116.16,121051.0,Redeemed,TAXDEED,https://www.duval.realtaxdeed.com/index.cfm?zaction=AUCTION&Zmethod=PREVIEW&AUCTIONDATE=09/16/2026,https://paopropertysearch.coj.net/Basic/Detail.aspx?RE=0185770000,www.duval.realtaxdeed.com,2026-08-12T13:25:06+00:00
duval,09/16/2026,09:00 AM ET,018773-0000,2026-0285TD,02513-2024,,"2515 LA TRELLE CT, JACKSONVILLE, FL- 32210",,,8072.86,131049.0,09/16/2026 09:00 AM ET,TAXDEED,https://www.duval.realtaxdeed.com/index.cfm?zaction=AUCTION&Zmethod=PREVIEW&AUCTIONDATE=09/16/2026,https://paopropertysearch.coj.net/Basic/Detail.aspx?RE=0187730000,www.duval.realtaxdeed.com,2026-08-12T13:25:06+00:00
duval,09/16/2026,,019924-0000,2026-0385TD,02714-2024,,"3136 FRANCES AVE, JACKSONVILLE, FL- 32218",,,5656.53,38296.0,Redeemed,TAXDEED,https://www.duval.realtaxdeed.com/index.cfm?zaction=AUCTION&Zmethod=PREVIEW&AUCTIONDATE=09/16/2026,https://paopropertysearch.coj.net/Basic/Detail.aspx?RE=0199240000,www.duval.realtaxdeed.com,2026-08-12T13:25:06+00:00
duval,09/16/2026,09:00 AM ET,020049-3000,2026-0215TD,02628-2022,,"S MARSH HAWK DR, JACKSONVILLE, FL- 32218",,,3105.75,8889.0,09/16/2026 09:00 AM ET,TAXDEED,https://www.duval.realtaxdeed.com/index.cfm?zaction=AUCTION&Zmethod=PREVIEW&AUCTIONDATE=09/16/2026,https://paopropertysearch.coj.net/Basic/Detail.aspx?RE=0200493000,www.duval.realtaxdeed.com,2026-08-12T13:25:06+00:00
duval,09/16/2026,09:00 AM ET,020842-0000,2026-0230TD,02863-2024,,"110 FORD AVE, JACKSONVILLE, FL- 32218",,,7060.27,88454.0,09/16/2026 09:00 AM ET,TAXDEED,https://www.duval.realtaxdeed.com/index.cfm?zaction=AUCTION&Zmethod=PREVIEW&AUCTIONDATE=09/16/2026,https://paopropertysearch.coj.net/Basic/Detail.aspx?RE=0208420000,www.duval.realtaxdeed.com,2026-08-12T13:25:06+00:00
duval,09/16/2026,09:00 AM ET,021818-0000,2026-0310TD,03017-2024,,"5786 MCLEOD AVE, JACKSONVILLE, FL- 32219",,,7460.32,126400.0,09/16/2026 09:00 AM ET,TAXDEED,https://www.duval.realtaxdeed.com/index.cfm?zaction=AUCTION&Zmethod=PREVIEW&AUCTIONDATE=09/16/2026,https://paopropertysearch.coj.net/Basic/Detail.aspx?RE=0218180000,www.duval.realtaxdeed.com,2026-08-12T13:25:06+00:00
duval,09/16/2026,09:00 AM ET,021896-0000,2026-0303TD,03036-2024,,"8098 PIPIT AVE, JACKSONVILLE, FL- 32219",,,10606.66,157346.0,09/16/2026 09:00 AM ET,TAXDEED,https://www.duval.realtaxdeed.com/index.cfm?zaction=AUCTION&Zmethod=PREVIEW&AUCTIONDATE=09/16/2026,https://paopropertysearch.coj.net/Basic/Detail.aspx?RE=0218960000,www.duval.realtaxdeed.com,2026-08-12T13:25:06+00:00
duval,09/16/2026,,022838-0000,2026-0391TD,03187-2024,,"602 GARDENIA LN, JACKSONVILLE, FL- 32208",,,23471.43,41192.0,Redeemed,TAXDEED,https://www.duval.realtaxdeed.com/index.cfm?zaction=AUCTION&Zmethod=PREVIEW&AUCTIONDATE=09/16/2026,https://paopropertysearch.coj.net/Basic/Detail.aspx?RE=0228380000,www.duval.realtaxdeed.com,2026-08-12T13:25:06+00:00
duval,09/16/2026,09:00 AM ET,023411-0000,2026-0298TD,03242-2024,,"1161 BUNKER HILL BLVD, JACKSONVILLE, FL- 32208",,,9028.69,119828.0,09/16/2026 09:00 AM ET,TAXDEED,https://www.duval.realtaxdeed.com/index.cfm?zaction=AUCTION&Zmethod=PREVIEW&AUCTIONDATE=09/16/2026,https://paopropertysearch.coj.net/Basic/Detail.aspx?RE=0234110000,www.duval.realtaxdeed.com,2026-08-12T13:25:06+00:00
duval,09/16/2026,09:00 AM ET,023557-0000,2026-0378TD,03255-2024,,"1177 BUNKER HILL BLVD, JACKSONVILLE, FL- 32208",,,10667.7,100527.0,09/16/2026 09:00 AM ET,TAXDEED,https://www.duval.realtaxdeed.com/index.cfm?zaction=AUCTION&Zmethod=PREVIEW&AUCTIONDATE=09/16/2026,https://paopropertysearch.coj.net/Basic/Detail.aspx?RE=0235570000,www.duval.realtaxdeed.com,2026-08-12T13:25:06+00:00
duval,09/16/2026,09:00 AM ET,024028-0000,2026-0225TD,03282-2024,,"8281 W CONCORD BLVD, JACKSONVILLE, FL- 32208",,,57437.76,104321.0,09/16/2026 09:00 AM ET,TAXDEED,https://www.duval.realtaxdeed.com/index.cfm?zaction=AUCTION&Zmethod=PREVIEW&AUCTIONDATE=09/16/2026,https://paopropertysearch.coj.net/Basic/Detail.aspx?RE=0240280000,www.duval.realtaxdeed.com,2026-08-12T13:25:06+00:00
duval,09/16/2026,,025837-0000,2026-0397TD,03479-2024,,"2818 PALMDALE ST, JACKSONVILLE, FL- 32208",,,12317.8,177424.0,Redeemed,TAXDEED,https://www.duval.realtaxdeed.com/index.cfm?zaction=AUCTION&Zmethod=PREVIEW&AUCTIONDATE=09/16/2026,https://paopropertysearch.coj.net/Basic/Detail.aspx?RE=0258370000,www.duval.realtaxdeed.com,2026-08-12T13:25:06+00:00
duval,09/16/2026,09:00 AM ET,026019-0000,2026-0248TD,03494-2024,,"6376 BARRY DR, JACKSONVILLE, FL- 32208",,,10005.28,147857.0,09/16/2026 09:00 AM ET,TAXDEED,https://www.duval.realtaxdeed.com/index.cfm?zaction=AUCTION&Zmethod=PREVIEW&AUCTIONDATE=09/16/2026,https://paopropertysearch.coj.net/Basic/Detail.aspx?RE=0260190000,www.duval.realtaxdeed.com,2026-08-12T13:25:06+00:00
duval,09/16/2026,09:00 AM ET,026319-0000,2026-0233TD,03527-2024,,"1800 ROWE AVE, JACKSONVILLE, FL- 32208",,,8665.74,109973.0,09/16/2026 09:00 AM ET,TAXDEED,https://www.duval.realtaxdeed.com/index.cfm?zaction=AUCTION&Zmethod=PREVIEW&AUCTIONDATE=09/16/2026,https://paopropertysearch.coj.net/Basic/Detail.aspx?RE=0263190000,www.duval.realtaxdeed.com,2026-08-12T13:25:06+00:00
duval,09/16/2026,09:00 AM ET,026444-0010,2026-0355TD,17178-2024,,"1987 ROWE AVE, JACKSONVILLE, FL- 32208",,,11122.5,108992.0,09/16/2026 09:00 AM ET,TAXDEED,https://www.duval.realtaxdeed.com/index.cfm?zaction=AUCTION&Zmethod=PREVIEW&AUCTIONDATE=09/16/2026,https://paopropertysearch.coj.net/Basic/Detail.aspx?RE=0264440010,www.duval.realtaxdeed.com,2026-08-12T13:25:06+00:00
duval,09/16/2026,09:00 AM ET,027370-0000,2026-0374TD,03666-2024,,"240 W 39TH ST, JACKSONVILLE, FL- 32206",,,7929.07,67406.0,09/16/2026 09:00 AM ET,TAXDEED,https://www.duval.realtaxdeed.com/index.cfm?zaction=AUCTION&Zmethod=PREVIEW&AUCTIONDATE=09/16/2026,https://paopropertysearch.coj.net/Basic/Detail.aspx?RE=0273700000,www.duval.realtaxdeed.com,2026-08-12T13:25:06+00:00
duval,09/16/2026,09:00 AM ET,027949-0000,2026-0295TD,03751-2024,,"2360 W EDGEWOOD AVE, JACKSONVILLE, FL- 32209",,,5666.94,41675.0,09/16/2026 09:00 AM ET,TAXDEED,https://www.duval.realtaxdeed.com/index.cfm?zaction=AUCTION&Zmethod=PREVIEW&AUCTIONDATE=09/16/2026,https://paopropertysearch.coj.net/Basic/Detail.aspx?RE=0279490000,www.duval.realtaxdeed.com,2026-08-12T13:25:06+00:00
duval,09/16/2026,,028051-0000,2026-0389TD,03765-2024,,"5703 CARNATION RD, JACKSONVILLE, FL- 32209",,,5288.89,79125.0,Redeemed,TAXDEED,https://www.duval.realtaxdeed.com/index.cfm?zaction=AUCTION&Zmethod=PREVIEW&AUCTIONDATE=09/16/2026,https://paopropertysearch.coj.net/Basic/Detail.aspx?RE=0280510000,www.duval.realtaxdeed.com,2026-08-12T13:25:06+00:00
duval,09/16/2026,09:00 AM ET,028078-0000,2026-0392TD,03767-2024,,"5714 IRIS BLVD, JACKSONVILLE, FL- 32209",,,6210.32,74300.0,09/16/2026 09:00 AM ET,TAXDEED,https://www.duval.realtaxdeed.com/index.cfm?zaction=AUCTION&Zmethod=PREVIEW&AUCTIONDATE=09/16/2026,https://paopropertysearch.coj.net/Basic/Detail.aspx?RE=0280780000,www.duval.realtaxdeed.com,2026-08-12T13:25:06+00:00
duval,09/16/2026,,028088-0000,2026-0370TD,03768-2024,,"2571 WISTERIA ST, JACKSONVILLE, FL- 32209",,,6207.45,75615.0,Redeemed,TAXDEED,https://www.duval.realtaxdeed.com/index.cfm?zaction=AUCTION&Zmethod=PREVIEW&AUCTIONDATE=09/16/2026,https://paopropertysearch.coj.net/Basic/Detail.aspx?RE=0280880000,www.duval.realtaxdeed.com,2026-08-12T13:25:06+00:00
duval,09/16/2026,09:00 AM ET,028184-0000,2026-0372TD,03784-2024,,"5757 MARIGOLD RD, JACKSONVILLE, FL- 32209",,,7445.24,60509.0,09/16/2026 09:00 AM ET,TAXDEED,https://www.duval.realtaxdeed.com/index.cfm?zaction=AUCTION&Zmethod=PREVIEW&AUCTIONDATE=09/16/2026,https://paopropertysearch.coj.net/Basic/Detail.aspx?RE=0281840000,www.duval.realtaxdeed.com,2026-08-12T13:25:06+00:00
duval,09/16/2026,,028224-0000,2026-0368TD,03792-2024,,"5543 VERBENA RD, JACKSONVILLE, FL- 32209",,,5823.93,67896.0,Redeemed,TAXDEED,https://www.duval.realtaxdeed.com/index.cfm?zaction=AUCTION&Zmethod=PREVIEW&AUCTIONDATE=09/16/2026,https://paopropertysearch.coj.net/Basic/Detail.aspx?RE=0282240000,www.duval.realtaxdeed.com,2026-08-12T13:25:06+00:00
duval,09/16/2026,09:00 AM ET,028510-0000,2026-0300TD,03836-2024,,"2318 N LANTANA AVE, JACKSONVILLE, FL- 32209",,,11695.6,172474.0,09/16/2026 09:00 AM ET,TAXDEED,https://www.duval.realtaxdeed.com/index.cfm?zaction=AUCTION&Zmethod=PREVIEW&AUCTIONDATE=09/16/2026,https://paopropertysearch.coj.net/Basic/Detail.aspx?RE=0285100000,www.duval.realtaxdeed.com,2026-08-12T13:25:06+00:00
duval,09/16/2026,09:00 AM ET,030060-0000,2026-0371TD,04093-2024,,"4864 SOUTEL DR, JACKSONVILLE, FL- 32208",,,7394.41,76221.0,09/16/2026 09:00 AM ET,TAXDEED,https://www.duval.realtaxdeed.com/index.cfm?zaction=AUCTION&Zmethod=PREVIEW&AUCTIONDATE=09/16/2026,https://paopropertysearch.coj.net/Basic/Detail.aspx?RE=0300600000,www.duval.realtaxdeed.com,2026-08-12T13:25:06+00:00
duval,09/16/2026,09:00 AM ET,030072-0000,2026-0226TD,04096-2024,,"1946 W 44TH ST, JACKSONVILLE, FL- 32209",,,7480.98,78305.0,09/16/2026 09:00 AM ET,TAXDEED,https://www.duval.realtaxdeed.com/index.cfm?zaction=AUCTION&Zmethod=PREVIEW&AUCTIONDATE=09/16/2026,https://paopropertysearch.coj.net/Basic/Detail.aspx?RE=0300720000,www.duval.realtaxdeed.com,2026-08-12T13:25:06+00:00
duval,09/16/2026,09:00 AM ET,030107-0000,2026-0369TD,04104-2024,,"4990 SOUTEL DR, JACKSONVILLE, FL- 32208",,,5526.71,31264.0,09/16/2026 09:00 AM ET,TAXDEED,https://www.duval.realtaxdeed.com/index.cfm?zaction=AUCTION&Zmethod=PREVIEW&AUCTIONDATE=09/16/2026,https://paopropertysearch.coj.net/Basic/Detail.aspx?RE=0301070000,www.duval.realtaxdeed.com,2026-08-12T13:25:06+00:00
duval,09/16/2026,09:00 AM ET,030338-0000,2026-0311TD,04156-2024,,"4824 AMOS ST, JACKSONVILLE, FL- 32209",,,9657.65,126569.0,09/16/2026 09:00 AM ET,TAXDEED,https://www.duval.realtaxdeed.com/index.cfm?zaction=AUCTION&Zmethod=PREVIEW&AUCTIONDATE=09/16/2026,https://paopropertysearch.coj.net/Basic/Detail.aspx?RE=0303380000,www.duval.realtaxdeed.com,2026-08-12T13:25:06+00:00
duval,09/16/2026,09:00 AM ET,031167-0000,2026-0260TD,04277-2024,,"6165 RAMAR CT, JACKSONVILLE, FL- 32209",,,73282.19,131176.0,09/16/2026 09:00 AM ET,TAXDEED,https://www.duval.realtaxdeed.com/index.cfm?zaction=AUCTION&Zmethod=PREVIEW&AUCTIONDATE=09/16/2026,https://paopropertysearch.coj.net/Basic/Detail.aspx?RE=0311670000,www.duval.realtaxdeed.com,2026-08-12T13:25:06+00:00
duval,09/16/2026,09:00 AM ET,031935-0000,2026-0221TD,04375-2024,,"610 CARLTON ST, JACKSONVILLE, FL- 32218",,,7823.49,94600.0,09/16/2026 09:00 AM ET,TAXDEED,https://www.duval.realtaxdeed.com/index.cfm?zaction=AUCTION&Zmethod=PREVIEW&AUCTIONDATE=09/16/2026,https://paopropertysearch.coj.net/Basic/Detail.aspx?RE=0319350000,www.duval.realtaxdeed.com,2026-08-12T13:25:06+00:00
duval,09/16/2026,09:00 AM ET,032200-0000,2026-0398TD,04406-2024,,"9453 W CARBONDALE DR, JACKSONVILLE, FL- 32208",,,14553.75,225140.0,09/16/2026 09:00 AM ET,TAXDEED,https://www.duval.realtaxdeed.com/index.cfm?zaction=AUCTION&Zmethod=PREVIEW&AUCTIONDATE=09/16/2026,https://paopropertysearch.coj.net/Basic/Detail.aspx?RE=0322000000,www.duval.realtaxdeed.com,2026-08-12T13:25:06+00:00
duval,09/16/2026,09:00 AM ET,032633-0000,2026-0387TD,04452-2024,,"960 MAYNARD ST, JACKSONVILLE, FL- 32208",,,5923.85,66835.0,09/16/2026 09:00 AM ET,TAXDEED,https://www.duval.realtaxdeed.com/index.cfm?zaction=AUCTION&Zmethod=PREVIEW&AUCTIONDATE=09/16/2026,https://paopropertysearch.coj.net/Basic/Detail.aspx?RE=0326330000,www.duval.realtaxdeed.com,2026-08-12T13:25:06+00:00
duval,09/16/2026,09:00 AM ET,034106-0000,2026-0278TD,04612-2024,,"6933 OAKWOOD ST, JACKSONVILLE, FL- 32208",,,101434.45,176184.0,09/16/2026 09:00 AM ET,TAXDEED,https://www.duval.realtaxdeed.com/index.cfm?zaction=AUCTION&Zmethod=PREVIEW&AUCTIONDATE=09/16/2026,https://paopropertysearch.coj.net/Basic/Detail.aspx?RE=0341060000,www.duval.realtaxdeed.com,2026-08-12T13:25:06+00:00
duval,09/16/2026,09:00 AM ET,034667-0000,2026-0234TD,04662-2024,,"5706 SILVER PLZ, JACKSONVILLE, FL- 32208",,,8353.92,107323.0,09/16/2026 09:00 AM ET,TAXDEED,https://www.duval.realtaxdeed.com/index.cfm?zaction=AUCTION&Zmethod=PREVIEW&AUCTIONDATE=09/16/2026,https://paopropertysearch.coj.net/Basic/Detail.aspx?RE=0346670000,www.duval.realtaxdeed.com,2026-08-12T13:25:06+00:00
duval,09/16/2026,09:00 AM ET,036214-0000,2026-0258TD,04829-2024,,"8768 6TH AVE, JACKSONVILLE, FL- 32208",,,10750.56,107207.0,09/16/2026 09:00 AM ET,TAXDEED,https://www.duval.realtaxdeed.com/index.cfm?zaction=AUCTION&Zmethod=PREVIEW&AUCTIONDATE=09/16/2026,https://paopropertysearch.coj.net/Basic/Detail.aspx?RE=0362140000,www.duval.realtaxdeed.com,2026-08-12T13:25:06+00:00
duval,09/16/2026,09:00 AM ET,036469-0000,2026-0261TD,04858-2024,,"2401 SOUTEL DR, JACKSONVILLE, FL- 32208",,,15659.5,227028.0,09/16/2026 09:00 AM ET,TAXDEED,https://www.duval.realtaxdeed.com/index.cfm?zaction=AUCTION&Zmethod=PREVIEW&AUCTIONDATE=09/16/2026,https://paopropertysearch.coj.net/Basic/Detail.aspx?RE=0364690000,www.duval.realtaxdeed.com,2026-08-12T13:25:06+00:00
duval,09/16/2026,09:00 AM ET,036500-0000,2026-0376TD,04864-2024,,"9268 2ND AVE, JACKSONVILLE, FL- 32208",,,9046.52,73781.0,09/16/2026 09:00 AM ET,TAXDEED,https://www.duval.realtaxdeed.com/index.cfm?zaction=AUCTION&Zmethod=PREVIEW&AUCTIONDATE=09/16/2026,https://paopropertysearch.coj.net/Basic/Detail.aspx?RE=0365000000,www.duval.realtaxdeed.com,2026-08-12T13:25:06+00:00
duval,09/16/2026,09:00 AM ET,036809-1000,2026-0244TD,04903-2024,,"8829 4TH AVE, JACKSONVILLE, FL- 32208",,,9095.25,121905.0,09/16/2026 09:00 AM ET,TAXDEED,https://www.duval.realtaxdeed.com/index.cfm?zaction=AUCTION&Zmethod=PREVIEW&AUCTIONDATE=09/16/2026,https://paopropertysearch.coj.net/Basic/Detail.aspx?RE=0368091000,www.duval.realtaxdeed.com,2026-08-12T13:25:06+00:00
duval,09/16/2026,09:00 AM ET,037256-0010,2026-0290TD,04946-2024,,"9029 LEM TURNER RD, JACKSONVILLE, FL- 32208",,,18122.35,244434.0,09/16/2026 09:00 AM ET,TAXDEED,https://www.duval.realtaxdeed.com/index.cfm?zaction=AUCTION&Zmethod=PREVIEW&AUCTIONDATE=09/16/2026,https://paopropertysearch.coj.net/Basic/Detail.aspx?RE=0372560010,www.duval.realtaxdeed.com,2026-08-12T13:25:06+00:00
duval,09/16/2026,09:00 AM ET,037378-0000,2026-0379TD,04962-2024,,"8835 LEM TURNER RD, JACKSONVILLE, FL- 32208",,,5708.29,70632.0,09/16/2026 09:00 AM ET,TAXDEED,https://www.duval.realtaxdeed.com/index.cfm?zaction=AUCTION&Zmethod=PREVIEW&AUCTIONDATE=09/16/2026,https://paopropertysearch.coj.net/Basic/Detail.aspx?RE=0373780000,www.duval.realtaxdeed.com,2026-08-12T13:25:06+00:00
duval,09/16/2026,09:00 AM ET,037457-0000,2026-0366TD,04975-2024,,"1840 PROSPECT ST, JACKSONVILLE, FL- 32208",,,8182.96,69847.0,09/16/2026 09:00 AM ET,TAXDEED,https://www.duval.realtaxdeed.com/index.cfm?zaction=AUCTION&Zmethod=PREVIEW&AUCTIONDATE=09/16/2026,https://paopropertysearch.coj.net/Basic/Detail.aspx?RE=0374570000,www.duval.realtaxdeed.com,2026-08-12T13:25:06+00:00
duval,09/16/2026,,037474-0010,2026-0384TD,04978-2024,,"8647 MADISON AVE, JACKSONVILLE, FL- 32208",,,2889.03,29640.0,Redeemed,TAXDEED,https://www.duval.realtaxdeed.com/index.cfm?zaction=AUCTION&Zmethod=PREVIEW&AUCTIONDATE=09/16/2026,https://paopropertysearch.coj.net/Basic/Detail.aspx?RE=0374740010,www.duval.realtaxdeed.com,2026-08-12T13:25:06+00:00
duval,09/16/2026,09:00 AM ET,039107-0000,2026-0279TD,05159-2024,,"4920 ARROWSMITH RD, JACKSONVILLE, FL- 32208",,,9770.16,136009.0,09/16/2026 09:00 AM ET,TAXDEED,https://www.duval.realtaxdeed.com/index.cfm?zaction=AUCTION&Zmethod=PREVIEW&AUCTIONDATE=09/16/2026,https://paopropertysearch.coj.net/Basic/Detail.aspx?RE=0391070000,www.duval.realtaxdeed.com,2026-08-12T13:25:06+00:00
duval,09/16/2026,09:00 AM ET,039350-0000,2026-0218TD,05180-2024,,"4634 FAIRLEIGH AVE, JACKSONVILLE, FL- 32208",,,6154.25,132192.0,09/16/2026 09:00 AM ET,TAXDEED,https://www.duval.realtaxdeed.com/index.cfm?zaction=AUCTION&Zmethod=PREVIEW&AUCTIONDATE=09/16/2026,https://paopropertysearch.coj.net/Basic/Detail.aspx?RE=0393500000,www.duval.realtaxdeed.com,2026-08-12T13:25:06+00:00
duval,09/16/2026,,040536-0030,2026-0394TD,05434-2024,,"4615 N KEN KNIGHT DR, JACKSONVILLE, FL- 32209",,,4434.86,43538.0,Redeemed,TAXDEED,https://www.duval.realtaxdeed.com/index.cfm?zaction=AUCTION&Zmethod=PREVIEW&AUCTIONDATE=09/16/2026,https://paopropertysearch.coj.net/Basic/Detail.aspx?RE=0405360030,www.duval.realtaxdeed.com,2026-08-12T13:25:06+00:00
duval,09/16/2026,,040722-0000,2026-0393TD,05475-2024,,"6864 HEMA RD, JACKSONVILLE, FL- 32209",,,7383.95,99708.0,Redeemed,TAXDEED,https://www.duval.realtaxdeed.com/index.cfm?zaction=AUCTION&Zmethod=PREVIEW&AUCTIONDATE=09/16/2026,https://paopropertysearch.coj.net/Basic/Detail.aspx?RE=0407220000,www.duval.realtaxdeed.com,2026-08-12T13:25:06+00:00
duval,09/16/2026,09:00 AM ET,041328-0000,2026-0277TD,05542-2024,,"4273 N KATANGA DR, JACKSONVILLE, FL- 32209",,,7422.19,89909.0,09/16/2026 09:00 AM ET,TAXDEED,https://www.duval.realtaxdeed.com/index.cfm?zaction=AUCTION&Zmethod=PREVIEW&AUCTIONDATE=09/16/2026,https://paopropertysearch.coj.net/Basic/Detail.aspx?RE=0413280000,www.duval.realtaxdeed.com,2026-08-12T13:25:06+00:00
duval,09/16/2026,09:00 AM ET,041628-0000,2026-0367TD,05592-2024,,"5030 JIES CT, JACKSONVILLE, FL- 32209",,,12462.86,183922.0,09/16/2026 09:00 AM ET,TAXDEED,https://www.duval.realtaxdeed.com/index.cfm?zaction=AUCTION&Zmethod=PREVIEW&AUCTIONDATE=09/16/2026,https://paopropertysearch.coj.net/Basic/Detail.aspx?RE=0416280000,www.duval.realtaxdeed.com,2026-08-12T13:25:06+00:00
duval,09/16/2026,,042547-0000,2026-0390TD,05717-2024,,"1744 N LOYOLA DR, JACKSONVILLE, FL- 32218",,,25978.21,46080.0,Redeemed,TAXDEED,https://www.duval.realtaxdeed.com/index.cfm?zaction=AUCTION&Zmethod=PREVIEW&AUCTIONDATE=09/16/2026,https://paopropertysearch.coj.net/Basic/Detail.aspx?RE=0425470000,www.duval.realtaxdeed.com,2026-08-12T13:25:06+00:00
duval,09/16/2026,09:00 AM ET,047135-0000,2026-0220TD,06375-2024,,"2233 W 14TH ST, JACKSONVILLE, FL- 32209",,,7903.21,109317.0,09/16/2026 09:00 AM ET,TAXDEED,https://www.duval.realtaxdeed.com/index.cfm?zaction=AUCTION&Zmethod=PREVIEW&AUCTIONDATE=09/16/2026,https://paopropertysearch.coj.net/Basic/Detail.aspx?RE=0471350000,www.duval.realtaxdeed.com,2026-08-12T13:25:06+00:00
duval,09/16/2026,,049076-0000,2026-0305TD,06695-2024,,"3519 BOUGAINVILLEA ST, JACKSONVILLE, FL- 32254",,,6702.61,64647.0,Redeemed,TAXDEED,https://www.duval.realtaxdeed.com/index.cfm?zaction=AUCTION&Zmethod=PREVIEW&AUCTIONDATE=09/16/2026,https://paopropertysearch.coj.net/Basic/Detail.aspx?RE=0490760000,www.duval.realtaxdeed.com,2026-08-12T13:25:06+00:00
duval,09/16/2026,09:00 AM ET,049524-0000,2026-0245TD,06753-2024,,"2832 W 1ST ST, JACKSONVILLE, FL- 32254",,,7694.9,75939.0,09/16/2026 09:00 AM ET,TAXDEED,https://www.duval.realtaxdeed.com/index.cfm?zaction=AUCTION&Zmethod=PREVIEW&AUCTIONDATE=09/16/2026,https://paopropertysearch.coj.net/Basic/Detail.aspx?RE=0495240000,www.duval.realtaxdeed.com,2026-08-12T13:25:06+00:00
duval,09/16/2026,09:00 AM ET,049781-0000,2026-0309TD,06783-2024,,"1080 MACKINAW ST, JACKSONVILLE, FL- 32254",,,5369.9,54280.0,09/16/2026 09:00 AM ET,TAXDEED,https://www.duval.realtaxdeed.com/index.cfm?zaction=AUCTION&Zmethod=PREVIEW&AUCTIONDATE=09/16/2026,https://paopropertysearch.coj.net/Basic/Detail.aspx?RE=0497810000,www.duval.realtaxdeed.com,2026-08-12T13:25:06+00:00
duval,09/16/2026,,050011-0000,2026-0296TD,06804-2024,,"1712 DETROIT ST, JACKSONVILLE, FL- 32254",,,8194.78,94564.0,Redeemed,TAXDEED,https://www.duval.realtaxdeed.com/index.cfm?zaction=AUCTION&Zmethod=PREVIEW&AUCTIONDATE=09/16/2026,https://paopropertysearch.coj.net/Basic/Detail.aspx?RE=0500110000,www.duval.realtaxdeed.com,2026-08-12T13:25:06+00:00
duval,09/16/2026,09:00 AM ET,051081-0000,2026-0217TD,06975-2024,,"1515 KINGS RD, JACKSONVILLE, FL- 32209",,,7870.26,92110.0,09/16/2026 09:00 AM ET,TAXDEED,https://www.duval.realtaxdeed.com/index.cfm?zaction=AUCTION&Zmethod=PREVIEW&AUCTIONDATE=09/16/2026,https://paopropertysearch.coj.net/Basic/Detail.aspx?RE=0510810000,www.duval.realtaxdeed.com,2026-08-12T13:25:06+00:00
duval,09/16/2026,09:00 AM ET,052957-0000,2026-0210TD,07273-2024,,"1357 HART ST, JACKSONVILLE, FL- 32209",,,5211.6,100510.0,09/16/2026 09:00 AM ET,TAXDEED,https://www.duval.realtaxdeed.com/index.cfm?zaction=AUCTION&Zmethod=PREVIEW&AUCTIONDATE=09/16/2026,https://paopropertysearch.coj.net/Basic/Detail.aspx?RE=0529570000,www.duval.realtaxdeed.com,2026-08-12T13:25:06+00:00
duval,09/16/2026,09:00 AM ET,052969-0000,2026-0349TD,07275-2024,,"1439 KINGS RD, JACKSONVILLE, FL- 32209",,,5942.22,49775.0,09/16/2026 09:00 AM ET,TAXDEED,https://www.duval.realtaxdeed.com/index.cfm?zaction=AUCTION&Zmethod=PREVIEW&AUCTIONDATE=09/16/2026,https://paopropertysearch.coj.net/Basic/Detail.aspx?RE=0529690000,www.duval.realtaxdeed.com,2026-08-12T13:25:06+00:00
duval,09/16/2026,09:00 AM ET,053712-0000,2026-0212TD,07513-2021,,"1210 W 6TH ST, JACKSONVILLE, FL- 32209",,,1721.68,310.0,09/16/2026 09:00 AM ET,TAXDEED,https://www.duval.realtaxdeed.com/index.cfm?zaction=AUCTION&Zmethod=PREVIEW&AUCTIONDATE=09/16/2026,https://paopropertysearch.coj.net/Basic/Detail.aspx?RE=0537120000,www.duval.realtaxdeed.com,2026-08-12T13:25:06+00:00
duval,09/16/2026,09:00 AM ET,053741-0000,2026-0211TD,07521-2021,,"1209 W 5TH ST, JACKSONVILLE, FL- 32209",,,1717.26,310.0,09/16/2026 09:00 AM ET,TAXDEED,https://www.duval.realtaxdeed.com/index.cfm?zaction=AUCTION&Zmethod=PREVIEW&AUCTIONDATE=09/16/2026,https://paopropertysearch.coj.net/Basic/Detail.aspx?RE=0537410000,www.duval.realtaxdeed.com,2026-08-12T13:25:06+00:00
duval,09/16/2026,09:00 AM ET,054695-0000,2026-0213TD,09794-2020,,"CLEVELAND ST, JACKSONVILLE, FL- 32209",,,1773.87,481.0,09/16/2026 09:00 AM ET,TAXDEED,https://www.duval.realtaxdeed.com/index.cfm?zaction=AUCTION&Zmethod=PREVIEW&AUCTIONDATE=09/16/2026,https://paopropertysearch.coj.net/Basic/Detail.aspx?RE=0546950000,www.duval.realtaxdeed.com,2026-08-12T13:25:06+00:00
duval,09/16/2026,09:00 AM ET,054696-0000,2026-0214TD,09795-2020,,"1311 CLEVELAND ST, JACKSONVILLE, FL- 32209",,,1735.32,481.0,09/16/2026 09:00 AM ET,TAXDEED,https://www.duval.realtaxdeed.com/index.cfm?zaction=AUCTION&Zmethod=PREVIEW&AUCTIONDATE=09/16/2026,https://paopropertysearch.coj.net/Basic/Detail.aspx?RE=0546960000,www.duval.realtaxdeed.com,2026-08-12T13:25:06+00:00
duval,09/16/2026,09:00 AM ET,056353-0000,2026-0216TD,07763-2024,,"512 WILLOW BRANCH AVE, JACKSONVILLE, FL- 32254",,,6691.11,82783.0,09/16/2026 09:00 AM ET,TAXDEED,https://www.duval.realtaxdeed.com/index.cfm?zaction=AUCTION&Zmethod=PREVIEW&AUCTIONDATE=09/16/2026,https://paopropertysearch.coj.net/Basic/Detail.aspx?RE=0563530000,www.duval.realtaxdeed.com,2026-08-12T13:25:06+00:00
duval,09/16/2026,09:00 AM ET,058765-0010,2026-0316TD,08054-2024,,"3556 DIGNAN ST, JACKSONVILLE, FL- 32254",,,8418.78,104085.0,09/16/2026 09:00 AM ET,TAXDEED,https://www.duval.realtaxdeed.com/index.cfm?zaction=AUCTION&Zmethod=PREVIEW&AUCTIONDATE=09/16/2026,https://paopropertysearch.coj.net/Basic/Detail.aspx?RE=0587650010,www.duval.realtaxdeed.com,2026-08-12T13:25:06+00:00
duval,09/16/2026,09:00 AM ET,059223-0000,2026-0339TD,08122-2024,,"5285 BROADWAY AVE, JACKSONVILLE, FL- 32254",,,54652.84,98748.0,09/16/2026 09:00 AM ET,TAXDEED,https://www.duval.realtaxdeed.com/index.cfm?zaction=AUCTION&Zmethod=PREVIEW&AUCTIONDATE=09/16/2026,https://paopropertysearch.coj.net/Basic/Detail.aspx?RE=0592230000,www.duval.realtaxdeed.com,2026-08-12T13:25:06+00:00
duval,09/16/2026,,061894-0000,2026-0353TD,08288-2024,,"612 METEOR ST, JACKSONVILLE, FL- 32205",,,8747.79,86542.0,Redeemed,TAXDEED,https://www.duval.realtaxdeed.com/index.cfm?zaction=AUCTION&Zmethod=PREVIEW&AUCTIONDATE=09/16/2026,https://paopropertysearch.coj.net/Basic/Detail.aspx?RE=0618940000,www.duval.realtaxdeed.com,2026-08-12T13:25:06+00:00
duval,09/16/2026,09:00 AM ET,063323-0000,2026-0183TD,08342-2024,,"2954 LENOX AVE, JACKSONVILLE, FL- 32254",,,5507.6,41496.0,09/16/2026 09:00 AM ET,TAXDEED,https://www.duval.realtaxdeed.com/index.cfm?zaction=AUCTION&Zmethod=PREVIEW&AUCTIONDATE=09/16/2026,https://paopropertysearch.coj.net/Basic/Detail.aspx?RE=0633230000,www.duval.realtaxdeed.com,2026-08-12T13:25:06+00:00
duval,09/16/2026,,065857-0000,2026-0276TD,08475-2024,,"4611 PLYMOUTH ST, JACKSONVILLE, FL- 32205",,,5302.21,187769.0,Redeemed,TAXDEED,https://www.duval.realtaxdeed.com/index.cfm?zaction=AUCTION&Zmethod=PREVIEW&AUCTIONDATE=09/16/2026,https://paopropertysearch.coj.net/Basic/Detail.aspx?RE=0658570000,www.duval.realtaxdeed.com,2026-08-12T13:25:06+00:00
duval,09/16/2026,09:00 AM ET,066751-0000,2026-0264TD,08517-2024,,"6018 EDGEFIELD DR, JACKSONVILLE, FL- 32205",,,9864.14,138067.0,09/16/2026 09:00 AM ET,TAXDEED,https://www.duval.realtaxdeed.com/index.cfm?zaction=AUCTION&Zmethod=PREVIEW&AUCTIONDATE=09/16/2026,https://paopropertysearch.coj.net/Basic/Detail.aspx?RE=0667510000,www.duval.realtaxdeed.com,2026-08-12T13:25:06+00:00
duval,09/16/2026,09:00 AM ET,070162-0000,2026-0255TD,08700-2024,,"2020 GENEVE ST, JACKSONVILLE, FL- 32207",,,57019.99,101396.0,09/16/2026 09:00 AM ET,TAXDEED,https://www.duval.realtaxdeed.com/index.cfm?zaction=AUCTION&Zmethod=PREVIEW&AUCTIONDATE=09/16/2026,https://paopropertysearch.coj.net/Basic/Detail.aspx?RE=0701620000,www.duval.realtaxdeed.com,2026-08-12T13:25:06+00:00
duval,09/16/2026,09:00 AM ET,071087-0000,2026-0273TD,08761-2024,,"133 W 4TH ST, JACKSONVILLE, FL- 32206",,,23427.59,339554.0,09/16/2026 09:00 AM ET,TAXDEED,https://www.duval.realtaxdeed.com/index.cfm?zaction=AUCTION&Zmethod=PREVIEW&AUCTIONDATE=09/16/2026,https://paopropertysearch.coj.net/Basic/Detail.aspx?RE=0710870000,www.duval.realtaxdeed.com,2026-08-12T13:25:06+00:00
duval,09/16/2026,09:00 AM ET,071287-0000,2026-0360TD,08780-2024,,"130 E 6TH ST 1, JACKSONVILLE, FL- 32206",,,8033.4,86543.0,09/16/2026 09:00 AM ET,TAXDEED,https://www.duval.realtaxdeed.com/index.cfm?zaction=AUCTION&Zmethod=PREVIEW&AUCTIONDATE=09/16/2026,https://paopropertysearch.coj.net/Basic/Detail.aspx?RE=0712870000,www.duval.realtaxdeed.com,2026-08-12T13:25:06+00:00
duval,09/16/2026,,071858-0020,2026-0241TD,08833-2024,,"1820 N MARKET ST, JACKSONVILLE, FL- 32206",,,29592.47,470999.0,Redeemed,TAXDEED,https://www.duval.realtaxdeed.com/index.cfm?zaction=AUCTION&Zmethod=PREVIEW&AUCTIONDATE=09/16/2026,https://paopropertysearch.coj.net/Basic/Detail.aspx?RE=0718580020,www.duval.realtaxdeed.com,2026-08-12T13:25:06+00:00
duval,09/16/2026,09:00 AM ET,074676-0000,2026-0201TD,09036-2024,,"810 CLAY ST, JACKSONVILLE, FL- 32202",,,2976.97,25509.0,09/16/2026 09:00 AM ET,TAXDEED,https://www.duval.realtaxdeed.com/index.cfm?zaction=AUCTION&Zmethod=PREVIEW&AUCTIONDATE=09/16/2026,https://paopropertysearch.coj.net/Basic/Detail.aspx?RE=0746760000,www.duval.realtaxdeed.com,2026-08-12T13:25:06+00:00
duval,09/16/2026,09:00 AM ET,075746-0000,2026-0171TD,09076-2024,,"828 EAVERSON ST, JACKSONVILLE, FL- 32204",,,5137.29,31445.0,09/16/2026 09:00 AM ET,TAXDEED,https://www.duval.realtaxdeed.com/index.cfm?zaction=AUCTION&Zmethod=PREVIEW&AUCTIONDATE=09/16/2026,https://paopropertysearch.coj.net/Basic/Detail.aspx?RE=0757460000,www.duval.realtaxdeed.com,2026-08-12T13:25:06+00:00
duval,09/16/2026,,084574-0000,2026-0176TD,09738-2024,,"1036 W 26TH ST, JACKSONVILLE, FL- 32209",,,5286.39,53961.0,Redeemed,TAXDEED,https://www.duval.realtaxdeed.com/index.cfm?zaction=AUCTION&Zmethod=PREVIEW&AUCTIONDATE=09/16/2026,https://paopropertysearch.coj.net/Basic/Detail.aspx?RE=0845740000,www.duval.realtaxdeed.com,2026-08-12T13:25:06+00:00
duval,09/16/2026,09:00 AM ET,084970-0010,2026-0198TD,09810-2024,,"4417 GRUNTHAL ST, JACKSONVILLE, FL- 32209",,,4424.24,44452.0,09/16/2026 09:00 AM ET,TAXDEED,https://www.duval.realtaxdeed.com/index.cfm?zaction=AUCTION&Zmethod=PREVIEW&AUCTIONDATE=09/16/2026,https://paopropertysearch.coj.net/Basic/Detail.aspx?RE=0849700010,www.duval.realtaxdeed.com,2026-08-12T13:25:06+00:00
duval,09/16/2026,09:00 AM ET,085045-0000,2026-0206TD,09833-2024,,"1595 W 33RD ST, JACKSONVILLE, FL- 32209",,,6220.65,69764.0,09/16/2026 09:00 AM ET,TAXDEED,https://www.duval.realtaxdeed.com/index.cfm?zaction=AUCTION&Zmethod=PREVIEW&AUCTIONDATE=09/16/2026,https://paopropertysearch.coj.net/Basic/Detail.aspx?RE=0850450000,www.duval.realtaxdeed.com,2026-08-12T13:25:06+00:00
duval,09/16/2026,09:00 AM ET,085251-0000,2026-0189TD,09883-2024,,"3900 WILSON ST, JACKSONVILLE, FL- 32209",,,5441.21,40910.0,09/16/2026 09:00 AM ET,TAXDEED,https://www.duval.realtaxdeed.com/index.cfm?zaction=AUCTION&Zmethod=PREVIEW&AUCTIONDATE=09/16/2026,https://paopropertysearch.coj.net/Basic/Detail.aspx?RE=0852510000,www.duval.realtaxdeed.com,2026-08-12T13:25:06+00:00
duval,09/16/2026,,085445-0000,2026-0231TD,09920-2024,,"1603 W 27TH ST, JACKSONVILLE, FL- 32209",,,5655.77,98400.0,Redeemed,TAXDEED,https://www.duval.realtaxdeed.com/index.cfm?zaction=AUCTION&Zmethod=PREVIEW&AUCTIONDATE=09/16/2026,https://paopropertysearch.coj.net/Basic/Detail.aspx?RE=0854450000,www.duval.realtaxdeed.com,2026-08-12T13:25:06+00:00
duval,09/16/2026,09:00 AM ET,085585-0000,2026-0197TD,09938-2024,,"1343 W 26TH ST, JACKSONVILLE, FL- 32209",,,5555.59,47601.0,09/16/2026 09:00 AM ET,TAXDEED,https://www.duval.realtaxdeed.com/index.cfm?zaction=AUCTION&Zmethod=PREVIEW&AUCTIONDATE=09/16/2026,https://paopropertysearch.coj.net/Basic/Detail.aspx?RE=0855850000,www.duval.realtaxdeed.com,2026-08-12T13:25:06+00:00
duval,09/16/2026,09:00 AM ET,086901-0000,2026-0172TD,10174-2024,,"1551 W 24TH ST, JACKSONVILLE, FL- 32209",,,6259.99,64270.0,09/16/2026 09:00 AM ET,TAXDEED,https://www.duval.realtaxdeed.com/index.cfm?zaction=AUCTION&Zmethod=PREVIEW&AUCTIONDATE=09/16/2026,https://paopropertysearch.coj.net/Basic/Detail.aspx?RE=0869010000,www.duval.realtaxdeed.com,2026-08-12T13:25:06+00:00
duval,09/16/2026,09:00 AM ET,087202-0000,2026-0194TD,10226-2024,,"1818 W 24TH ST, JACKSONVILLE, FL- 32209",,,5071.62,43331.0,09/16/2026 09:00 AM ET,TAXDEED,https://www.duval.realtaxdeed.com/index.cfm?zaction=AUCTION&Zmethod=PREVIEW&AUCTIONDATE=09/16/2026,https://paopropertysearch.coj.net/Basic/Detail.aspx?RE=0872020000,www.duval.realtaxdeed.com,2026-08-12T13:25:06+00:00
duval,09/16/2026,,087958-0050,2026-0351TD,10362-2024,,"534 ALDER ST, JACKSONVILLE, FL- 32206",,,38504.45,69001.0,Redeemed,TAXDEED,https://www.duval.realtaxdeed.com/index.cfm?zaction=AUCTION&Zmethod=PREVIEW&AUCTIONDATE=09/16/2026,https://paopropertysearch.coj.net/Basic/Detail.aspx?RE=0879580050,www.duval.realtaxdeed.com,2026-08-12T13:25:06+00:00
duval,09/16/2026,09:00 AM ET,088421-0000,2026-0195TD,10454-2024,,"1490 MITCHELL ST, JACKSONVILLE, FL- 32209",,,5409.97,35224.0,09/16/2026 09:00 AM ET,TAXDEED,https://www.duval.realtaxdeed.com/index.cfm?zaction=AUCTION&Zmethod=PREVIEW&AUCTIONDATE=09/16/2026,https://paopropertysearch.coj.net/Basic/Detail.aspx?RE=0884210000,www.duval.realtaxdeed.com,2026-08-12T13:25:06+00:00
duval,09/16/2026,09:00 AM ET,095436-0000,2026-0170TD,10789-2024,,"0 HEYWOOD ST, JACKSONVILLE, FL- 32207",,,7225.05,96740.0,09/16/2026 09:00 AM ET,TAXDEED,https://www.duval.realtaxdeed.com/index.cfm?zaction=AUCTION&Zmethod=PREVIEW&AUCTIONDATE=09/16/2026,https://paopropertysearch.coj.net/Basic/Detail.aspx?RE=0954360000,www.duval.realtaxdeed.com,2026-08-12T13:25:06+00:00
duval,09/16/2026,,095973-0000,2026-0291TD,10818-2024,,"6216 SAUTERNE DR, JACKSONVILLE, FL- 32210",,,10632.74,151682.0,Redeemed,TAXDEED,https://www.duval.realtaxdeed.com/index.cfm?zaction=AUCTION&Zmethod=PREVIEW&AUCTIONDATE=09/16/2026,https://paopropertysearch.coj.net/Basic/Detail.aspx?RE=0959730000,www.duval.realtaxdeed.com,2026-08-12T13:25:06+00:00
duval,09/16/2026,09:00 AM ET,096954-0000,2026-0252TD,10855-2024,,"5675 FIAT LN, JACKSONVILLE, FL- 32244",,,14858.81,162806.0,09/16/2026 09:00 AM ET,TAXDEED,https://www.duval.realtaxdeed.com/index.cfm?zaction=AUCTION&Zmethod=PREVIEW&AUCTIONDATE=09/16/2026,https://paopropertysearch.coj.net/Basic/Detail.aspx?RE=0969540000,www.duval.realtaxdeed.com,2026-08-12T13:25:06+00:00
duval,09/16/2026,,097007-0000,2026-0263TD,10857-2024,,"5815 HILLMAN DR, JACKSONVILLE, FL- 32244",,,11334.59,152853.0,Redeemed,TAXDEED,https://www.duval.realtaxdeed.com/index.cfm?zaction=AUCTION&Zmethod=PREVIEW&AUCTIONDATE=09/16/2026,https://paopropertysearch.coj.net/Basic/Detail.aspx?RE=0970070000,www.duval.realtaxdeed.com,2026-08-12T13:25:06+00:00
duval,09/16/2026,09:00 AM ET,097039-0000,2026-0243TD,10861-2024,,"7847 RENAULT DR, JACKSONVILLE, FL- 32244",,,13282.07,140045.0,09/16/2026 09:00 AM ET,TAXDEED,https://www.duval.realtaxdeed.com/index.cfm?zaction=AUCTION&Zmethod=PREVIEW&AUCTIONDATE=09/16/2026,https://paopropertysearch.coj.net/Basic/Detail.aspx?RE=0970390000,www.duval.realtaxdeed.com,2026-08-12T13:25:06+00:00
duval,09/16/2026,09:00 AM ET,097278-0000,2026-0331TD,10875-2024,,"7968 TRIUMPH LN, JACKSONVILLE, FL- 32244",,,36987.1,65879.0,09/16/2026 09:00 AM ET,TAXDEED,https://www.duval.realtaxdeed.com/index.cfm?zaction=AUCTION&Zmethod=PREVIEW&AUCTIONDATE=09/16/2026,https://paopropertysearch.coj.net/Basic/Detail.aspx?RE=0972780000,www.duval.realtaxdeed.com,2026-08-12T13:25:06+00:00
duval,09/16/2026,,098220-0000,2026-0186TD,10944-2024,,"MORSE AVE, JACKSONVILLE, FL- 32244",,,3241.99,35643.0,Redeemed,TAXDEED,https://www.duval.realtaxdeed.com/index.cfm?zaction=AUCTION&Zmethod=PREVIEW&AUCTIONDATE=09/16/2026,https://paopropertysearch.coj.net/Basic/Detail.aspx?RE=0982200000,www.duval.realtaxdeed.com,2026-08-12T13:25:06+00:00
duval,09/16/2026,09:00 AM ET,098380-3645,2026-0352TD,10981-2024,,"5549 ORTEGA PARK BLVD, JACKSONVILLE, FL- 32244",,,15901.96,239124.0,09/16/2026 09:00 AM ET,TAXDEED,https://www.duval.realtaxdeed.com/index.cfm?zaction=AUCTION&Zmethod=PREVIEW&AUCTIONDATE=09/16/2026,https://paopropertysearch.coj.net/Basic/Detail.aspx?RE=0983803645,www.duval.realtaxdeed.com,2026-08-12T13:25:06+00:00
duval,09/16/2026,09:00 AM ET,098545-0000,2026-0280TD,10996-2024,,"4925 AVENT DR, JACKSONVILLE, FL- 32244",,,12703.95,173097.0,09/16/2026 09:00 AM ET,TAXDEED,https://www.duval.realtaxdeed.com/index.cfm?zaction=AUCTION&Zmethod=PREVIEW&AUCTIONDATE=09/16/2026,https://paopropertysearch.coj.net/Basic/Detail.aspx?RE=0985450000,www.duval.realtaxdeed.com,2026-08-12T13:25:06+00:00
duval,09/16/2026,,099199-0536,2026-0250TD,11064-2024,,"1604 ARCADIA DR 201, JACKSONVILLE, FL- 32207",,,8112.24,70000.0,Redeemed,TAXDEED,https://www.duval.realtaxdeed.com/index.cfm?zaction=AUCTION&Zmethod=PREVIEW&AUCTIONDATE=09/16/2026,https://paopropertysearch.coj.net/Basic/Detail.aspx?RE=0991990536,www.duval.realtaxdeed.com,2026-08-12T13:25:06+00:00
duval,09/16/2026,,100552-0220,2026-0337TD,11101-2024,,"4358 TIMUQUANA RD 181, JACKSONVILLE, FL- 32210",,,6220.43,105000.0,Redeemed,TAXDEED,https://www.duval.realtaxdeed.com/index.cfm?zaction=AUCTION&Zmethod=PREVIEW&AUCTIONDATE=09/16/2026,https://paopropertysearch.coj.net/Basic/Detail.aspx?RE=1005520220,www.duval.realtaxdeed.com,2026-08-12T13:25:06+00:00
duval,09/16/2026,,101293-0000,2026-0268TD,11118-2024,,"4638 MARTINGALE RD, JACKSONVILLE, FL- 32210",,,98226.34,176663.0,Redeemed,TAXDEED,https://www.duval.realtaxdeed.com/index.cfm?zaction=AUCTION&Zmethod=PREVIEW&AUCTIONDATE=09/16/2026,https://paopropertysearch.coj.net/Basic/Detail.aspx?RE=1012930000,www.duval.realtaxdeed.com,2026-08-12T13:25:06+00:00
duval,09/16/2026,09:00 AM ET,102558-0000,2026-0323TD,`11143-2024,,"4351 TIMUQUANA RD, JACKSONVILLE, FL- 32210",,,16980.79,248420.0,09/16/2026 09:00 AM ET,TAXDEED,https://www.duval.realtaxdeed.com/index.cfm?zaction=AUCTION&Zmethod=PREVIEW&AUCTIONDATE=09/16/2026,https://paopropertysearch.coj.net/Basic/Detail.aspx?RE=1025580000,www.duval.realtaxdeed.com,2026-08-12T13:25:06+00:00
duval,09/16/2026,,103087-0000,2026-0306TD,11160-2024,,"5220 CATOMA ST, JACKSONVILLE, FL- 32210",,,17960.28,268940.0,Redeemed,TAXDEED,https://www.duval.realtaxdeed.com/index.cfm?zaction=AUCTION&Zmethod=PREVIEW&AUCTIONDATE=09/16/2026,https://paopropertysearch.coj.net/Basic/Detail.aspx?RE=1030870000,www.duval.realtaxdeed.com,2026-08-12T13:25:06+00:00
duval,09/16/2026,,103104-0000,2026-0329TD,11164-2024,,"5537 101ST ST, JACKSONVILLE, FL- 32210",,,20118.13,256576.0,Redeemed,TAXDEED,https://www.duval.realtaxdeed.com/index.cfm?zaction=AUCTION&Zmethod=PREVIEW&AUCTIONDATE=09/16/2026,https://paopropertysearch.coj.net/Basic/Detail.aspx?RE=1031040000,www.duval.realtaxdeed.com,2026-08-12T13:25:06+00:00
duval,09/16/2026,09:00 AM ET,103175-0000,2026-0169TD,11173-2024,,"5571 110TH ST, JACKSONVILLE, FL- 32244",,,6354.81,71892.0,09/16/2026 09:00 AM ET,TAXDEED,https://www.duval.realtaxdeed.com/index.cfm?zaction=AUCTION&Zmethod=PREVIEW&AUCTIONDATE=09/16/2026,https://paopropertysearch.coj.net/Basic/Detail.aspx?RE=1031750000,www.duval.realtaxdeed.com,2026-08-12T13:25:06+00:00
duval,09/16/2026,09:00 AM ET,103888-0000,2026-0240TD,11261-2024,,"5129 SANTA CRUZ LN, JACKSONVILLE, FL- 32210",,,13608.4,200631.0,09/16/2026 09:00 AM ET,TAXDEED,https://www.duval.realtaxdeed.com/index.cfm?zaction=AUCTION&Zmethod=PREVIEW&AUCTIONDATE=09/16/2026,https://paopropertysearch.coj.net/Basic/Detail.aspx?RE=1038880000,www.duval.realtaxdeed.com,2026-08-12T13:25:06+00:00
duval,09/16/2026,,104573-0000,2026-0237TD,11291-2024,,"5785 WILSON BLVD, JACKSONVILLE, FL- 32210",,,17761.87,255200.0,Redeemed,TAXDEED,https://www.duval.realtaxdeed.com/index.cfm?zaction=AUCTION&Zmethod=PREVIEW&AUCTIONDATE=09/16/2026,https://paopropertysearch.coj.net/Basic/Detail.aspx?RE=1045730000,www.duval.realtaxdeed.com,2026-08-12T13:25:06+00:00
duval,09/16/2026,,106178-0020,2026-0317TD,11438-2024,,"2934 STARRATT RD, JACKSONVILLE, FL- 32226",,,20413.62,274589.0,Redeemed,TAXDEED,https://www.duval.realtaxdeed.com/index.cfm?zaction=AUCTION&Zmethod=PREVIEW&AUCTIONDATE=09/16/2026,https://paopropertysearch.coj.net/Basic/Detail.aspx?RE=1061780020,www.duval.realtaxdeed.com,2026-08-12T13:25:06+00:00
duval,09/16/2026,,106208-0640,2026-0332TD,11443-2024,,"2701 MARSHLAND DR, JACKSONVILLE, FL- 32226-1223",,,15688.42,236710.0,Redeemed,TAXDEED,https://www.duval.realtaxdeed.com/index.cfm?zaction=AUCTION&Zmethod=PREVIEW&AUCTIONDATE=09/16/2026,https://paopropertysearch.coj.net/Basic/Detail.aspx?RE=1062080640,www.duval.realtaxdeed.com,2026-08-12T13:25:06+00:00
duval,09/16/2026,,106702-1750,2026-0165TD,11528-2024,,"391 RED DAHLIA LN, JACKSONVILLE, FL- 32218",,,179494.67,352960.0,Redeemed,TAXDEED,https://www.duval.realtaxdeed.com/index.cfm?zaction=AUCTION&Zmethod=PREVIEW&AUCTIONDATE=09/16/2026,https://paopropertysearch.coj.net/Basic/Detail.aspx?RE=1067021750,www.duval.realtaxdeed.com,2026-08-12T13:25:06+00:00
duval,09/16/2026,09:00 AM ET,106744-0035,2026-0191TD,11536-2024,,"TINY DR, JACKSONVILLE, FL- 32218",,,3515.01,33110.0,09/16/2026 09:00 AM ET,TAXDEED,https://www.duval.realtaxdeed.com/index.cfm?zaction=AUCTION&Zmethod=PREVIEW&AUCTIONDATE=09/16/2026,https://paopropertysearch.coj.net/Basic/Detail.aspx?RE=1067440035,www.duval.realtaxdeed.com,2026-08-12T13:25:06+00:00
duval,09/16/2026,09:00 AM ET,106781-0000,2026-0275TD,11543-2024,,"1048 FIELDS RD, JACKSONVILLE, FL- 32218",,,15085.91,213139.0,09/16/2026 09:00 AM ET,TAXDEED,https://www.duval.realtaxdeed.com/index.cfm?zaction=AUCTION&Zmethod=PREVIEW&AUCTIONDATE=09/16/2026,https://paopropertysearch.coj.net/Basic/Detail.aspx?RE=1067810000,www.duval.realtaxdeed.com,2026-08-12T13:25:06+00:00
duval,09/16/2026,09:00 AM ET,108082-0015,2026-0180TD,11709-2024,,"14143 TIKI LN, JACKSONVILLE, FL- 32226",,,13849.78,186413.0,09/16/2026 09:00 AM ET,TAXDEED,https://www.duval.realtaxdeed.com/index.cfm?zaction=AUCTION&Zmethod=PREVIEW&AUCTIONDATE=09/16/2026,https://paopropertysearch.coj.net/Basic/Detail.aspx?RE=1080820015,www.duval.realtaxdeed.com,2026-08-12T13:25:06+00:00
duval,09/16/2026,09:00 AM ET,108094-0080,2026-0289TD,11718-2024,,"14340 DENTON RD, JACKSONVILLE, FL- 32226",,,14968.68,203946.0,09/16/2026 09:00 AM ET,TAXDEED,https://www.duval.realtaxdeed.com/index.cfm?zaction=AUCTION&Zmethod=PREVIEW&AUCTIONDATE=09/16/2026,https://paopropertysearch.coj.net/Basic/Detail.aspx?RE=1080940080,www.duval.realtaxdeed.com,2026-08-12T13:25:06+00:00
duval,09/16/2026,09:00 AM ET,110724-0000,2026-0286TD,11947-2024,,"1842 FAYE RD, JACKSONVILLE, FL- 32218",,,12435.86,152697.0,09/16/2026 09:00 AM ET,TAXDEED,https://www.duval.realtaxdeed.com/index.cfm?zaction=AUCTION&Zmethod=PREVIEW&AUCTIONDATE=09/16/2026,https://paopropertysearch.coj.net/Basic/Detail.aspx?RE=1107240000,www.duval.realtaxdeed.com,2026-08-12T13:25:06+00:00
duval,09/16/2026,09:00 AM ET,111197-0000,2026-0259TD,12010-2024,,"5404 TELFAIR ST, JACKSONVILLE, FL- 32208",,,6461.49,106676.0,09/16/2026 09:00 AM ET,TAXDEED,https://www.duval.realtaxdeed.com/index.cfm?zaction=AUCTION&Zmethod=PREVIEW&AUCTIONDATE=09/16/2026,https://paopropertysearch.coj.net/Basic/Detail.aspx?RE=1111970000,www.duval.realtaxdeed.com,2026-08-12T13:25:06+00:00
duval,09/16/2026,09:00 AM ET,112922-0000,2026-0208TD,12089-2024,,"SHAUNA OAKS DR, JACKSONVILLE, FL- 32277",,,3763.21,31005.0,09/16/2026 09:00 AM ET,TAXDEED,https://www.duval.realtaxdeed.com/index.cfm?zaction=AUCTION&Zmethod=PREVIEW&AUCTIONDATE=09/16/2026,https://paopropertysearch.coj.net/Basic/Detail.aspx?RE=1129220000,www.duval.realtaxdeed.com,2026-08-12T13:25:06+00:00
duval,09/16/2026,,113874-0210,2026-0178TD,12191-2024,,"1820 EVERGREEN AVE, JACKSONVILLE, FL- 32206",,,11187.18,150246.0,Redeemed,TAXDEED,https://www.duval.realtaxdeed.com/index.cfm?zaction=AUCTION&Zmethod=PREVIEW&AUCTIONDATE=09/16/2026,https://paopropertysearch.coj.net/Basic/Detail.aspx?RE=1138740210,www.duval.realtaxdeed.com,2026-08-12T13:25:06+00:00
duval,09/16/2026,09:00 AM ET,114076-0000,2026-0173TD,12220-2024,,"2053 FRANKLIN ST, JACKSONVILLE, FL- 32206",,,4494.2,36375.0,09/16/2026 09:00 AM ET,TAXDEED,https://www.duval.realtaxdeed.com/index.cfm?zaction=AUCTION&Zmethod=PREVIEW&AUCTIONDATE=09/16/2026,https://paopropertysearch.coj.net/Basic/Detail.aspx?RE=1140760000,www.duval.realtaxdeed.com,2026-08-12T13:25:06+00:00
duval,09/16/2026,09:00 AM ET,114480-0000,2026-0203TD,12276-2024,,"1333 EVERGREEN AVE, JACKSONVILLE, FL- 32206",,,5253.85,52116.0,09/16/2026 09:00 AM ET,TAXDEED,https://www.duval.realtaxdeed.com/index.cfm?zaction=AUCTION&Zmethod=PREVIEW&AUCTIONDATE=09/16/2026,https://paopropertysearch.coj.net/Basic/Detail.aspx?RE=1144800000,www.duval.realtaxdeed.com,2026-08-12T13:25:06+00:00
duval,09/16/2026,09:00 AM ET,114481-0000,2026-0200TD,12277-2024,,"1335 EVERGREEN AVE, JACKSONVILLE, FL- 32206",,,5402.33,57837.0,09/16/2026 09:00 AM ET,TAXDEED,https://www.duval.realtaxdeed.com/index.cfm?zaction=AUCTION&Zmethod=PREVIEW&AUCTIONDATE=09/16/2026,https://paopropertysearch.coj.net/Basic/Detail.aspx?RE=1144810000,www.duval.realtaxdeed.com,2026-08-12T13:25:06+00:00
duval,09/16/2026,09:00 AM ET,114481-0020,2026-0192TD,12278-2024,,"1339 EVERGREEN AVE, JACKSONVILLE, FL- 32206",,,4732.56,42934.0,09/16/2026 09:00 AM ET,TAXDEED,https://www.duval.realtaxdeed.com/index.cfm?zaction=AUCTION&Zmethod=PREVIEW&AUCTIONDATE=09/16/2026,https://paopropertysearch.coj.net/Basic/Detail.aspx?RE=1144810020,www.duval.realtaxdeed.com,2026-08-12T13:25:06+00:00
duval,09/16/2026,,115034-0000,2026-0326TD,12381-2024,,"2210 PHOENIX AVE, JACKSONVILLE, FL- 32206",,,13255.7,194914.0,Redeemed,TAXDEED,https://www.duval.realtaxdeed.com/index.cfm?zaction=AUCTION&Zmethod=PREVIEW&AUCTIONDATE=09/16/2026,https://paopropertysearch.coj.net/Basic/Detail.aspx?RE=1150340000,www.duval.realtaxdeed.com,2026-08-12T13:25:06+00:00
duval,09/16/2026,09:00 AM ET,115355-0000,2026-0193TD,12423-2024,,"2140 EGNER ST, JACKSONVILLE, FL- 32206",,,5232.16,50394.0,09/16/2026 09:00 AM ET,TAXDEED,https://www.duval.realtaxdeed.com/index.cfm?zaction=AUCTION&Zmethod=PREVIEW&AUCTIONDATE=09/16/2026,https://paopropertysearch.coj.net/Basic/Detail.aspx?RE=1153550000,www.duval.realtaxdeed.com,2026-08-12T13:25:06+00:00
duval,09/16/2026,09:00 AM ET,119028-0000,2026-0249TD,12630-2024,,"2524 E MAYAPPLE RD, JACKSONVILLE, FL- 32211",,,11331.2,156109.0,09/16/2026 09:00 AM ET,TAXDEED,https://www.duval.realtaxdeed.com/index.cfm?zaction=AUCTION&Zmethod=PREVIEW&AUCTIONDATE=09/16/2026,https://paopropertysearch.coj.net/Basic/Detail.aspx?RE=1190280000,www.duval.realtaxdeed.com,2026-08-12T13:25:06+00:00
duval,09/16/2026,09:00 AM ET,119740-0000,2026-0318TD,12659-2024,,"2935 MANSION RD, JACKSONVILLE, FL- 32277",,,10413.78,179836.0,09/16/2026 09:00 AM ET,TAXDEED,https://www.duval.realtaxdeed.com/index.cfm?zaction=AUCTION&Zmethod=PREVIEW&AUCTIONDATE=09/16/2026,https://paopropertysearch.coj.net/Basic/Detail.aspx?RE=1197400000,www.duval.realtaxdeed.com,2026-08-12T13:25:06+00:00
duval,09/16/2026,,120618-0110,2026-0302TD,12702-2024,,"1651 SOUTHSIDE CONNECTOR BLVD, JACKSONVILLE, FL- 32225",,,26991.77,424700.0,Redeemed,TAXDEED,https://www.duval.realtaxdeed.com/index.cfm?zaction=AUCTION&Zmethod=PREVIEW&AUCTIONDATE=09/16/2026,https://paopropertysearch.coj.net/Basic/Detail.aspx?RE=1206180110,www.duval.realtaxdeed.com,2026-08-12T13:25:06+00:00
duval,09/16/2026,09:00 AM ET,122200-0000,2026-0174TD,12778-2024,,"631 ODESSA ST, JACKSONVILLE, FL- 32206",,,2836.57,30776.0,09/16/2026 09:00 AM ET,TAXDEED,https://www.duval.realtaxdeed.com/index.cfm?zaction=AUCTION&Zmethod=PREVIEW&AUCTIONDATE=09/16/2026,https://paopropertysearch.coj.net/Basic/Detail.aspx?RE=1222000000,www.duval.realtaxdeed.com,2026-08-12T13:25:06+00:00
duval,09/16/2026,09:00 AM ET,122301-0000,2026-0177TD,12794-2024,,"705 PIPPIN ST, JACKSONVILLE, FL- 32206",,,6236.78,71903.0,09/16/2026 09:00 AM ET,TAXDEED,https://www.duval.realtaxdeed.com/index.cfm?zaction=AUCTION&Zmethod=PREVIEW&AUCTIONDATE=09/16/2026,https://paopropertysearch.coj.net/Basic/Detail.aspx?RE=1223010000,www.duval.realtaxdeed.com,2026-08-12T13:25:06+00:00
duval,09/16/2026,09:00 AM ET,122322-0010,2026-0356TD,12796-2024,,"820 A PHILIP RANDOLPH BLVD, JACKSONVILLE, FL- 32206",,,21754.54,442640.0,09/16/2026 09:00 AM ET,TAXDEED,https://www.duval.realtaxdeed.com/index.cfm?zaction=AUCTION&Zmethod=PREVIEW&AUCTIONDATE=09/16/2026,https://paopropertysearch.coj.net/Basic/Detail.aspx?RE=1223220010,www.duval.realtaxdeed.com,2026-08-12T13:25:06+00:00
duval,09/16/2026,09:00 AM ET,122512-0000,2026-0205TD,12820-2024,,"813 VAN BUREN ST, JACKSONVILLE, FL- 32206",,,3330.32,25338.0,09/16/2026 09:00 AM ET,TAXDEED,https://www.duval.realtaxdeed.com/index.cfm?zaction=AUCTION&Zmethod=PREVIEW&AUCTIONDATE=09/16/2026,https://paopropertysearch.coj.net/Basic/Detail.aspx?RE=1225120000,www.duval.realtaxdeed.com,2026-08-12T13:25:06+00:00
duval,09/16/2026,09:00 AM ET,122954-0000,2026-0209TD,12864-2024,,"1027 PHELPS ST, JACKSONVILLE, FL- 32206",,,3756.85,22806.0,09/16/2026 09:00 AM ET,TAXDEED,https://www.duval.realtaxdeed.com/index.cfm?zaction=AUCTION&Zmethod=PREVIEW&AUCTIONDATE=09/16/2026,https://paopropertysearch.coj.net/Basic/Detail.aspx?RE=1229540000,www.duval.realtaxdeed.com,2026-08-12T13:25:06+00:00
duval,09/16/2026,09:00 AM ET,127437-0000,2026-0181TD,13177-2024,,"3927 ROSETREE DR, JACKSONVILLE, FL- 32207",,,4833.49,60800.0,09/16/2026 09:00 AM ET,TAXDEED,https://www.duval.realtaxdeed.com/index.cfm?zaction=AUCTION&Zmethod=PREVIEW&AUCTIONDATE=09/16/2026,https://paopropertysearch.coj.net/Basic/Detail.aspx?RE=1274370000,www.duval.realtaxdeed.com,2026-08-12T13:25:06+00:00
duval,09/16/2026,09:00 AM ET,133686-0000,2026-0196TD,13654-2024,,"110 W 23RD ST, JACKSONVILLE, FL- 32206",,,4843.62,42329.0,09/16/2026 09:00 AM ET,TAXDEED,https://www.duval.realtaxdeed.com/index.cfm?zaction=AUCTION&Zmethod=PREVIEW&AUCTIONDATE=09/16/2026,https://paopropertysearch.coj.net/Basic/Detail.aspx?RE=1336860000,www.duval.realtaxdeed.com,2026-08-12T13:25:06+00:00
duval,09/16/2026,09:00 AM ET,134239-0000,2026-0284TD,13693-2024,,"1844 E BARTRAM CIR, JACKSONVILLE, FL- 32207",,,43225.44,77763.0,09/16/2026 09:00 AM ET,TAXDEED,https://www.duval.realtaxdeed.com/index.cfm?zaction=AUCTION&Zmethod=PREVIEW&AUCTIONDATE=09/16/2026,https://paopropertysearch.coj.net/Basic/Detail.aspx?RE=1342390000,www.duval.realtaxdeed.com,2026-08-12T13:25:06+00:00
duval,09/16/2026,09:00 AM ET,135802-0000,2026-0207TD,13756-2024,,"3821 ADIROLF RD, JACKSONVILLE, FL- 32207",,,5533.4,67405.0,09/16/2026 09:00 AM ET,TAXDEED,https://www.duval.realtaxdeed.com/index.cfm?zaction=AUCTION&Zmethod=PREVIEW&AUCTIONDATE=09/16/2026,https://paopropertysearch.coj.net/Basic/Detail.aspx?RE=1358020000,www.duval.realtaxdeed.com,2026-08-12T13:25:06+00:00
duval,09/16/2026,09:00 AM ET,141580-0000,2026-0314TD,14017-2024,,"6826 S BRANDEMERE RD, JACKSONVILLE, FL- 32211",,,68609.9,125679.0,09/16/2026 09:00 AM ET,TAXDEED,https://www.duval.realtaxdeed.com/index.cfm?zaction=AUCTION&Zmethod=PREVIEW&AUCTIONDATE=09/16/2026,https://paopropertysearch.coj.net/Basic/Detail.aspx?RE=1415800000,www.duval.realtaxdeed.com,2026-08-12T13:25:06+00:00
duval,09/16/2026,09:00 AM ET,142483-0184,2026-0229TD,14055-2024,,"722 OAKS MANOR CT L1-2, JACKSONVILLE, FL- 32211",,,5469.56,53750.0,09/16/2026 09:00 AM ET,TAXDEED,https://www.duval.realtaxdeed.com/index.cfm?zaction=AUCTION&Zmethod=PREVIEW&AUCTIONDATE=09/16/2026,https://paopropertysearch.coj.net/Basic/Detail.aspx?RE=1424830184,www.duval.realtaxdeed.com,2026-08-12T13:25:06+00:00
duval,09/16/2026,09:00 AM ET,143572-0000,2026-0313TD,14080-2024,,"7133 ARLET DR, JACKSONVILLE, FL- 32211",,,14620.13,215737.0,09/16/2026 09:00 AM ET,TAXDEED,https://www.duval.realtaxdeed.com/index.cfm?zaction=AUCTION&Zmethod=PREVIEW&AUCTIONDATE=09/16/2026,https://paopropertysearch.coj.net/Basic/Detail.aspx?RE=1435720000,www.duval.realtaxdeed.com,2026-08-12T13:25:06+00:00
duval,09/16/2026,,143830-0000,2026-0228TD,14098-2024,,"309 CENTURY ST, JACKSONVILLE, FL- 32211",,,42599.0,79006.0,Redeemed,TAXDEED,https://www.duval.realtaxdeed.com/index.cfm?zaction=AUCTION&Zmethod=PREVIEW&AUCTIONDATE=09/16/2026,https://paopropertysearch.coj.net/Basic/Detail.aspx?RE=1438300000,www.duval.realtaxdeed.com,2026-08-12T13:25:06+00:00
duval,09/16/2026,09:00 AM ET,147707-0000,2026-0266TD,14372-2024,,"5536 BISHOP LN, JACKSONVILLE, FL- 32207",,,11602.25,169886.0,09/16/2026 09:00 AM ET,TAXDEED,https://www.duval.realtaxdeed.com/index.cfm?zaction=AUCTION&Zmethod=PREVIEW&AUCTIONDATE=09/16/2026,https://paopropertysearch.coj.net/Basic/Detail.aspx?RE=1477070000,www.duval.realtaxdeed.com,2026-08-12T13:25:06+00:00
duval,09/16/2026,,147979-1012,2026-0287TD,14388-2024,,"5524 COMMUNITY OAKS CT, JACKSONVILLE, FL- 32207",,,11192.88,155490.0,Redeemed,TAXDEED,https://www.duval.realtaxdeed.com/index.cfm?zaction=AUCTION&Zmethod=PREVIEW&AUCTIONDATE=09/16/2026,https://paopropertysearch.coj.net/Basic/Detail.aspx?RE=1479791012,www.duval.realtaxdeed.com,2026-08-12T13:25:06+00:00
duval,09/16/2026,09:00 AM ET,147980-1605,2026-0297TD,14394-2024,,"9823 TAPESTRY PARK CIR 110, JACKSONVILLE, FL- 32246",,,11243.04,237500.0,09/16/2026 09:00 AM ET,TAXDEED,https://www.duval.realtaxdeed.com/index.cfm?zaction=AUCTION&Zmethod=PREVIEW&AUCTIONDATE=09/16/2026,https://paopropertysearch.coj.net/Basic/Detail.aspx?RE=1479801605,www.duval.realtaxdeed.com,2026-08-12T13:25:06+00:00
duval,09/16/2026,09:00 AM ET,147983-0655,2026-0358TD,14410-2024,,"9551 SUGAR HOLLOW LN, JACKSONVILLE, FL- 32256",,,17485.4,265007.0,09/16/2026 09:00 AM ET,TAXDEED,https://www.duval.realtaxdeed.com/index.cfm?zaction=AUCTION&Zmethod=PREVIEW&AUCTIONDATE=09/16/2026,https://paopropertysearch.coj.net/Basic/Detail.aspx?RE=1479830655,www.duval.realtaxdeed.com,2026-08-12T13:25:06+00:00
duval,09/16/2026,09:00 AM ET,148515-0538,2026-0308TD,14475-2024,,"4770 W SAN JOSE MANOR DR 3, JACKSONVILLE, FL- 32217",,,8102.64,109122.0,09/16/2026 09:00 AM ET,TAXDEED,https://www.duval.realtaxdeed.com/index.cfm?zaction=AUCTION&Zmethod=PREVIEW&AUCTIONDATE=09/16/2026,https://paopropertysearch.coj.net/Basic/Detail.aspx?RE=1485150538,www.duval.realtaxdeed.com,2026-08-12T13:25:06+00:00
duval,09/16/2026,09:00 AM ET,148515-0540,2026-0324TD,14476-2024,,"4770 W SAN JOSE MANOR DR 4, JACKSONVILLE, FL- 32217",,,8161.13,110049.0,09/16/2026 09:00 AM ET,TAXDEED,https://www.duval.realtaxdeed.com/index.cfm?zaction=AUCTION&Zmethod=PREVIEW&AUCTIONDATE=09/16/2026,https://paopropertysearch.coj.net/Basic/Detail.aspx?RE=1485150540,www.duval.realtaxdeed.com,2026-08-12T13:25:06+00:00
duval,09/16/2026,,148657-1510,2026-0247TD,14552-2024,,"8880 S OLD KINGS RD 4, JACKSONVILLE, FL- 32257",,,3661.1,93000.0,Redeemed,TAXDEED,https://www.duval.realtaxdeed.com/index.cfm?zaction=AUCTION&Zmethod=PREVIEW&AUCTIONDATE=09/16/2026,https://paopropertysearch.coj.net/Basic/Detail.aspx?RE=1486571510,www.duval.realtaxdeed.com,2026-08-12T13:25:06+00:00
duval,09/16/2026,09:00 AM ET,148924-0110,2026-0238TD,14591-2024,,"3099 CORNELIA DR, JACKSONVILLE, FL- 32257",,,20373.49,323759.0,09/16/2026 09:00 AM ET,TAXDEED,https://www.duval.realtaxdeed.com/index.cfm?zaction=AUCTION&Zmethod=PREVIEW&AUCTIONDATE=09/16/2026,https://paopropertysearch.coj.net/Basic/Detail.aspx?RE=1489240110,www.duval.realtaxdeed.com,2026-08-12T13:25:06+00:00
duval,09/16/2026,,154378-3705,2026-0328TD,14982-2024,,"8439 TWISTED VINE CT, JACKSONVILLE, FL- 32216",,,17888.23,237157.0,Redeemed,TAXDEED,https://www.duval.realtaxdeed.com/index.cfm?zaction=AUCTION&Zmethod=PREVIEW&AUCTIONDATE=09/16/2026,https://paopropertysearch.coj.net/Basic/Detail.aspx?RE=1543783705,www.duval.realtaxdeed.com,2026-08-12T13:25:06+00:00
duval,09/16/2026,09:00 AM ET,154378-4050,2026-0350TD,14985-2024,,"3173 HOLLOW TREE CT, JACKSONVILLE, FL- 32216",,,16902.41,220546.0,09/16/2026 09:00 AM ET,TAXDEED,https://www.duval.realtaxdeed.com/index.cfm?zaction=AUCTION&Zmethod=PREVIEW&AUCTIONDATE=09/16/2026,https://paopropertysearch.coj.net/Basic/Detail.aspx?RE=1543784050,www.duval.realtaxdeed.com,2026-08-12T13:25:06+00:00
duval,09/16/2026,09:00 AM ET,154445-0010,2026-0307TD,15002-2024,,"7918 MULHALL DR, JACKSONVILLE, FL- 32216",,,8313.56,75533.0,09/16/2026 09:00 AM ET,TAXDEED,https://www.duval.realtaxdeed.com/index.cfm?zaction=AUCTION&Zmethod=PREVIEW&AUCTIONDATE=09/16/2026,https://paopropertysearch.coj.net/Basic/Detail.aspx?RE=1544450010,www.duval.realtaxdeed.com,2026-08-12T13:25:06+00:00
duval,09/16/2026,09:00 AM ET,155922-0090,2026-0163TD,15122-2024,,"2974 HARTLEY RD, JACKSONVILLE, FL- 32257",,,35705.11,621548.0,09/16/2026 09:00 AM ET,TAXDEED,https://www.duval.realtaxdeed.com/index.cfm?zaction=AUCTION&Zmethod=PREVIEW&AUCTIONDATE=09/16/2026,https://paopropertysearch.coj.net/Basic/Detail.aspx?RE=1559220090,www.duval.realtaxdeed.com,2026-08-12T13:25:06+00:00
duval,09/16/2026,,156056-0705,2026-0167TD,15136-2024,,"2915 OLD RIVER RD, JACKSONVILLE, FL- 32223",,,22080.82,336928.0,Redeemed,TAXDEED,https://www.duval.realtaxdeed.com/index.cfm?zaction=AUCTION&Zmethod=PREVIEW&AUCTIONDATE=09/16/2026,https://paopropertysearch.coj.net/Basic/Detail.aspx?RE=1560560705,www.duval.realtaxdeed.com,2026-08-12T13:25:06+00:00
duval,09/16/2026,,158136-3210,2026-0319TD,15321-2024,,"3574 W POND RIDGE CT, JACKSONVILLE, FL- 32223",,,16926.1,267837.0,Redeemed,TAXDEED,https://www.duval.realtaxdeed.com/index.cfm?zaction=AUCTION&Zmethod=PREVIEW&AUCTIONDATE=09/16/2026,https://paopropertysearch.coj.net/Basic/Detail.aspx?RE=1581363210,www.duval.realtaxdeed.com,2026-08-12T13:25:06+00:00
duval,09/16/2026,,162990-0000,2026-0357TD,15816-2024,,"LEE RD, JACKSONVILLE, FL- 32225",,,8021.49,119553.0,Redeemed,TAXDEED,https://www.duval.realtaxdeed.com/index.cfm?zaction=AUCTION&Zmethod=PREVIEW&AUCTIONDATE=09/16/2026,https://paopropertysearch.coj.net/Basic/Detail.aspx?RE=1629900000,www.duval.realtaxdeed.com,2026-08-12T13:25:06+00:00
duval,09/16/2026,,163303-0000,2026-0182TD,15849-2024,,"10130 MERCURY DR, JACKSONVILLE, FL- 32225",,,7111.11,83863.0,Redeemed,TAXDEED,https://www.duval.realtaxdeed.com/index.cfm?zaction=AUCTION&Zmethod=PREVIEW&AUCTIONDATE=09/16/2026,https://paopropertysearch.coj.net/Basic/Detail.aspx?RE=1633030000,www.duval.realtaxdeed.com,2026-08-12T13:25:06+00:00
duval,09/16/2026,09:00 AM ET,163604-0000,2026-0354TD,15862-2024,,"1704 W DIBBLE CIR, JACKSONVILLE, FL- 32246",,,67802.29,121610.0,09/16/2026 09:00 AM ET,TAXDEED,https://www.duval.realtaxdeed.com/index.cfm?zaction=AUCTION&Zmethod=PREVIEW&AUCTIONDATE=09/16/2026,https://paopropertysearch.coj.net/Basic/Detail.aspx?RE=1636040000,www.duval.realtaxdeed.com,2026-08-12T13:25:06+00:00
duval,09/16/2026,09:00 AM ET,164233-0100,2026-0227TD,15908-2024,,"0 CHESTERTON RD, JACKSONVILLE, FL- 32246",,,6723.13,95995.0,09/16/2026 09:00 AM ET,TAXDEED,https://www.duval.realtaxdeed.com/index.cfm?zaction=AUCTION&Zmethod=PREVIEW&AUCTIONDATE=09/16/2026,https://paopropertysearch.coj.net/Basic/Detail.aspx?RE=1642330100,www.duval.realtaxdeed.com,2026-08-12T13:25:06+00:00
duval,09/16/2026,,164599-0000,2026-0232TD,15940-2024,,"1936 S BROOKVIEW DR, JACKSONVILLE, FL- 32246",,,37206.89,67368.0,Redeemed,TAXDEED,https://www.duval.realtaxdeed.com/index.cfm?zaction=AUCTION&Zmethod=PREVIEW&AUCTIONDATE=09/16/2026,https://paopropertysearch.coj.net/Basic/Detail.aspx?RE=1645990000,www.duval.realtaxdeed.com,2026-08-12T13:25:06+00:00
duval,09/16/2026,,165286-5370,2026-0315TD,16032-2024,,"12177 N MILLFORD LN, JACKSONVILLE, FL- 32246",,,106682.33,191607.0,Redeemed,TAXDEED,https://www.duval.realtaxdeed.com/index.cfm?zaction=AUCTION&Zmethod=PREVIEW&AUCTIONDATE=09/16/2026,https://paopropertysearch.coj.net/Basic/Detail.aspx?RE=1652865370,www.duval.realtaxdeed.com,2026-08-12T13:25:06+00:00
duval,09/16/2026,,167316-4805,2026-0330TD,16271-2024,,"13132 S PRINDLE DR, JACKSONVILLE, FL- 32225",,,73435.17,140496.0,Redeemed,TAXDEED,https://www.duval.realtaxdeed.com/index.cfm?zaction=AUCTION&Zmethod=PREVIEW&AUCTIONDATE=09/16/2026,https://paopropertysearch.coj.net/Basic/Detail.aspx?RE=1673164805,www.duval.realtaxdeed.com,2026-08-12T13:25:06+00:00
duval,09/16/2026,,167725-5038,2026-0253TD,16351-2024,,"10000 N GATE PKWY 216, JACKSONVILLE, FL- 32246",,,11756.53,172000.0,Redeemed,TAXDEED,https://www.duval.realtaxdeed.com/index.cfm?zaction=AUCTION&Zmethod=PREVIEW&AUCTIONDATE=09/16/2026,https://paopropertysearch.coj.net/Basic/Detail.aspx?RE=1677255038,www.duval.realtaxdeed.com,2026-08-12T13:25:06+00:00
duval,09/16/2026,,167865-1640,2026-0327TD,16542-2024,,"11223 E PHILLIPS PARKWAY DR, JACKSONVILLE, FL- 32256",,,76041.83,1105363.0,Redeemed,TAXDEED,https://www.duval.realtaxdeed.com/index.cfm?zaction=AUCTION&Zmethod=PREVIEW&AUCTIONDATE=09/16/2026,https://paopropertysearch.coj.net/Basic/Detail.aspx?RE=1678651640,www.duval.realtaxdeed.com,2026-08-12T13:25:06+00:00
duval,09/16/2026,09:00 AM ET,168135-1148,2026-0184TD,16588-2024,,"BARTRAM PARK BLVD, JACKSONVILLE, FL- 32258",,,4751.81,44639.0,09/16/2026 09:00 AM ET,TAXDEED,https://www.duval.realtaxdeed.com/index.cfm?zaction=AUCTION&Zmethod=PREVIEW&AUCTIONDATE=09/16/2026,https://paopropertysearch.coj.net/Basic/Detail.aspx?RE=1681351148,www.duval.realtaxdeed.com,2026-08-12T13:25:06+00:00
duval,09/16/2026,,172131-0000,2026-0168TD,16791-2024,,"1812 RICHARD RD, ATLANTIC BEACH, FL- 32233",,,3219.65,32041.0,Redeemed,TAXDEED,https://www.duval.realtaxdeed.com/index.cfm?zaction=AUCTION&Zmethod=PREVIEW&AUCTIONDATE=09/16/2026,https://paopropertysearch.coj.net/Basic/Detail.aspx?RE=1721310000,www.duval.realtaxdeed.com,2026-08-12T13:25:06+00:00
duval,09/16/2026,,175333-0000,2026-0222TD,16903-2024,,"1304 N 15TH AVE, JACKSONVILLE BEACH, FL- 32250",,,108008.33,194492.0,Redeemed,TAXDEED,https://www.duval.realtaxdeed.com/index.cfm?zaction=AUCTION&Zmethod=PREVIEW&AUCTIONDATE=09/16/2026,https://paopropertysearch.coj.net/Basic/Detail.aspx?RE=1753330000,www.duval.realtaxdeed.com,2026-08-12T13:25:06+00:00
duval,09/16/2026,,175429-0000,2026-0299TD,16905-2024,,"1909 N 3RD ST, JACKSONVILLE BEACH, FL- 32250",,,29336.58,482669.0,Redeemed,TAXDEED,https://www.duval.realtaxdeed.com/index.cfm?zaction=AUCTION&Zmethod=PREVIEW&AUCTIONDATE=09/16/2026,https://paopropertysearch.coj.net/Basic/Detail.aspx?RE=1754290000,www.duval.realtaxdeed.com,2026-08-12T13:25:06+00:00
duval,09/16/2026,09:00 AM ET,175596-0000,2026-0340TD,16912-2024,,"109 S 2ND ST, JACKSONVILLE BEACH, FL- 32250",,,19885.62,1045832.0,09/16/2026 09:00 AM ET,TAXDEED,https://www.duval.realtaxdeed.com/index.cfm?zaction=AUCTION&Zmethod=PREVIEW&AUCTIONDATE=09/16/2026,https://paopropertysearch.coj.net/Basic/Detail.aspx?RE=1755960000,www.duval.realtaxdeed.com,2026-08-12T13:25:06+00:00
duval,09/16/2026,09:00 AM ET,175710-0000,2026-0304TD,16915-2024,,"522 S 2ND AVE, JACKSONVILLE BEACH, FL- 32250",,,216757.43,377904.0,09/16/2026 09:00 AM ET,TAXDEED,https://www.duval.realtaxdeed.com/index.cfm?zaction=AUCTION&Zmethod=PREVIEW&AUCTIONDATE=09/16/2026,https://paopropertysearch.coj.net/Basic/Detail.aspx?RE=1757100000,www.duval.realtaxdeed.com,2026-08-12T13:25:06+00:00
duval,09/16/2026,,177224-0000,2026-0242TD,16980-2024,,"14420 SAN PABLO DR, JACKSONVILLE, FL- 32224",,,166761.66,302462.0,Redeemed,TAXDEED,https://www.duval.realtaxdeed.com/index.cfm?zaction=AUCTION&Zmethod=PREVIEW&AUCTIONDATE=09/16/2026,https://paopropertysearch.coj.net/Basic/Detail.aspx?RE=1772240000,www.duval.realtaxdeed.com,2026-08-12T13:25:06+00:00
duval,09/16/2026,,181779-0560,2026-0320TD,17108-2024,,"1535 THE GREENS WAY, JACKSONVILLE BEACH, FL- 32250",,,43294.41,663200.0,Redeemed,TAXDEED,https://www.duval.realtaxdeed.com/index.cfm?zaction=AUCTION&Zmethod=PREVIEW&AUCTIONDATE=09/16/2026,https://paopropertysearch.coj.net/Basic/Detail.aspx?RE=1817790560,www.duval.realtaxdeed.com,2026-08-12T13:25:06+00:00
duval,09/16/2026,,181780-0278,2026-0322TD,17112-2024,,"1701 THE GREENS WAY 1215, JACKSONVILLE BEACH, FL- 32250",,,14808.13,212500.0,Redeemed,TAXDEED,https://www.duval.realtaxdeed.com/index.cfm?zaction=AUCTION&Zmethod=PREVIEW&AUCTIONDATE=09/16/2026,https://paopropertysearch.coj.net/Basic/Detail.aspx?RE=1817800278,www.duval.realtaxdeed.com,2026-08-12T13:25:06+00:00
duval,10/14/2026,09:00 AM ET,016464-5684,2026-0341TD,02382-2024,,"9069 PROSPERITY LAKE DR, JACKSONVILLE, FL- 32244",,,101083.49,182080.0,10/14/2026 09:00 AM ET,TAXDEED,https://www.duval.realtaxdeed.com/index.cfm?zaction=AUCTION&Zmethod=PREVIEW&AUCTIONDATE=10/14/2026,https://paopropertysearch.coj.net/Basic/Detail.aspx?RE=0164645684,www.duval.realtaxdeed.com,2026-08-12T13:25:13+00:00
duval,10/14/2026,09:00 AM ET,026843-0000,2026-0622TD,03601-2024,,"RUTLEDGE AVE, JACKSONVILLE, FL- 32208",,,4378.39,18471.0,10/14/2026 09:00 AM ET,TAXDEED,https://www.duval.realtaxdeed.com/index.cfm?zaction=AUCTION&Zmethod=PREVIEW&AUCTIONDATE=10/14/2026,https://paopropertysearch.coj.net/Basic/Detail.aspx?RE=0268430000,www.duval.realtaxdeed.com,2026-08-12T13:25:13+00:00
duval,10/14/2026,09:00 AM ET,029439-0000,2026-0346TD,04002-2024,,"9841 BAYVIEW AVE, JACKSONVILLE, FL- 32208",,,12701.05,216244.0,10/14/2026 09:00 AM ET,TAXDEED,https://www.duval.realtaxdeed.com/index.cfm?zaction=AUCTION&Zmethod=PREVIEW&AUCTIONDATE=10/14/2026,https://paopropertysearch.coj.net/Basic/Detail.aspx?RE=0294390000,www.duval.realtaxdeed.com,2026-08-12T13:25:13+00:00
duval,10/14/2026,09:00 AM ET,036865-0000,2026-0595TD,04912-2024,,"8607 2ND AVE, JACKSONVILLE, FL- 32208",,,5677.37,41385.0,10/14/2026 09:00 AM ET,TAXDEED,https://www.duval.realtaxdeed.com/index.cfm?zaction=AUCTION&Zmethod=PREVIEW&AUCTIONDATE=10/14/2026,https://paopropertysearch.coj.net/Basic/Detail.aspx?RE=0368650000,www.duval.realtaxdeed.com,2026-08-12T13:25:13+00:00
duval,10/14/2026,09:00 AM ET,039928-0084,2026-0604TD,05267-2024,,"9158 SIBBALD RD, JACKSONVILLE, FL- 32208",,,9410.35,131506.0,10/14/2026 09:00 AM ET,TAXDEED,https://www.duval.realtaxdeed.com/index.cfm?zaction=AUCTION&Zmethod=PREVIEW&AUCTIONDATE=10/14/2026,https://paopropertysearch.coj.net/Basic/Detail.aspx?RE=0399280084,www.duval.realtaxdeed.com,2026-08-12T13:25:13+00:00
duval,10/14/2026,09:00 AM ET,046282-0000,2023-0007TD,08330-2016,,"1982 W 16TH ST, JACKSONVILLE, FL- 32209",,,11401.66,8663.0,10/14/2026 09:00 AM ET,TAXDEED,https://www.duval.realtaxdeed.com/index.cfm?zaction=AUCTION&Zmethod=PREVIEW&AUCTIONDATE=10/14/2026,https://paopropertysearch.coj.net/Basic/Detail.aspx?RE=0462820000,www.duval.realtaxdeed.com,2026-08-12T13:25:13+00:00
duval,10/14/2026,09:00 AM ET,073793-0005,2026-0607TD,09004-2024,,"W ADAMS ST, JACKSONVILLE, FL- 32202",,,53126.03,751948.0,10/14/2026 09:00 AM ET,TAXDEED,https://www.duval.realtaxdeed.com/index.cfm?zaction=AUCTION&Zmethod=PREVIEW&AUCTIONDATE=10/14/2026,https://paopropertysearch.coj.net/Basic/Detail.aspx?RE=0737930005,www.duval.realtaxdeed.com,2026-08-12T13:25:13+00:00
duval,10/14/2026,09:00 AM ET,134012-0015,2026-0608TD,13676-2024,,"0 HINELY LANE, JACKSONVILLE, FL- 32216",,,15779.42,271223.0,10/14/2026 09:00 AM ET,TAXDEED,https://www.duval.realtaxdeed.com/index.cfm?zaction=AUCTION&Zmethod=PREVIEW&AUCTIONDATE=10/14/2026,https://paopropertysearch.coj.net/Basic/Detail.aspx?RE=1340120015,www.duval.realtaxdeed.com,2026-08-12T13:25:13+00:00
duval,10/14/2026,09:00 AM ET,160354-0000,2026-0343TD,15549-2024,,"13218 HUGUENOT LN, JACKSONVILLE, FL- 32225",,,20938.04,355171.0,10/14/2026 09:00 AM ET,TAXDEED,https://www.duval.realtaxdeed.com/index.cfm?zaction=AUCTION&Zmethod=PREVIEW&AUCTIONDATE=10/14/2026,https://paopropertysearch.coj.net/Basic/Detail.aspx?RE=1603540000,www.duval.realtaxdeed.com,2026-08-12T13:25:13+00:00
duval,10/14/2026,09:00 AM ET,160953-1030,2026-0348TD,15602-2024,,"14126 TOMAS POINT LN, JACKSONVILLE, FL- 32225",,,95440.54,171172.0,10/14/2026 09:00 AM ET,TAXDEED,https://www.duval.realtaxdeed.com/index.cfm?zaction=AUCTION&Zmethod=PREVIEW&AUCTIONDATE=10/14/2026,https://paopropertysearch.coj.net/Basic/Detail.aspx?RE=1609531030,www.duval.realtaxdeed.com,2026-08-12T13:25:13+00:00
duval,10/14/2026,09:00 AM ET,168136-6335,2026-0606TD,16599-2024,,"14645 BARTRAM CREEK BLVD, JACKSONVILLE, FL- 32259",,,22247.82,329683.0,10/14/2026 09:00 AM ET,TAXDEED,https://www.duval.realtaxdeed.com/index.cfm?zaction=AUCTION&Zmethod=PREVIEW&AUCTIONDATE=10/14/2026,https://paopropertysearch.coj.net/Basic/Detail.aspx?RE=1681366335,www.duval.realtaxdeed.com,2026-08-12T13:25:13+00:00
duval,10/14/2026,09:00 AM ET,172129-0305,2026-0601TD,16789-2024,,"0 STANLEY RD, ATLANTIC BEACH, FL- 32233",,,2839.1,20324.0,10/14/2026 09:00 AM ET,TAXDEED,https://www.duval.realtaxdeed.com/index.cfm?zaction=AUCTION&Zmethod=PREVIEW&AUCTIONDATE=10/14/2026,https://paopropertysearch.coj.net/Basic/Detail.aspx?RE=1721290305,www.duval.realtaxdeed.com,2026-08-12T13:25:13+00:00
duval,10/14/2026,09:00 AM ET,172129-0320,2026-0602TD,16790-2024,,"0 STANLEY RD, ATLANTIC BEACH, FL- 32233",,,2950.65,20324.0,10/14/2026 09:00 AM ET,TAXDEED,https://www.duval.realtaxdeed.com/index.cfm?zaction=AUCTION&Zmethod=PREVIEW&AUCTIONDATE=10/14/2026,https://paopropertysearch.coj.net/Basic/Detail.aspx?RE=1721290320,www.duval.realtaxdeed.com,2026-08-12T13:25:13+00:00
duval,10/14/2026,09:00 AM ET,175361-0000,2026-0347TD,16904-2024,,"1103 N 15TH AVE, JACKSONVILLE BEACH, FL- 32250",,,36613.23,614776.0,10/14/2026 09:00 AM ET,TAXDEED,https://www.duval.realtaxdeed.com/index.cfm?zaction=AUCTION&Zmethod=PREVIEW&AUCTIONDATE=10/14/2026,https://paopropertysearch.coj.net/Basic/Detail.aspx?RE=1753610000,www.duval.realtaxdeed.com,2026-08-12T13:25:13+00:00
duval,10/14/2026,09:00 AM ET,180521-0100,2026-0605TD,17085-2024,,"403 ST AUGUSTINE BLVD, JACKSONVILLE BEACH, FL- 32250",,,27751.87,692037.0,10/14/2026 09:00 AM ET,TAXDEED,https://www.duval.realtaxdeed.com/index.cfm?zaction=AUCTION&Zmethod=PREVIEW&AUCTIONDATE=10/14/2026,https://paopropertysearch.coj.net/Basic/Detail.aspx?RE=1805210100,www.duval.realtaxdeed.com,2026-08-12T13:25:13+00:00
