County	Sale Date	Sale Time	Parcel ID	Case #	Certificate #	Owner	Mailing Address	Property Address	Property Use	Acres	Opening Bid	Assessed Value	Bid/Value %	Buy-Box	Buy-Box Notes	Status	Auction Page	Appraiser Record	Clerk Case File	Deed Status	Case Flags	Latitude	Longitude
marion	08/19/2026	09:00 AM ET	0051-103-015	4862016	4862016			NO SITUS, FORT MCCOY, FL- 32134			3919.74	4519.0	87	REVIEW	target county; property use unknown — verify on appraiser site	Scheduled	https://www.marion.realtaxdeed.com/index.cfm?zaction=AUCTION&Zmethod=PREVIEW&AUCTIONDATE=08/19/2026	http://www.pa.marion.fl.us/PRC.aspx?key=17922&YR=2026&mName=False&mSitus=False					
marion	08/19/2026	09:00 AM ET	0052-017-018	5512021	5512021			NO SITUS, FORT MCCOY, FL- 32134			3248.06	5568.0	58	REVIEW	target county; property use unknown — verify on appraiser site	Scheduled	https://www.marion.realtaxdeed.com/index.cfm?zaction=AUCTION&Zmethod=PREVIEW&AUCTIONDATE=08/19/2026	http://www.pa.marion.fl.us/PRC.aspx?key=2420073&YR=2026&mName=False&mSitus=False					
marion	08/19/2026		1661-012-004	51622021	51622021			13180 NE 40TH PL, SILVER SPRINGS, FL- 34488			101151.83	191783.0	53	REVIEW	target county; property use unknown — verify on appraiser site	Redeemed	https://www.marion.realtaxdeed.com/index.cfm?zaction=AUCTION&Zmethod=PREVIEW&AUCTIONDATE=08/19/2026	http://www.pa.marion.fl.us/PRC.aspx?key=318248&YR=2026&mName=False&mSitus=False				29.227482	-81.936993
marion	08/19/2026	09:00 AM ET	1741-005-006	62692017	62692017			NO SITUS, DUNNELLON, FL- 34432			13442.47	9647.0	139	REVIEW	target county; property use unknown — verify on appraiser site	Scheduled	https://www.marion.realtaxdeed.com/index.cfm?zaction=AUCTION&Zmethod=PREVIEW&AUCTIONDATE=08/19/2026	http://www.pa.marion.fl.us/PRC.aspx?key=346446&YR=2026&mName=False&mSitus=False					
marion	08/19/2026	09:00 AM ET	1807-014-016	70092018	70092018			NO SITUS, DUNNELLON, FL- 34431			5519.68	6844.0	81	REVIEW	target county; property use unknown — verify on appraiser site	Scheduled	https://www.marion.realtaxdeed.com/index.cfm?zaction=AUCTION&Zmethod=PREVIEW&AUCTIONDATE=08/19/2026	http://www.pa.marion.fl.us/PRC.aspx?key=407381&YR=2026&mName=False&mSitus=False					
marion	08/19/2026	09:00 AM ET	2001-002-020	87422017	87422017			NO SITUS, OCALA, FL- 34481			6934.09	3543.0	196	REVIEW	target county; property use unknown — verify on appraiser site	Scheduled	https://www.marion.realtaxdeed.com/index.cfm?zaction=AUCTION&Zmethod=PREVIEW&AUCTIONDATE=08/19/2026	http://www.pa.marion.fl.us/PRC.aspx?key=478008&YR=2026&mName=False&mSitus=False					
marion	08/19/2026	09:00 AM ET	2001-003-012	87452017	87452017			NO SITUS, OCALA, FL- 34481			6878.12	3543.0	194	REVIEW	target county; property use unknown — verify on appraiser site	Scheduled	https://www.marion.realtaxdeed.com/index.cfm?zaction=AUCTION&Zmethod=PREVIEW&AUCTIONDATE=08/19/2026	http://www.pa.marion.fl.us/PRC.aspx?key=478172&YR=2026&mName=False&mSitus=False					
marion	08/19/2026	09:00 AM ET	2001-004-009	87472017	87472017			NO SITUS, OCALA, FL- 34481			6821.28	3543.0	193	REVIEW	target county; property use unknown — verify on appraiser site	Scheduled	https://www.marion.realtaxdeed.com/index.cfm?zaction=AUCTION&Zmethod=PREVIEW&AUCTIONDATE=08/19/2026	http://www.pa.marion.fl.us/PRC.aspx?key=478342&YR=2026&mName=False&mSitus=False					
marion	08/19/2026	09:00 AM ET	2001-004-021	87492017	87492017			NO SITUS, OCALA, FL- 34481			6941.77	3543.0	196	REVIEW	target county; property use unknown — verify on appraiser site	Scheduled	https://www.marion.realtaxdeed.com/index.cfm?zaction=AUCTION&Zmethod=PREVIEW&AUCTIONDATE=08/19/2026	http://www.pa.marion.fl.us/PRC.aspx?key=2709022&YR=2026&mName=False&mSitus=False					
marion	08/19/2026		2001-005-018	87552017	87552017			NO SITUS, OCALA, FL- 34481			6886.21	3543.0	194	REVIEW	target county; property use unknown — verify on appraiser site	Redeemed	https://www.marion.realtaxdeed.com/index.cfm?zaction=AUCTION&Zmethod=PREVIEW&AUCTIONDATE=08/19/2026	http://www.pa.marion.fl.us/PRC.aspx?key=478598&YR=2026&mName=False&mSitus=False					
marion	08/19/2026		2001-005-019	87562017	87562017			NO SITUS, OCALA, FL- 34481			6886.21	3543.0	194	REVIEW	target county; property use unknown — verify on appraiser site	Redeemed	https://www.marion.realtaxdeed.com/index.cfm?zaction=AUCTION&Zmethod=PREVIEW&AUCTIONDATE=08/19/2026	http://www.pa.marion.fl.us/PRC.aspx?key=478601&YR=2026&mName=False&mSitus=False					
marion	08/19/2026	09:00 AM ET	2003-137-007	84692021	84692021			NO SITUS, OCALA, FL- 34481			3986.58	7086.0	56	REVIEW	target county; property use unknown — verify on appraiser site	Scheduled	https://www.marion.realtaxdeed.com/index.cfm?zaction=AUCTION&Zmethod=PREVIEW&AUCTIONDATE=08/19/2026	http://www.pa.marion.fl.us/PRC.aspx?key=498599&YR=2026&mName=False&mSitus=False					
marion	08/19/2026	09:00 AM ET	2003-147-015	85072021	85072021			NO SITUS, OCALA, FL- 34481			4385.37	7086.0	62	REVIEW	target county; property use unknown — verify on appraiser site	Scheduled	https://www.marion.realtaxdeed.com/index.cfm?zaction=AUCTION&Zmethod=PREVIEW&AUCTIONDATE=08/19/2026	http://www.pa.marion.fl.us/PRC.aspx?key=499633&YR=2026&mName=False&mSitus=False					
marion	08/19/2026	09:00 AM ET	2004-176-021	94622017	94622017			NO SITUS, OCALA, FL- 34481			3329.44	3543.0	94	REVIEW	target county; property use unknown — verify on appraiser site	Scheduled	https://www.marion.realtaxdeed.com/index.cfm?zaction=AUCTION&Zmethod=PREVIEW&AUCTIONDATE=08/19/2026	http://www.pa.marion.fl.us/PRC.aspx?key=503568&YR=2026&mName=False&mSitus=False					
marion	08/19/2026	09:00 AM ET	2004-176-048	86432021	86432021			NO SITUS, OCALA, FL- 34481			3256.5	3543.0	92	REVIEW	target county; property use unknown — verify on appraiser site	Scheduled	https://www.marion.realtaxdeed.com/index.cfm?zaction=AUCTION&Zmethod=PREVIEW&AUCTIONDATE=08/19/2026	http://www.pa.marion.fl.us/PRC.aspx?key=503711&YR=2026&mName=False&mSitus=False					
marion	08/19/2026	09:00 AM ET	2004-177-002	94672017	94672017			NO SITUS, OCALA, FL- 34481			3268.13	3543.0	92	REVIEW	target county; property use unknown — verify on appraiser site	Scheduled	https://www.marion.realtaxdeed.com/index.cfm?zaction=AUCTION&Zmethod=PREVIEW&AUCTIONDATE=08/19/2026	http://www.pa.marion.fl.us/PRC.aspx?key=503738&YR=2026&mName=False&mSitus=False					
marion	08/19/2026	09:00 AM ET	2004-177-006	94682017	94682017			NO SITUS, OCALA, FL- 34481			3276.97	3543.0	92	REVIEW	target county; property use unknown — verify on appraiser site	Scheduled	https://www.marion.realtaxdeed.com/index.cfm?zaction=AUCTION&Zmethod=PREVIEW&AUCTIONDATE=08/19/2026	http://www.pa.marion.fl.us/PRC.aspx?key=3466403&YR=2026&mName=False&mSitus=False					
marion	08/19/2026	09:00 AM ET	2004-191-033	98042020	98042020			NO SITUS, OCALA, FL- 34481			3538.52	7086.0	50	REVIEW	target county; property use unknown — verify on appraiser site	Scheduled	https://www.marion.realtaxdeed.com/index.cfm?zaction=AUCTION&Zmethod=PREVIEW&AUCTIONDATE=08/19/2026	http://www.pa.marion.fl.us/PRC.aspx?key=506303&YR=2026&mName=False&mSitus=False					
marion	08/19/2026	09:00 AM ET	2004-204-014	87672021	87672021			NO SITUS, OCALA, FL- 34481			4867.77	7086.0	69	REVIEW	target county; property use unknown — verify on appraiser site	Scheduled	https://www.marion.realtaxdeed.com/index.cfm?zaction=AUCTION&Zmethod=PREVIEW&AUCTIONDATE=08/19/2026	http://www.pa.marion.fl.us/PRC.aspx?key=507521&YR=2026&mName=False&mSitus=False					
marion	08/19/2026	09:00 AM ET	2004-208-019	93182018	93182018			NO SITUS, OCALA, FL- 34481			2867.4	3543.0	81	REVIEW	target county; property use unknown — verify on appraiser site	Scheduled	https://www.marion.realtaxdeed.com/index.cfm?zaction=AUCTION&Zmethod=PREVIEW&AUCTIONDATE=08/19/2026	http://www.pa.marion.fl.us/PRC.aspx?key=3417321&YR=2026&mName=False&mSitus=False					
marion	08/19/2026	09:00 AM ET	2004-216-015	88402021	88402021			NO SITUS, OCALA, FL- 34481			4846.87	7086.0	68	REVIEW	target county; property use unknown — verify on appraiser site	Scheduled	https://www.marion.realtaxdeed.com/index.cfm?zaction=AUCTION&Zmethod=PREVIEW&AUCTIONDATE=08/19/2026	http://www.pa.marion.fl.us/PRC.aspx?key=509191&YR=2026&mName=False&mSitus=False					
marion	08/19/2026		2004-228-036	100062020	100062020			NO SITUS, OCALA, FL- 34481			3460.48	7086.0	49	REVIEW	target county; property use unknown — verify on appraiser site	Redeemed	https://www.marion.realtaxdeed.com/index.cfm?zaction=AUCTION&Zmethod=PREVIEW&AUCTIONDATE=08/19/2026	http://www.pa.marion.fl.us/PRC.aspx?key=511641&YR=2026&mName=False&mSitus=False					
marion	08/19/2026	09:00 AM ET	2004-231-007	100172020	100172020			NO SITUS, OCALA, FL- 34481			3581.13	7086.0	51	REVIEW	target county; property use unknown — verify on appraiser site	Scheduled	https://www.marion.realtaxdeed.com/index.cfm?zaction=AUCTION&Zmethod=PREVIEW&AUCTIONDATE=08/19/2026	http://www.pa.marion.fl.us/PRC.aspx?key=512010&YR=2026&mName=False&mSitus=False					
marion	08/19/2026	09:00 AM ET	2004-239-018	89802021	89802021			NO SITUS, OCALA, FL- 34481			4794.98	7086.0	68	REVIEW	target county; property use unknown — verify on appraiser site	Scheduled	https://www.marion.realtaxdeed.com/index.cfm?zaction=AUCTION&Zmethod=PREVIEW&AUCTIONDATE=08/19/2026	http://www.pa.marion.fl.us/PRC.aspx?key=513121&YR=2026&mName=False&mSitus=False					
marion	08/19/2026	09:00 AM ET	2004-240-026	89832021	89832021			NO SITUS, OCALA, FL- 34481			3237.49	3543.0	91	REVIEW	target county; property use unknown — verify on appraiser site	Scheduled	https://www.marion.realtaxdeed.com/index.cfm?zaction=AUCTION&Zmethod=PREVIEW&AUCTIONDATE=08/19/2026	http://www.pa.marion.fl.us/PRC.aspx?key=513296&YR=2026&mName=False&mSitus=False					
marion	08/19/2026	09:00 AM ET	2004-240-027	89842021	89842021			NO SITUS, OCALA, FL- 34481			3237.49	3543.0	91	REVIEW	target county; property use unknown — verify on appraiser site	Scheduled	https://www.marion.realtaxdeed.com/index.cfm?zaction=AUCTION&Zmethod=PREVIEW&AUCTIONDATE=08/19/2026	http://www.pa.marion.fl.us/PRC.aspx?key=3384555&YR=2026&mName=False&mSitus=False					
marion	08/19/2026	09:00 AM ET	2004-240-028	89852021	89852021			NO SITUS, OCALA, FL- 34481			3238.32	3543.0	91	REVIEW	target county; property use unknown — verify on appraiser site	Scheduled	https://www.marion.realtaxdeed.com/index.cfm?zaction=AUCTION&Zmethod=PREVIEW&AUCTIONDATE=08/19/2026	http://www.pa.marion.fl.us/PRC.aspx?key=3384563&YR=2026&mName=False&mSitus=False					
marion	08/19/2026	09:00 AM ET	2004-245-009	90012021	90012021			NO SITUS, OCALA, FL- 34481			4312.36	7086.0	61	REVIEW	target county; property use unknown — verify on appraiser site	Scheduled	https://www.marion.realtaxdeed.com/index.cfm?zaction=AUCTION&Zmethod=PREVIEW&AUCTIONDATE=08/19/2026	http://www.pa.marion.fl.us/PRC.aspx?key=513873&YR=2026&mName=False&mSitus=False					
marion	08/19/2026	09:00 AM ET	2301-005-021	113622017	113622017			NO SITUS, OCALA, FL- 34482			4338.62	4348.0	100	REVIEW	target county; property use unknown — verify on appraiser site	Scheduled	https://www.marion.realtaxdeed.com/index.cfm?zaction=AUCTION&Zmethod=PREVIEW&AUCTIONDATE=08/19/2026	http://www.pa.marion.fl.us/PRC.aspx?key=566594&YR=2026&mName=False&mSitus=False					
marion	08/19/2026	09:00 AM ET	2302-008-031	113702017	113702017			NO SITUS, OCALA, FL- 34482			7207.69	8697.0	83	REVIEW	target county; property use unknown — verify on appraiser site	Scheduled	https://www.marion.realtaxdeed.com/index.cfm?zaction=AUCTION&Zmethod=PREVIEW&AUCTIONDATE=08/19/2026	http://www.pa.marion.fl.us/PRC.aspx?key=566934&YR=2026&mName=False&mSitus=False					
marion	08/19/2026	09:00 AM ET	2302-010-031	113812017	113812017			NO SITUS, OCALA, FL- 34482			4358.02	4348.0	100	REVIEW	target county; property use unknown — verify on appraiser site	Scheduled	https://www.marion.realtaxdeed.com/index.cfm?zaction=AUCTION&Zmethod=PREVIEW&AUCTIONDATE=08/19/2026	http://www.pa.marion.fl.us/PRC.aspx?key=567345&YR=2026&mName=False&mSitus=False					
marion	08/19/2026	09:00 AM ET	2302-010-106	113832017	113832017			NO SITUS, OCALA, FL- 34482			6512.64	8697.0	75	REVIEW	target county; property use unknown — verify on appraiser site	Scheduled	https://www.marion.realtaxdeed.com/index.cfm?zaction=AUCTION&Zmethod=PREVIEW&AUCTIONDATE=08/19/2026	http://www.pa.marion.fl.us/PRC.aspx?key=567418&YR=2026&mName=False&mSitus=False					
marion	08/19/2026	09:00 AM ET	2303-008-088	113912017	113912017			NO SITUS, OCALA, FL- 34482			4293.1	4348.0	99	REVIEW	target county; property use unknown — verify on appraiser site	Scheduled	https://www.marion.realtaxdeed.com/index.cfm?zaction=AUCTION&Zmethod=PREVIEW&AUCTIONDATE=08/19/2026	http://www.pa.marion.fl.us/PRC.aspx?key=567973&YR=2026&mName=False&mSitus=False					
marion	08/19/2026	09:00 AM ET	2303-011-046	113992017	113992017			NO SITUS, OCALA, FL- 34482			5129.96	4348.0	118	REVIEW	target county; property use unknown — verify on appraiser site	Scheduled	https://www.marion.realtaxdeed.com/index.cfm?zaction=AUCTION&Zmethod=PREVIEW&AUCTIONDATE=08/19/2026	http://www.pa.marion.fl.us/PRC.aspx?key=568210&YR=2026&mName=False&mSitus=False					
marion	08/19/2026	09:00 AM ET	2303-011-082	114012017	114012017			5811 NW 1ST ST, OCALA, FL- 34482			6558.33	8697.0	75	REVIEW	target county; property use unknown — verify on appraiser site	Scheduled	https://www.marion.realtaxdeed.com/index.cfm?zaction=AUCTION&Zmethod=PREVIEW&AUCTIONDATE=08/19/2026	http://www.pa.marion.fl.us/PRC.aspx?key=568261&YR=2026&mName=False&mSitus=False				29.187496	-82.21555
marion	08/19/2026	09:00 AM ET	2303-014-069	114052017	114052017			NO SITUS, OCALA, FL- 34482			6624.98	8697.0	76	REVIEW	target county; property use unknown — verify on appraiser site	Scheduled	https://www.marion.realtaxdeed.com/index.cfm?zaction=AUCTION&Zmethod=PREVIEW&AUCTIONDATE=08/19/2026	http://www.pa.marion.fl.us/PRC.aspx?key=568562&YR=2026&mName=False&mSitus=False					
marion	08/19/2026		2304-016-025	114102017	114102017			NO SITUS, OCALA, FL- 34482			4727.91	4348.0	109	REVIEW	target county; property use unknown — verify on appraiser site	Redeemed	https://www.marion.realtaxdeed.com/index.cfm?zaction=AUCTION&Zmethod=PREVIEW&AUCTIONDATE=08/19/2026	http://www.pa.marion.fl.us/PRC.aspx?key=2091509&YR=2026&mName=False&mSitus=False					
marion	08/19/2026		2304-016-031	114112017	114112017			NO SITUS, OCALA, FL- 34482			4747.07	4348.0	109	REVIEW	target county; property use unknown — verify on appraiser site	Redeemed	https://www.marion.realtaxdeed.com/index.cfm?zaction=AUCTION&Zmethod=PREVIEW&AUCTIONDATE=08/19/2026	http://www.pa.marion.fl.us/PRC.aspx?key=568767&YR=2026&mName=False&mSitus=False					
marion	08/19/2026		2304-016-034	114122017	114122017			NO SITUS, OCALA, FL- 34482			4747.07	4348.0	109	REVIEW	target county; property use unknown — verify on appraiser site	Redeemed	https://www.marion.realtaxdeed.com/index.cfm?zaction=AUCTION&Zmethod=PREVIEW&AUCTIONDATE=08/19/2026	http://www.pa.marion.fl.us/PRC.aspx?key=568775&YR=2026&mName=False&mSitus=False					
marion	08/19/2026	09:00 AM ET	2304-017-069	114192017	114192017			NO SITUS, OCALA, FL- 34482			7142.77	8697.0	82	REVIEW	target county; property use unknown — verify on appraiser site	Scheduled	https://www.marion.realtaxdeed.com/index.cfm?zaction=AUCTION&Zmethod=PREVIEW&AUCTIONDATE=08/19/2026	http://www.pa.marion.fl.us/PRC.aspx?key=569038&YR=2026&mName=False&mSitus=False					
marion	08/19/2026	09:00 AM ET	2304-017-081	114202017	114202017			NO SITUS, OCALA, FL- 34482			5509.09	5798.0	95	REVIEW	target county; property use unknown — verify on appraiser site	Scheduled	https://www.marion.realtaxdeed.com/index.cfm?zaction=AUCTION&Zmethod=PREVIEW&AUCTIONDATE=08/19/2026	http://www.pa.marion.fl.us/PRC.aspx?key=569054&YR=2026&mName=False&mSitus=False					
marion	08/19/2026	09:00 AM ET	2304-020-007	114292017	114292017			NO SITUS, OCALA, FL- 34482			7431.49	8697.0	85	REVIEW	target county; property use unknown — verify on appraiser site	Scheduled	https://www.marion.realtaxdeed.com/index.cfm?zaction=AUCTION&Zmethod=PREVIEW&AUCTIONDATE=08/19/2026	http://www.pa.marion.fl.us/PRC.aspx?key=569402&YR=2026&mName=False&mSitus=False					
marion	08/19/2026	09:00 AM ET	2304-020-064	114332017	114332017			NO SITUS, OCALA, FL- 34482			4652.84	4348.0	107	REVIEW	target county; property use unknown — verify on appraiser site	Scheduled	https://www.marion.realtaxdeed.com/index.cfm?zaction=AUCTION&Zmethod=PREVIEW&AUCTIONDATE=08/19/2026	http://www.pa.marion.fl.us/PRC.aspx?key=569518&YR=2026&mName=False&mSitus=False					
marion	08/19/2026		2306-001-096	114612017	114612017			NO SITUS, OCALA, FL- 34482			6454.65	7248.0	89	REVIEW	target county; property use unknown — verify on appraiser site	Redeemed	https://www.marion.realtaxdeed.com/index.cfm?zaction=AUCTION&Zmethod=PREVIEW&AUCTIONDATE=08/19/2026	http://www.pa.marion.fl.us/PRC.aspx?key=3407024&YR=2026&mName=False&mSitus=False					
marion	08/19/2026	09:00 AM ET	2309-117-054	115782017	115782017			NO SITUS, OCALA, FL- 34482			2207.91	2124.0	104	REVIEW	target county; property use unknown — verify on appraiser site	Scheduled	https://www.marion.realtaxdeed.com/index.cfm?zaction=AUCTION&Zmethod=PREVIEW&AUCTIONDATE=08/19/2026	http://www.pa.marion.fl.us/PRC.aspx?key=3634853&YR=2026&mName=False&mSitus=False					
marion	08/19/2026	09:00 AM ET	2311-125-040	116322017	116322017			NO SITUS, OCALA, FL- 34482			3087.97	2830.0	109	REVIEW	target county; property use unknown — verify on appraiser site	Scheduled	https://www.marion.realtaxdeed.com/index.cfm?zaction=AUCTION&Zmethod=PREVIEW&AUCTIONDATE=08/19/2026	http://www.pa.marion.fl.us/PRC.aspx?key=576255&YR=2026&mName=False&mSitus=False					
marion	08/19/2026	09:00 AM ET	2311-126-001	116362017	116362017			NO SITUS, OCALA, FL- 34482			3274.68	2830.0	116	REVIEW	target county; property use unknown — verify on appraiser site	Scheduled	https://www.marion.realtaxdeed.com/index.cfm?zaction=AUCTION&Zmethod=PREVIEW&AUCTIONDATE=08/19/2026	http://www.pa.marion.fl.us/PRC.aspx?key=576395&YR=2026&mName=False&mSitus=False					
marion	08/19/2026	09:00 AM ET	2311-126-067	116442017	116442017			1555 NW 53RD AVE, OCALA, FL- 34482			3147.26	2830.0	111	REVIEW	target county; property use unknown — verify on appraiser site	Scheduled	https://www.marion.realtaxdeed.com/index.cfm?zaction=AUCTION&Zmethod=PREVIEW&AUCTIONDATE=08/19/2026	http://www.pa.marion.fl.us/PRC.aspx?key=576506&YR=2026&mName=False&mSitus=False					
marion	08/19/2026	09:00 AM ET	2311-204-075	116572017	116572017			NO SITUS, OCALA, FL- 34482			3230.66	2830.0	114	REVIEW	target county; property use unknown — verify on appraiser site	Scheduled	https://www.marion.realtaxdeed.com/index.cfm?zaction=AUCTION&Zmethod=PREVIEW&AUCTIONDATE=08/19/2026	http://www.pa.marion.fl.us/PRC.aspx?key=577031&YR=2026&mName=False&mSitus=False					
marion	08/19/2026	09:00 AM ET	2311-206-025	112642018	112642018			NO SITUS, OCALA, FL- 34482			2883.0	2830.0	102	REVIEW	target county; property use unknown — verify on appraiser site	Scheduled	https://www.marion.realtaxdeed.com/index.cfm?zaction=AUCTION&Zmethod=PREVIEW&AUCTIONDATE=08/19/2026	http://www.pa.marion.fl.us/PRC.aspx?key=577227&YR=2026&mName=False&mSitus=False					
marion	08/19/2026	09:00 AM ET	2312-205-045	116742017	116742017			NO SITUS, OCALA, FL- 34482			3167.13	2830.0	112	REVIEW	target county; property use unknown — verify on appraiser site	Scheduled	https://www.marion.realtaxdeed.com/index.cfm?zaction=AUCTION&Zmethod=PREVIEW&AUCTIONDATE=08/19/2026	http://www.pa.marion.fl.us/PRC.aspx?key=577677&YR=2026&mName=False&mSitus=False					
marion	08/19/2026	09:00 AM ET	2313-001-033	116862017	116862017			NO SITUS, OCALA, FL- 34482			3145.71	2830.0	111	REVIEW	target county; property use unknown — verify on appraiser site	Scheduled	https://www.marion.realtaxdeed.com/index.cfm?zaction=AUCTION&Zmethod=PREVIEW&AUCTIONDATE=08/19/2026	http://www.pa.marion.fl.us/PRC.aspx?key=2092947&YR=2026&mName=False&mSitus=False					
marion	08/19/2026	09:00 AM ET	2313-001-036	116872017	116872017			NO SITUS, OCALA, FL- 34482			3145.71	2830.0	111	REVIEW	target county; property use unknown — verify on appraiser site	Scheduled	https://www.marion.realtaxdeed.com/index.cfm?zaction=AUCTION&Zmethod=PREVIEW&AUCTIONDATE=08/19/2026	http://www.pa.marion.fl.us/PRC.aspx?key=578177&YR=2026&mName=False&mSitus=False					
marion	08/19/2026	09:00 AM ET	2313-004-029	116892017	116892017			5810 NW 16TH ST, OCALA, FL- 34482			3152.9	2830.0	111	REVIEW	target county; property use unknown — verify on appraiser site	Scheduled	https://www.marion.realtaxdeed.com/index.cfm?zaction=AUCTION&Zmethod=PREVIEW&AUCTIONDATE=08/19/2026	http://www.pa.marion.fl.us/PRC.aspx?key=578673&YR=2026&mName=False&mSitus=False				29.201912	-82.216028
marion	08/19/2026	09:00 AM ET	2313-004-053	116902017	116902017			NO SITUS, OCALA, FL- 34482			3133.17	2830.0	111	REVIEW	target county; property use unknown — verify on appraiser site	Scheduled	https://www.marion.realtaxdeed.com/index.cfm?zaction=AUCTION&Zmethod=PREVIEW&AUCTIONDATE=08/19/2026	http://www.pa.marion.fl.us/PRC.aspx?key=3133722&YR=2026&mName=False&mSitus=False					
marion	08/19/2026	09:00 AM ET	2313-004-059	116912017	116912017			NO SITUS, OCALA, FL- 34482			3133.17	2830.0	111	REVIEW	target county; property use unknown — verify on appraiser site	Scheduled	https://www.marion.realtaxdeed.com/index.cfm?zaction=AUCTION&Zmethod=PREVIEW&AUCTIONDATE=08/19/2026	http://www.pa.marion.fl.us/PRC.aspx?key=3135628&YR=2026&mName=False&mSitus=False					
marion	08/19/2026	09:00 AM ET	2313-004-062	116922017	116922017			NO SITUS, OCALA, FL- 34482			3289.08	2830.0	116	REVIEW	target county; property use unknown — verify on appraiser site	Scheduled	https://www.marion.realtaxdeed.com/index.cfm?zaction=AUCTION&Zmethod=PREVIEW&AUCTIONDATE=08/19/2026	http://www.pa.marion.fl.us/PRC.aspx?key=3119321&YR=2026&mName=False&mSitus=False					
marion	08/19/2026	09:00 AM ET	2313-004-071	116932017	116932017			NO SITUS, OCALA, FL- 34482			3251.15	2830.0	115	REVIEW	target county; property use unknown — verify on appraiser site	Scheduled	https://www.marion.realtaxdeed.com/index.cfm?zaction=AUCTION&Zmethod=PREVIEW&AUCTIONDATE=08/19/2026	http://www.pa.marion.fl.us/PRC.aspx?key=578746&YR=2026&mName=False&mSitus=False					
marion	08/19/2026	09:00 AM ET	2313-004-074	116942017	116942017			NO SITUS, OCALA, FL- 34482			3251.15	2830.0	115	REVIEW	target county; property use unknown — verify on appraiser site	Scheduled	https://www.marion.realtaxdeed.com/index.cfm?zaction=AUCTION&Zmethod=PREVIEW&AUCTIONDATE=08/19/2026	http://www.pa.marion.fl.us/PRC.aspx?key=578754&YR=2026&mName=False&mSitus=False					
marion	08/19/2026	09:00 AM ET	3490-056-101	152432017	152432017			NO SITUS, DUNNELLON, FL- 34432			15781.25	15730.0	100	REVIEW	target county; property use unknown — verify on appraiser site	Scheduled	https://www.marion.realtaxdeed.com/index.cfm?zaction=AUCTION&Zmethod=PREVIEW&AUCTIONDATE=08/19/2026	http://www.pa.marion.fl.us/PRC.aspx?key=824224&YR=2026&mName=False&mSitus=False					
marion	08/19/2026	09:00 AM ET	3582-296-004	169322016	169322016			5231 SE 29TH CT, OCALA, FL- 34480			30118.98	40631.0	74	REVIEW	target county; property use unknown — verify on appraiser site	Scheduled	https://www.marion.realtaxdeed.com/index.cfm?zaction=AUCTION&Zmethod=PREVIEW&AUCTIONDATE=08/19/2026	http://www.pa.marion.fl.us/PRC.aspx?key=726745&YR=2026&mName=False&mSitus=False				29.134953	-82.096285
marion	08/19/2026	09:00 AM ET	3680-003-008	150922021	150922021			3488 SE 92ND ST, OCALA, FL- 34480			20161.96	72390.0	28	REVIEW	target county; property use unknown — verify on appraiser site	Scheduled	https://www.marion.realtaxdeed.com/index.cfm?zaction=AUCTION&Zmethod=PREVIEW&AUCTIONDATE=08/19/2026	http://www.pa.marion.fl.us/PRC.aspx?key=917214&YR=2026&mName=False&mSitus=False				29.088498	-82.088679
marion	08/19/2026		39430-14-041	177452017	177452017			NO SITUS, OCKLAWAHA, FL- 32179			4417.06	6149.0	72	REVIEW	target county; property use unknown — verify on appraiser site	Redeemed	https://www.marion.realtaxdeed.com/index.cfm?zaction=AUCTION&Zmethod=PREVIEW&AUCTIONDATE=08/19/2026	http://www.pa.marion.fl.us/PRC.aspx?key=966100&YR=2026&mName=False&mSitus=False					
marion	08/19/2026	09:00 AM ET	39430-15-453	177582017	177582017			NO SITUS, OCKLAWAHA, FL- 32179			5983.01	10398.0	58	REVIEW	target county; property use unknown — verify on appraiser site	Scheduled	https://www.marion.realtaxdeed.com/index.cfm?zaction=AUCTION&Zmethod=PREVIEW&AUCTIONDATE=08/19/2026	http://www.pa.marion.fl.us/PRC.aspx?key=967122&YR=2026&mName=False&mSitus=False					
marion	08/19/2026		39430-22-018	177682017	177682017			16275 SE 58TH PL, OCKLAWAHA, FL- 32179			5195.62	6904.0	75	REVIEW	target county; property use unknown — verify on appraiser site	Redeemed	https://www.marion.realtaxdeed.com/index.cfm?zaction=AUCTION&Zmethod=PREVIEW&AUCTIONDATE=08/19/2026	http://www.pa.marion.fl.us/PRC.aspx?key=967751&YR=2026&mName=False&mSitus=False				29.128799	-81.883039
marion	08/19/2026		39430-30-010	178002017	178002017			NO SITUS, OCKLAWAHA, FL- 32179			4496.66	6149.0	73	REVIEW	target county; property use unknown — verify on appraiser site	Redeemed	https://www.marion.realtaxdeed.com/index.cfm?zaction=AUCTION&Zmethod=PREVIEW&AUCTIONDATE=08/19/2026	http://www.pa.marion.fl.us/PRC.aspx?key=2394129&YR=2026&mName=False&mSitus=False					
marion	08/19/2026	09:00 AM ET	39430-31-023	157852021	157852021			NO SITUS, OCKLAWAHA, FL- 32179			4393.77	6149.0	71	REVIEW	target county; property use unknown — verify on appraiser site	Scheduled	https://www.marion.realtaxdeed.com/index.cfm?zaction=AUCTION&Zmethod=PREVIEW&AUCTIONDATE=08/19/2026	http://www.pa.marion.fl.us/PRC.aspx?key=968617&YR=2026&mName=False&mSitus=False					
marion	08/19/2026	09:00 AM ET	39430-38-013	157992021	157992021			NO SITUS, OCKLAWAHA, FL- 32179			4345.58	6149.0	71	REVIEW	target county; property use unknown — verify on appraiser site	Scheduled	https://www.marion.realtaxdeed.com/index.cfm?zaction=AUCTION&Zmethod=PREVIEW&AUCTIONDATE=08/19/2026	http://www.pa.marion.fl.us/PRC.aspx?key=969214&YR=2026&mName=False&mSitus=False					
marion	08/19/2026	09:00 AM ET	39430-39-001	158032021	158032021			NO SITUS, OCKLAWAHA, FL- 32179			4780.49	6149.0	78	REVIEW	target county; property use unknown — verify on appraiser site	Scheduled	https://www.marion.realtaxdeed.com/index.cfm?zaction=AUCTION&Zmethod=PREVIEW&AUCTIONDATE=08/19/2026	http://www.pa.marion.fl.us/PRC.aspx?key=2104040&YR=2026&mName=False&mSitus=False					
marion	08/19/2026	09:00 AM ET	39430-41-001	178622017	178622017			NO SITUS, OCKLAWAHA, FL- 32179			4880.07	6149.0	79	REVIEW	target county; property use unknown — verify on appraiser site	Scheduled	https://www.marion.realtaxdeed.com/index.cfm?zaction=AUCTION&Zmethod=PREVIEW&AUCTIONDATE=08/19/2026	http://www.pa.marion.fl.us/PRC.aspx?key=1742609&YR=2026&mName=False&mSitus=False					
marion	08/19/2026	09:00 AM ET	39430-42-016	178652017	178652017			NO SITUS, OCKLAWAHA, FL- 32179			4415.76	6149.0	72	REVIEW	target county; property use unknown — verify on appraiser site	Scheduled	https://www.marion.realtaxdeed.com/index.cfm?zaction=AUCTION&Zmethod=PREVIEW&AUCTIONDATE=08/19/2026	http://www.pa.marion.fl.us/PRC.aspx?key=3480465&YR=2026&mName=False&mSitus=False					
marion	08/19/2026	09:00 AM ET	4013-014-014	181062017	181062017			NO SITUS, OCKLAWAHA, FL- 32179			5568.3	11979.0	46	REVIEW	target county; property use unknown — verify on appraiser site	Scheduled	https://www.marion.realtaxdeed.com/index.cfm?zaction=AUCTION&Zmethod=PREVIEW&AUCTIONDATE=08/19/2026	http://www.pa.marion.fl.us/PRC.aspx?key=1642795&YR=2026&mName=False&mSitus=False					
marion	08/19/2026	09:00 AM ET	4018-015-013	161222021	161222021			NO SITUS, OCKLAWAHA, FL- 32179			4856.2	11751.0	41	REVIEW	target county; property use unknown — verify on appraiser site	Scheduled	https://www.marion.realtaxdeed.com/index.cfm?zaction=AUCTION&Zmethod=PREVIEW&AUCTIONDATE=08/19/2026	http://www.pa.marion.fl.us/PRC.aspx?key=986577&YR=2026&mName=False&mSitus=False					
marion	08/19/2026	09:00 AM ET	4018-015-118	161272021	161272021			NO SITUS, OCKLAWAHA, FL- 32179			3662.11	6717.0	55	REVIEW	target county; property use unknown — verify on appraiser site	Scheduled	https://www.marion.realtaxdeed.com/index.cfm?zaction=AUCTION&Zmethod=PREVIEW&AUCTIONDATE=08/19/2026	http://www.pa.marion.fl.us/PRC.aspx?key=986704&YR=2026&mName=False&mSitus=False					
marion	08/19/2026	09:00 AM ET	4018-017-010	175442018	175442018			NO SITUS, OCKLAWAHA, FL- 32179			2975.33	4073.0	73	REVIEW	target county; property use unknown — verify on appraiser site	Scheduled	https://www.marion.realtaxdeed.com/index.cfm?zaction=AUCTION&Zmethod=PREVIEW&AUCTIONDATE=08/19/2026	http://www.pa.marion.fl.us/PRC.aspx?key=986933&YR=2026&mName=False&mSitus=False					
marion	08/19/2026	09:00 AM ET	4018-207-014	176102018	176102018			19090 SE 95TH PL, OCKLAWAHA, FL- 32179			2862.35	3208.0	89	REVIEW	target county; property use unknown — verify on appraiser site	Scheduled	https://www.marion.realtaxdeed.com/index.cfm?zaction=AUCTION&Zmethod=PREVIEW&AUCTIONDATE=08/19/2026	http://www.pa.marion.fl.us/PRC.aspx?key=989801&YR=2026&mName=False&mSitus=False				29.083509	-81.833585
marion	08/19/2026	09:00 AM ET	4505-014-002	199062017	199062017			NO SITUS, BELLEVIEW, FL- 34420			4922.85	10394.0	47	REVIEW	target county; property use unknown — verify on appraiser site	Scheduled	https://www.marion.realtaxdeed.com/index.cfm?zaction=AUCTION&Zmethod=PREVIEW&AUCTIONDATE=08/19/2026	http://www.pa.marion.fl.us/PRC.aspx?key=1092256&YR=2026&mName=False&mSitus=False					
marion	08/19/2026	09:00 AM ET	4505-017-014	199122017	199122017			NO SITUS, BELLEVIEW, FL- 34420			6362.9	16239.0	39	REVIEW	target county; property use unknown — verify on appraiser site	Scheduled	https://www.marion.realtaxdeed.com/index.cfm?zaction=AUCTION&Zmethod=PREVIEW&AUCTIONDATE=08/19/2026	http://www.pa.marion.fl.us/PRC.aspx?key=1092884&YR=2026&mName=False&mSitus=False					
marion	08/19/2026	09:00 AM ET	4505-020-009	199202017	199202017			NO SITUS, BELLEVIEW, FL- 34420			3317.06	4431.0	75	REVIEW	target county; property use unknown — verify on appraiser site	Scheduled	https://www.marion.realtaxdeed.com/index.cfm?zaction=AUCTION&Zmethod=PREVIEW&AUCTIONDATE=08/19/2026	http://www.pa.marion.fl.us/PRC.aspx?key=1093414&YR=2026&mName=False&mSitus=False					
marion	08/19/2026	09:00 AM ET	4505-024-022	175882021	175882021			NO SITUS, BELLEVIEW, FL- 34420			4268.85	6210.0	69	REVIEW	target county; property use unknown — verify on appraiser site	Scheduled	https://www.marion.realtaxdeed.com/index.cfm?zaction=AUCTION&Zmethod=PREVIEW&AUCTIONDATE=08/19/2026	http://www.pa.marion.fl.us/PRC.aspx?key=1094186&YR=2026&mName=False&mSitus=False					
marion	08/19/2026	09:00 AM ET	4559-001-003	208812016	208812016			NO SITUS, OCKLAWAHA, FL- 32179			6366.06	11014.0	58	REVIEW	target county; property use unknown — verify on appraiser site	Scheduled	https://www.marion.realtaxdeed.com/index.cfm?zaction=AUCTION&Zmethod=PREVIEW&AUCTIONDATE=08/19/2026	http://www.pa.marion.fl.us/PRC.aspx?key=2415819&YR=2026&mName=False&mSitus=False					
marion	08/19/2026	09:00 AM ET	4559-001-005	208822016	208822016			NO SITUS, OCKLAWAHA, FL- 32179			6383.94	11014.0	58	REVIEW	target county; property use unknown — verify on appraiser site	Scheduled	https://www.marion.realtaxdeed.com/index.cfm?zaction=AUCTION&Zmethod=PREVIEW&AUCTIONDATE=08/19/2026	http://www.pa.marion.fl.us/PRC.aspx?key=1111463&YR=2026&mName=False&mSitus=False					
marion	08/19/2026	09:00 AM ET	4559-002-002	208842016	208842016			NO SITUS, OCKLAWAHA, FL- 32179			7637.82	14355.0	53	REVIEW	target county; property use unknown — verify on appraiser site	Scheduled	https://www.marion.realtaxdeed.com/index.cfm?zaction=AUCTION&Zmethod=PREVIEW&AUCTIONDATE=08/19/2026	http://www.pa.marion.fl.us/PRC.aspx?key=2415886&YR=2026&mName=False&mSitus=False					
marion	08/19/2026	09:00 AM ET	4559-002-003	208852016	208852016			NO SITUS, OCKLAWAHA, FL- 32179			6620.83	11632.0	57	REVIEW	target county; property use unknown — verify on appraiser site	Scheduled	https://www.marion.realtaxdeed.com/index.cfm?zaction=AUCTION&Zmethod=PREVIEW&AUCTIONDATE=08/19/2026	http://www.pa.marion.fl.us/PRC.aspx?key=2415924&YR=2026&mName=False&mSitus=False					
marion	08/19/2026	09:00 AM ET	4559-002-012	208872016	208872016			NO SITUS, OCKLAWAHA, FL- 32179			8559.48	16645.0	51	REVIEW	target county; property use unknown — verify on appraiser site	Scheduled	https://www.marion.realtaxdeed.com/index.cfm?zaction=AUCTION&Zmethod=PREVIEW&AUCTIONDATE=08/19/2026	http://www.pa.marion.fl.us/PRC.aspx?key=2416181&YR=2026&mName=False&mSitus=False					
marion	08/19/2026	09:00 AM ET	4559-003-004	208882016	208882016			NO SITUS, OCKLAWAHA, FL- 32179			6675.27	11748.0	57	REVIEW	target county; property use unknown — verify on appraiser site	Scheduled	https://www.marion.realtaxdeed.com/index.cfm?zaction=AUCTION&Zmethod=PREVIEW&AUCTIONDATE=08/19/2026	http://www.pa.marion.fl.us/PRC.aspx?key=2416301&YR=2026&mName=False&mSitus=False					
marion	08/19/2026	09:00 AM ET	4559-003-005	208892016	208892016			NO SITUS, OCKLAWAHA, FL- 32179			6656.37	11748.0	57	REVIEW	target county; property use unknown — verify on appraiser site	Scheduled	https://www.marion.realtaxdeed.com/index.cfm?zaction=AUCTION&Zmethod=PREVIEW&AUCTIONDATE=08/19/2026	http://www.pa.marion.fl.us/PRC.aspx?key=2416319&YR=2026&mName=False&mSitus=False					
marion	08/19/2026	09:00 AM ET	4559-003-006	208902016	208902016			NO SITUS, OCKLAWAHA, FL- 32179			6675.27	11748.0	57	REVIEW	target county; property use unknown — verify on appraiser site	Scheduled	https://www.marion.realtaxdeed.com/index.cfm?zaction=AUCTION&Zmethod=PREVIEW&AUCTIONDATE=08/19/2026	http://www.pa.marion.fl.us/PRC.aspx?key=2416351&YR=2026&mName=False&mSitus=False					
marion	08/19/2026	09:00 AM ET	4559-003-007	208912016	208912016			NO SITUS, OCKLAWAHA, FL- 32179			6675.27	11748.0	57	REVIEW	target county; property use unknown — verify on appraiser site	Scheduled	https://www.marion.realtaxdeed.com/index.cfm?zaction=AUCTION&Zmethod=PREVIEW&AUCTIONDATE=08/19/2026	http://www.pa.marion.fl.us/PRC.aspx?key=2416386&YR=2026&mName=False&mSitus=False					
marion	08/19/2026	09:00 AM ET	5075-012-001	218522017	218522017			NO SITUS, UMATILLA, FL- 32784			4735.04	9946.0	48	REVIEW	target county; property use unknown — verify on appraiser site	Scheduled	https://www.marion.realtaxdeed.com/index.cfm?zaction=AUCTION&Zmethod=PREVIEW&AUCTIONDATE=08/19/2026	http://www.pa.marion.fl.us/PRC.aspx?key=1679095&YR=2026&mName=False&mSitus=False					
marion	08/19/2026		8003-0408-08	237152014	237152014			NO SITUS, OCALA, FL- 34473			8759.69	6779.0	129	REVIEW	target county; property use unknown — verify on appraiser site	Redeemed	https://www.marion.realtaxdeed.com/index.cfm?zaction=AUCTION&Zmethod=PREVIEW&AUCTIONDATE=08/19/2026	http://www.pa.marion.fl.us/PRC.aspx?key=2175702&YR=2026&mName=False&mSitus=False					
marion	08/19/2026	09:00 AM ET	8005-0786-13	243172014	243172014			NO SITUS, OCALA, FL- 34473			8807.82	5613.0	157	REVIEW	target county; property use unknown — verify on appraiser site	Scheduled	https://www.marion.realtaxdeed.com/index.cfm?zaction=AUCTION&Zmethod=PREVIEW&AUCTIONDATE=08/19/2026	http://www.pa.marion.fl.us/PRC.aspx?key=1641985&YR=2026&mName=False&mSitus=False					
marion	08/19/2026	09:00 AM ET	8006-0735-14	234482018	234482018			NO SITUS, OCALA, FL- 34473			5628.6	6015.0	94	REVIEW	target county; property use unknown — verify on appraiser site	Scheduled	https://www.marion.realtaxdeed.com/index.cfm?zaction=AUCTION&Zmethod=PREVIEW&AUCTIONDATE=08/19/2026	http://www.pa.marion.fl.us/PRC.aspx?key=1672511&YR=2026&mName=False&mSitus=False					
marion	08/19/2026	09:00 AM ET	8007-1036-31	234902018	234902018			NO SITUS, OCALA, FL- 34473			5914.65	9109.0	65	REVIEW	target county; property use unknown — verify on appraiser site	Scheduled	https://www.marion.realtaxdeed.com/index.cfm?zaction=AUCTION&Zmethod=PREVIEW&AUCTIONDATE=08/19/2026	http://www.pa.marion.fl.us/PRC.aspx?key=2153946&YR=2026&mName=False&mSitus=False					
marion	08/19/2026	09:00 AM ET	8009-0000-37	273482016	273482016			NO SITUS, OCALA, FL- 34473			4121.79	1771.0	233	REVIEW	target county; property use unknown — verify on appraiser site	Scheduled	https://www.marion.realtaxdeed.com/index.cfm?zaction=AUCTION&Zmethod=PREVIEW&AUCTIONDATE=08/19/2026	http://www.pa.marion.fl.us/PRC.aspx?key=1330289&YR=2026&mName=False&mSitus=False					
marion	08/19/2026	09:00 AM ET	8009-1155-20	237042018	237042018			NO SITUS, OCALA, FL- 34473			5471.59	6720.0	81	REVIEW	target county; property use unknown — verify on appraiser site	Scheduled	https://www.marion.realtaxdeed.com/index.cfm?zaction=AUCTION&Zmethod=PREVIEW&AUCTIONDATE=08/19/2026	http://www.pa.marion.fl.us/PRC.aspx?key=1926921&YR=2026&mName=False&mSitus=False					
marion	08/19/2026	09:00 AM ET	8009-1262-15	240312018	240312018			NO SITUS, OCALA, FL- 34473			6371.64	6490.0	98	REVIEW	target county; property use unknown — verify on appraiser site	Scheduled	https://www.marion.realtaxdeed.com/index.cfm?zaction=AUCTION&Zmethod=PREVIEW&AUCTIONDATE=08/19/2026	http://www.pa.marion.fl.us/PRC.aspx?key=2016949&YR=2026&mName=False&mSitus=False					
marion	08/19/2026	09:00 AM ET	8010-0897-32	241322018	241322018			NO SITUS, OCALA, FL- 34473			6031.78	9218.0	65	REVIEW	target county; property use unknown — verify on appraiser site	Scheduled	https://www.marion.realtaxdeed.com/index.cfm?zaction=AUCTION&Zmethod=PREVIEW&AUCTIONDATE=08/19/2026	http://www.pa.marion.fl.us/PRC.aspx?key=2144947&YR=2026&mName=False&mSitus=False					
marion	08/19/2026	09:00 AM ET	9034-1051-12	309132017	309132017			NO SITUS, OCALA, FL- 34472			5022.87	5314.0	95	REVIEW	target county; property use unknown — verify on appraiser site	Scheduled	https://www.marion.realtaxdeed.com/index.cfm?zaction=AUCTION&Zmethod=PREVIEW&AUCTIONDATE=08/19/2026	http://www.pa.marion.fl.us/PRC.aspx?key=1467594&YR=2026&mName=False&mSitus=False					
marion	08/19/2026	09:00 AM ET	9038-1258-24	281362020	281362020			44 GUAVA PASS DR, OCKLAWAHA, FL- 32179			3385.13	6589.0	51	REVIEW	target county; property use unknown — verify on appraiser site	Scheduled	https://www.marion.realtaxdeed.com/index.cfm?zaction=AUCTION&Zmethod=PREVIEW&AUCTIONDATE=08/19/2026	http://www.pa.marion.fl.us/PRC.aspx?key=2514167&YR=2026&mName=False&mSitus=False				29.049602	-81.905022
putnam	08/19/2026	09:00 AM ET	02-10-24-4075-2250-0030	2023-0000977	2023-0000977	EPPERSON BARRY KEITH	624 WOODWARD AVE HARAHAN LA 70123-3743	00 UNASSIGNED LOCATION RE	00000 - Vacant	0.34	1169.61			MATCH	target county; land/rural use: vacant	Scheduled	https://www.putnam.realtaxdeed.com/index.cfm?zaction=AUCTION&Zmethod=PREVIEW&AUCTIONDATE=08/19/2026	https://apps.putnam-fl.com/pa/property/?type=api&parcel=02-10-24-4075-2250-0030					
putnam	08/19/2026	09:00 AM ET	03-10-24-9070-0110-0180	2019-0002038	2019-0002038	PADILLA BENIGNO OYOLA	RR 6 BOX 7165 TOA ALTA PR 00953-9327	00 UNASSIGNED LOCATION RE	00000 - Vacant	0.06	1331.39			MATCH	target county; land/rural use: vacant	Scheduled	https://www.putnam.realtaxdeed.com/index.cfm?zaction=AUCTION&Zmethod=PREVIEW&AUCTIONDATE=08/19/2026	https://apps.putnam-fl.com/pa/property/?type=api&parcel=03-10-24-9070-0110-0180					
putnam	08/19/2026	09:00 AM ET	03-10-24-9070-0120-0080	2020-0002387	2020-0002387	ORTIZ AMERICO ORTIZ + MARIA E	URB HEAVENLY VIEW #16 GURABO PR 00778	00 UNASSIGNED LOCATION RE	00000 - Vacant	0.08	1192.47			MATCH	target county; land/rural use: vacant	Scheduled	https://www.putnam.realtaxdeed.com/index.cfm?zaction=AUCTION&Zmethod=PREVIEW&AUCTIONDATE=08/19/2026	https://apps.putnam-fl.com/pa/property/?type=api&parcel=03-10-24-9070-0120-0080					
putnam	08/19/2026	09:00 AM ET	03-10-24-9070-0150-0050	2019-0002103	2019-0002103	VIZCARRONDO JOSE L	C/O VILMA L LAMDERTY 15594 SW 112 WAY MIAMI FL 33196	00 UNASSIGNED LOCATION RE	00000 - Vacant	0.06	1371.24			MATCH	target county; land/rural use: vacant	Scheduled	https://www.putnam.realtaxdeed.com/index.cfm?zaction=AUCTION&Zmethod=PREVIEW&AUCTIONDATE=08/19/2026	https://apps.putnam-fl.com/pa/property/?type=api&parcel=03-10-24-9070-0150-0050					
putnam	08/19/2026	09:00 AM ET	04-10-24-6450-0050-0240	2023-0002745	2023-0002745	DAVID BRIAN	PO BOX 1075 MAMMOTH SPRING AR 72554	00 UNASSIGNED LOCATION RE	00000 - Vacant	0.11	1195.63			MATCH	target county; land/rural use: vacant	Scheduled	https://www.putnam.realtaxdeed.com/index.cfm?zaction=AUCTION&Zmethod=PREVIEW&AUCTIONDATE=08/19/2026	https://apps.putnam-fl.com/pa/property/?type=api&parcel=04-10-24-6450-0050-0240					
putnam	08/19/2026	09:00 AM ET	04-10-24-6450-0060-0240	2019-0003179	2019-0003179	TORRES JESUS RIVERA	RR 4 BOX 603 CERRO GORDO BAYAMON PR 00956	00 UNASSIGNED LOCATION RE	00000 - Vacant	0.11	1386.6			MATCH	target county; land/rural use: vacant	Scheduled	https://www.putnam.realtaxdeed.com/index.cfm?zaction=AUCTION&Zmethod=PREVIEW&AUCTIONDATE=08/19/2026	https://apps.putnam-fl.com/pa/property/?type=api&parcel=04-10-24-6450-0060-0240					
putnam	08/19/2026	09:00 AM ET	04-10-24-6450-0060-0300	2020-0003425	2020-0003425	NIEVES GILFREDO	BUZON 286 BO ACHIOTE NARANJITO PR 00719-0286	00 UNASSIGNED LOCATION RE	00000 - Vacant	0.11	1319.75			MATCH	target county; land/rural use: vacant	Scheduled	https://www.putnam.realtaxdeed.com/index.cfm?zaction=AUCTION&Zmethod=PREVIEW&AUCTIONDATE=08/19/2026	https://apps.putnam-fl.com/pa/property/?type=api&parcel=04-10-24-6450-0060-0300					
putnam	08/19/2026	09:00 AM ET	04-10-24-6450-0060-0310	2020-0003423	2020-0003423	NIEVES GILFREDO	BUZON 286 BO ACHIOTE NARANJITO PR 00719-0286	00 UNASSIGNED LOCATION RE	00000 - Vacant	0.11	1320.65			MATCH	target county; land/rural use: vacant	Scheduled	https://www.putnam.realtaxdeed.com/index.cfm?zaction=AUCTION&Zmethod=PREVIEW&AUCTIONDATE=08/19/2026	https://apps.putnam-fl.com/pa/property/?type=api&parcel=04-10-24-6450-0060-0310					
putnam	08/19/2026	09:00 AM ET	04-10-24-9025-0030-0290	2019-0003220	2019-0003220	DELVA JEAN RAYMOND	2760 F ROAD LOXAHATCHEE FL 33470	209 LEMON ST, INTERLACHEN, FL- 32148	00000 - Vacant	0.1	1443.65			MATCH	target county; land/rural use: vacant	Scheduled	https://www.putnam.realtaxdeed.com/index.cfm?zaction=AUCTION&Zmethod=PREVIEW&AUCTIONDATE=08/19/2026	https://apps.putnam-fl.com/pa/property/?type=api&parcel=04-10-24-9025-0030-0290					
putnam	08/19/2026	09:00 AM ET	04-10-24-9025-0030-0310	2019-0003218	2019-0003218	DELVA JEAN RAYMOND	2760 F ROAD LOXAHATCHEE FL 33470	213 LEMON ST, INTERLACHEN, FL- 32148	00000 - Vacant	0.1	1452.48			MATCH	target county; land/rural use: vacant	Scheduled	https://www.putnam.realtaxdeed.com/index.cfm?zaction=AUCTION&Zmethod=PREVIEW&AUCTIONDATE=08/19/2026	https://apps.putnam-fl.com/pa/property/?type=api&parcel=04-10-24-9025-0030-0310					
putnam	08/19/2026	09:00 AM ET	04-10-24-9030-0080-0340	2019-0003447	2019-0003447	O'DONNELL ONDINE K HEIRS OF	C/O GERALDINE ODONNELL PER REP 115 WHISPERING PINES RD GEORGETOWN FL 32139	00 UNASSIGNED LOCATION RE	00000 - Vacant	0.1	1487.14			MATCH	target county; land/rural use: vacant	Scheduled	https://www.putnam.realtaxdeed.com/index.cfm?zaction=AUCTION&Zmethod=PREVIEW&AUCTIONDATE=08/19/2026	https://apps.putnam-fl.com/pa/property/?type=api&parcel=04-10-24-9030-0080-0340					
putnam	08/19/2026	09:00 AM ET	04-10-24-9030-0080-0370	2019-0003443	2019-0003443	O'DONNELL ONDINE K HEIRS OF	C/O GERALDINE ODONNELL PER REP 115 WHISPERING PINES RD GEORGETOWN FL 32139	00 UNASSIGNED LOCATION RE	00000 - Vacant	0.1	1487.14			MATCH	target county; land/rural use: vacant	Scheduled	https://www.putnam.realtaxdeed.com/index.cfm?zaction=AUCTION&Zmethod=PREVIEW&AUCTIONDATE=08/19/2026	https://apps.putnam-fl.com/pa/property/?type=api&parcel=04-10-24-9030-0080-0370					
putnam	08/19/2026	09:00 AM ET	04-10-24-9030-0080-0380	2019-0003444	2019-0003444	O'DONNELL ONDINE K HEIRS OF	C/O GERALDINE ODONNELL PER REP 115 WHISPERING PINES RD GEORGETOWN FL 32139	00 UNASSIGNED LOCATION RE	00000 - Vacant	0.1	1404.0			MATCH	target county; land/rural use: vacant	Scheduled	https://www.putnam.realtaxdeed.com/index.cfm?zaction=AUCTION&Zmethod=PREVIEW&AUCTIONDATE=08/19/2026	https://apps.putnam-fl.com/pa/property/?type=api&parcel=04-10-24-9030-0080-0380					
putnam	08/19/2026	09:00 AM ET	04-12-27-0000-0160-0010	2019-0003751	2019-0003751	CIRELLI EMILIO + KELLY E SCOFIELD + STEVEN SEMMELMAN	3054 S PENINSULA DRIVE DAYTONA BEACH SHORES FL 32118	104 WOODSIDE AV, POMONA PARK, FL- 32181	00000 - Vacant	0.11	1508.17			MATCH	target county; land/rural use: vacant	Scheduled	https://www.putnam.realtaxdeed.com/index.cfm?zaction=AUCTION&Zmethod=PREVIEW&AUCTIONDATE=08/19/2026	https://apps.putnam-fl.com/pa/property/?type=api&parcel=04-12-27-0000-0160-0010				29.484953	-81.572234
putnam	08/19/2026		05-10-24-4927-0020-0180	2020-0003915	2020-0003915			00 UNASSIGNED LOCATION RE			1336.0			REVIEW	target county; property use unknown — verify on appraiser site	Redeemed	https://www.putnam.realtaxdeed.com/index.cfm?zaction=AUCTION&Zmethod=PREVIEW&AUCTIONDATE=08/19/2026	https://apps.putnam-fl.com/pa/property/?type=api&parcel=05-10-24-4927-0020-0180					
putnam	08/19/2026	09:00 AM ET	05-10-24-4927-0060-0430	2019-0003928	2019-0003928	CHANCELLOR SHOPPING CENTER	11601 BISCAYNE BLVD SUITE 201 MIAMI FL 33181	00 UNASSIGNED LOCATION RE	00000 - Vacant	0.11	1432.9			MATCH	target county; land/rural use: vacant	Scheduled	https://www.putnam.realtaxdeed.com/index.cfm?zaction=AUCTION&Zmethod=PREVIEW&AUCTIONDATE=08/19/2026	https://apps.putnam-fl.com/pa/property/?type=api&parcel=05-10-24-4927-0060-0430					
putnam	08/19/2026	09:00 AM ET	05-10-24-4928-0050-0080	2019-0004014	2019-0004014	JOHNSTON-CREARY CLAUDETTE	2637 SW IMPORT DR PORT ST LUCIE FL 34987	00 UNASSIGNED LOCATION RE	00000 - Vacant	0.11	1496.97			MATCH	target county; land/rural use: vacant	Scheduled	https://www.putnam.realtaxdeed.com/index.cfm?zaction=AUCTION&Zmethod=PREVIEW&AUCTIONDATE=08/19/2026	https://apps.putnam-fl.com/pa/property/?type=api&parcel=05-10-24-4928-0050-0080					
putnam	08/19/2026	09:00 AM ET	05-10-24-4928-0050-0580	2019-0004065	2019-0004065	MUSIC VIDEO TELEVISION INC	396 HICKORY DR MAITLAND FL 32751	00 UNASSIGNED LOCATION RE	00000 - Vacant	0.11	1433.31			MATCH	target county; land/rural use: vacant	Scheduled	https://www.putnam.realtaxdeed.com/index.cfm?zaction=AUCTION&Zmethod=PREVIEW&AUCTIONDATE=08/19/2026	https://apps.putnam-fl.com/pa/property/?type=api&parcel=05-10-24-4928-0050-0580					
putnam	08/19/2026	09:00 AM ET	05-10-24-4930-0010-0160	2019-0004092	2019-0004092	PUTNAM LAND CONSERVANCY INC	C/O PUTNAM LAND CONSERVANCY INC PO BOX 667 INTERLACHEN FL 32148-0667	00 UNASSIGNED LOCATION RE	00000 - Vacant	0.11	1175.47			MATCH	target county; land/rural use: vacant	Scheduled	https://www.putnam.realtaxdeed.com/index.cfm?zaction=AUCTION&Zmethod=PREVIEW&AUCTIONDATE=08/19/2026	https://apps.putnam-fl.com/pa/property/?type=api&parcel=05-10-24-4930-0010-0160					
putnam	08/19/2026	09:00 AM ET	05-10-24-4930-0030-0050	2019-0004169	2019-0004169	PESCHEL INSTRUMENTS INC M P P + TRS	C/O JOHN AN BARBARA GAINES 1367 EMERALD DUNES DR SUN CITY FL 33573	00 UNASSIGNED LOCATION RE	00000 - Vacant	0.1	1517.7			MATCH	target county; land/rural use: vacant	Scheduled	https://www.putnam.realtaxdeed.com/index.cfm?zaction=AUCTION&Zmethod=PREVIEW&AUCTIONDATE=08/19/2026	https://apps.putnam-fl.com/pa/property/?type=api&parcel=05-10-24-4930-0030-0050					
putnam	08/19/2026	09:00 AM ET	05-10-24-4930-0030-0060	2019-0004142	2019-0004142	PESCHEL INSTRUMENTS INC M P P + TRS	C/O JOHN AN BARBARA GAINES 1367 EMERALD DUNES DR SUN CITY FL 33573	00 UNASSIGNED LOCATION RE	00000 - Vacant	0.1	1529.24			MATCH	target county; land/rural use: vacant	Scheduled	https://www.putnam.realtaxdeed.com/index.cfm?zaction=AUCTION&Zmethod=PREVIEW&AUCTIONDATE=08/19/2026	https://apps.putnam-fl.com/pa/property/?type=api&parcel=05-10-24-4930-0030-0060					
putnam	08/19/2026	09:00 AM ET	05-10-24-4930-0030-0070	2019-0004143	2019-0004143	PESCHEL INSTRUMENTS INC M P P + TRS	C/O JOHN AN BARBARA GAINES 1367 EMERALD DUNES DR SUN CITY FL 33573	00 UNASSIGNED LOCATION RE	00000 - Vacant	0.1	1512.01			MATCH	target county; land/rural use: vacant	Scheduled	https://www.putnam.realtaxdeed.com/index.cfm?zaction=AUCTION&Zmethod=PREVIEW&AUCTIONDATE=08/19/2026	https://apps.putnam-fl.com/pa/property/?type=api&parcel=05-10-24-4930-0030-0070					
putnam	08/19/2026	09:00 AM ET	05-10-24-4930-0040-0060	2019-0004200	2019-0004200	MUSSLER FRED CLEAN WATER USA INC	823 NW 57TH ST FT LAUDERDALE FL 33309-2826	00 UNASSIGNED LOCATION RE	00000 - Vacant	0.09	1489.03			MATCH	target county; land/rural use: vacant	Scheduled	https://www.putnam.realtaxdeed.com/index.cfm?zaction=AUCTION&Zmethod=PREVIEW&AUCTIONDATE=08/19/2026	https://apps.putnam-fl.com/pa/property/?type=api&parcel=05-10-24-4930-0040-0060					
putnam	08/19/2026	09:00 AM ET	05-10-24-4930-0040-0070	2019-0004211	2019-0004211	SINGH MANMOHAN	PO BOX 66183 SHARJAH UAE	00 UNASSIGNED LOCATION RE	00000 - Vacant	0.09	1467.99			MATCH	target county; land/rural use: vacant	Scheduled	https://www.putnam.realtaxdeed.com/index.cfm?zaction=AUCTION&Zmethod=PREVIEW&AUCTIONDATE=08/19/2026	https://apps.putnam-fl.com/pa/property/?type=api&parcel=05-10-24-4930-0040-0070					
putnam	08/19/2026	09:00 AM ET	05-10-24-4930-0040-0080	2019-0004210	2019-0004210	SINGH MANMOHAN	PO BOX 66183 SHARJAH UAE	00 UNASSIGNED LOCATION RE	00000 - Vacant	0.09	1481.22			MATCH	target county; land/rural use: vacant	Scheduled	https://www.putnam.realtaxdeed.com/index.cfm?zaction=AUCTION&Zmethod=PREVIEW&AUCTIONDATE=08/19/2026	https://apps.putnam-fl.com/pa/property/?type=api&parcel=05-10-24-4930-0040-0080					
putnam	08/19/2026	09:00 AM ET	05-10-24-4930-0040-0090	2019-0004209	2019-0004209	THANKI HITEBN POPATLAL	PO BOX 376674 EUBAI UAE	00 UNASSIGNED LOCATION RE	00000 - Vacant	0.09	1501.32			MATCH	target county; land/rural use: vacant	Scheduled	https://www.putnam.realtaxdeed.com/index.cfm?zaction=AUCTION&Zmethod=PREVIEW&AUCTIONDATE=08/19/2026	https://apps.putnam-fl.com/pa/property/?type=api&parcel=05-10-24-4930-0040-0090					
putnam	08/19/2026	09:00 AM ET	05-10-24-4930-0040-0100	2019-0004208	2019-0004208	THANKI HITEN POPATLAL	PO BOX 376674 EUBAI UAE	00 UNASSIGNED LOCATION RE	00000 - Vacant	0.09	1501.32			MATCH	target county; land/rural use: vacant	Scheduled	https://www.putnam.realtaxdeed.com/index.cfm?zaction=AUCTION&Zmethod=PREVIEW&AUCTIONDATE=08/19/2026	https://apps.putnam-fl.com/pa/property/?type=api&parcel=05-10-24-4930-0040-0100					
putnam	08/19/2026	09:00 AM ET	05-10-24-4930-0040-0110	2019-0004207	2019-0004207	GULAMHUSEIN RIZVANALI JAFFERALI+SUKAINA RIZVANALI	SARIT CENTRE PO BOX 14117 NAIROBI KENYA	00 UNASSIGNED LOCATION RE	00000 - Vacant	0.09	1506.26			MATCH	target county; land/rural use: vacant	Scheduled	https://www.putnam.realtaxdeed.com/index.cfm?zaction=AUCTION&Zmethod=PREVIEW&AUCTIONDATE=08/19/2026	https://apps.putnam-fl.com/pa/property/?type=api&parcel=05-10-24-4930-0040-0110					
putnam	08/19/2026	09:00 AM ET	05-10-24-4930-0040-0120	2019-0004206	2019-0004206	GULAMHUSEIN RIZVANALI JAFFERALI+SUKAINA RIZVANALI	SARIT CENTRE PO BOX 14117 NAIROBI KENYA	00 UNASSIGNED LOCATION RE	00000 - Vacant	0.09	1506.26			MATCH	target county; land/rural use: vacant	Scheduled	https://www.putnam.realtaxdeed.com/index.cfm?zaction=AUCTION&Zmethod=PREVIEW&AUCTIONDATE=08/19/2026	https://apps.putnam-fl.com/pa/property/?type=api&parcel=05-10-24-4930-0040-0120					
putnam	08/19/2026	09:00 AM ET	05-10-24-4930-0040-0130	2019-0004205	2019-0004205	GULAMHUSEIN RIZVANALI JAFFERALI+SUKAINA RIZVANALI	SARIT CENTRE PO BOX 14117 NAIROBI KENYA	00 UNASSIGNED LOCATION RE	00000 - Vacant	0.09	1506.26			MATCH	target county; land/rural use: vacant	Scheduled	https://www.putnam.realtaxdeed.com/index.cfm?zaction=AUCTION&Zmethod=PREVIEW&AUCTIONDATE=08/19/2026	https://apps.putnam-fl.com/pa/property/?type=api&parcel=05-10-24-4930-0040-0130					
putnam	08/19/2026	09:00 AM ET	05-10-24-4930-0040-0140	2019-0004204	2019-0004204	GULAMHUSEIN RIZVANALI JAFFERALI+SUKAINA RIZVANALI	SARIT CENTRE PO BOX 14117 NAIROBI KENYA	00 UNASSIGNED LOCATION RE	00000 - Vacant	0.09	1506.26			MATCH	target county; land/rural use: vacant	Scheduled	https://www.putnam.realtaxdeed.com/index.cfm?zaction=AUCTION&Zmethod=PREVIEW&AUCTIONDATE=08/19/2026	https://apps.putnam-fl.com/pa/property/?type=api&parcel=05-10-24-4930-0040-0140					
putnam	08/19/2026	09:00 AM ET	05-10-24-4930-0040-0150	2019-0004193	2019-0004193	BIN JAMALLAIL ZULEKHA MOHSIN	PO BOX 4382 AL RIFFA SHARJAH UAE	00 UNASSIGNED LOCATION RE	00000 - Vacant	0.09	1463.06			MATCH	target county; land/rural use: vacant	Scheduled	https://www.putnam.realtaxdeed.com/index.cfm?zaction=AUCTION&Zmethod=PREVIEW&AUCTIONDATE=08/19/2026	https://apps.putnam-fl.com/pa/property/?type=api&parcel=05-10-24-4930-0040-0150					
putnam	08/19/2026	09:00 AM ET	05-10-24-4930-0040-0160	2019-0004194	2019-0004194	BIN JAMALLAIL ZULEKHA MOHSIN	PO BOX 4382 AL RIFFA SHARJAH UAE	00 UNASSIGNED LOCATION RE	00000 - Vacant	0.09	1463.06			MATCH	target county; land/rural use: vacant	Scheduled	https://www.putnam.realtaxdeed.com/index.cfm?zaction=AUCTION&Zmethod=PREVIEW&AUCTIONDATE=08/19/2026	https://apps.putnam-fl.com/pa/property/?type=api&parcel=05-10-24-4930-0040-0160					
putnam	08/19/2026	09:00 AM ET	05-10-24-4940-0080-0130	2020-0004317	2020-0004317	THANKI AMRATIAL VASHRAM	PO BOX 7996 DUBAI U A E	00 UNASSIGNED LOCATION RE	00000 - Vacant	0.11	1299.84			MATCH	target county; land/rural use: vacant	Scheduled	https://www.putnam.realtaxdeed.com/index.cfm?zaction=AUCTION&Zmethod=PREVIEW&AUCTIONDATE=08/19/2026	https://apps.putnam-fl.com/pa/property/?type=api&parcel=05-10-24-4940-0080-0130					
putnam	08/19/2026	09:00 AM ET	05-10-24-4940-0100-0150	2020-0004726	2020-0004726	LAWATI HUSSAIN SALMAN GHULAM AL	PO BOX 1736 PC 112 MUSCAT SULTANATE OF OMAN	00 UNASSIGNED LOCATION RE	00000 - Vacant	0.11	1299.84			MATCH	target county; land/rural use: vacant	Scheduled	https://www.putnam.realtaxdeed.com/index.cfm?zaction=AUCTION&Zmethod=PREVIEW&AUCTIONDATE=08/19/2026	https://apps.putnam-fl.com/pa/property/?type=api&parcel=05-10-24-4940-0100-0150					
putnam	08/19/2026	09:00 AM ET	05-10-24-4940-0100-0250	2020-0004868	2020-0004868	BRISTOL JOSE ANTONIO NAVARRO + YANIRA RIOS LOPEZ	PO BOX 6400 SUITE 151 CAYEY PR 00736	00 UNASSIGNED LOCATION RE	00000 - Vacant	0.11	1407.91			MATCH	target county; land/rural use: vacant	Scheduled	https://www.putnam.realtaxdeed.com/index.cfm?zaction=AUCTION&Zmethod=PREVIEW&AUCTIONDATE=08/19/2026	https://apps.putnam-fl.com/pa/property/?type=api&parcel=05-10-24-4940-0100-0250					
putnam	08/19/2026	09:00 AM ET	05-10-24-4940-0100-0260	2023-0004108	2023-0004108	BRISTOL JOSE ANTONIO NAVARRO + YANIRA RIOS LOPEZ	PO BOX 6400 SUITE 151 CAYEY PR 00736	00 UNASSIGNED LOCATION RE	00000 - Vacant	0.11	1407.91			MATCH	target county; land/rural use: vacant	Scheduled	https://www.putnam.realtaxdeed.com/index.cfm?zaction=AUCTION&Zmethod=PREVIEW&AUCTIONDATE=08/19/2026	https://apps.putnam-fl.com/pa/property/?type=api&parcel=05-10-24-4940-0100-0260					
putnam	08/19/2026	09:00 AM ET	05-10-24-9045-0080-0150	2019-0004709	2019-0004709	MKIBA ISSA SAID	PO BOX 2503 BAHI RD DODOMA TANZANIA	00 UNASSIGNED LOCATION RE	00000 - Vacant	0.11	1494.79			MATCH	target county; land/rural use: vacant	Scheduled	https://www.putnam.realtaxdeed.com/index.cfm?zaction=AUCTION&Zmethod=PREVIEW&AUCTIONDATE=08/19/2026	https://apps.putnam-fl.com/pa/property/?type=api&parcel=05-10-24-9045-0080-0150					
putnam	08/19/2026	09:00 AM ET	07-10-24-7072-0190-0200	2019-0006039	2019-0006039	MEDINA BLANCA	C/O MARTHA AYURE 23503 TAYMAN PARK LANE KATY TX 77494	00 UNASSIGNED LOCATION RE	00000 - Vacant	0.1	1498.26			MATCH	target county; land/rural use: vacant	Scheduled	https://www.putnam.realtaxdeed.com/index.cfm?zaction=AUCTION&Zmethod=PREVIEW&AUCTIONDATE=08/19/2026	https://apps.putnam-fl.com/pa/property/?type=api&parcel=07-10-24-7072-0190-0200					
putnam	08/19/2026	09:00 AM ET	07-10-24-7072-0190-0210	2019-0006036	2019-0006036	MEDINA BLANCA	C/O MARTHA AYURE 23503 TAYMAN PARK LANE KATY TX 77494	00 UNASSIGNED LOCATION RE	00000 - Vacant	0.1	1498.26			MATCH	target county; land/rural use: vacant	Scheduled	https://www.putnam.realtaxdeed.com/index.cfm?zaction=AUCTION&Zmethod=PREVIEW&AUCTIONDATE=08/19/2026	https://apps.putnam-fl.com/pa/property/?type=api&parcel=07-10-24-7072-0190-0210					
putnam	08/19/2026	09:00 AM ET	07-10-24-7072-0190-0220	2019-0006025	2019-0006025	MEDINA BLANCA	C/O MARTHA AYURE 23503 TAYMAN PARK LANE KATY TX 77494	341 SW 56TH AV, INTERLACHEN, FL- 32148	00000 - Vacant	0.1	1500.01			MATCH	target county; land/rural use: vacant	Scheduled	https://www.putnam.realtaxdeed.com/index.cfm?zaction=AUCTION&Zmethod=PREVIEW&AUCTIONDATE=08/19/2026	https://apps.putnam-fl.com/pa/property/?type=api&parcel=07-10-24-7072-0190-0220					
putnam	08/19/2026	09:00 AM ET	07-10-24-7072-0190-0230	2019-0006024	2019-0006024	MEDINA BLANCA	C/O MARTHA AYURE 23503 TAYMAN PARK LANE KATY TX 77494	343 SW 56TH AV, INTERLACHEN, FL- 32148	00000 - Vacant	0.1	1500.01			MATCH	target county; land/rural use: vacant	Scheduled	https://www.putnam.realtaxdeed.com/index.cfm?zaction=AUCTION&Zmethod=PREVIEW&AUCTIONDATE=08/19/2026	https://apps.putnam-fl.com/pa/property/?type=api&parcel=07-10-24-7072-0190-0230					
putnam	08/19/2026	09:00 AM ET	07-10-24-7072-0200-0320	2019-0006069	2019-0006069	MEDINA BLANCA	C/O MARTHA AYURE 23503 TAYMAN PARK LANE KATY TX 77494	00 UNASSIGNED LOCATION RE	00000 - Vacant	0.11	1506.29			MATCH	target county; land/rural use: vacant	Scheduled	https://www.putnam.realtaxdeed.com/index.cfm?zaction=AUCTION&Zmethod=PREVIEW&AUCTIONDATE=08/19/2026	https://apps.putnam-fl.com/pa/property/?type=api&parcel=07-10-24-7072-0200-0320					
putnam	08/19/2026	09:00 AM ET	07-10-24-7072-0200-0330	2019-0006068	2019-0006068	MEDINA BLANCA	C/O MARTHA AYURE 23503 TAYMAN PARK LANE KATY TX 77494	00 UNASSIGNED LOCATION RE	00000 - Vacant	0.11	1506.29			MATCH	target county; land/rural use: vacant	Scheduled	https://www.putnam.realtaxdeed.com/index.cfm?zaction=AUCTION&Zmethod=PREVIEW&AUCTIONDATE=08/19/2026	https://apps.putnam-fl.com/pa/property/?type=api&parcel=07-10-24-7072-0200-0330					
putnam	08/19/2026	09:00 AM ET	07-10-24-7072-0200-0340	2019-0006073	2019-0006073	MEDINA BLANCA	C/O MARTHA AYURE 23503 TAYMAN PARK LANE KATY TX 77494	00 UNASSIGNED LOCATION RE	00000 - Vacant	0.11	1506.29			MATCH	target county; land/rural use: vacant	Scheduled	https://www.putnam.realtaxdeed.com/index.cfm?zaction=AUCTION&Zmethod=PREVIEW&AUCTIONDATE=08/19/2026	https://apps.putnam-fl.com/pa/property/?type=api&parcel=07-10-24-7072-0200-0340					
putnam	08/19/2026	09:00 AM ET	07-10-24-7072-0200-0350	2019-0006071	2019-0006071	MEDINA BLANCA	C/O MARTHA AYURE 23503 TAYMAN PARK LANE KATY TX 77494	00 UNASSIGNED LOCATION RE	00000 - Vacant	0.11	1506.29			MATCH	target county; land/rural use: vacant	Scheduled	https://www.putnam.realtaxdeed.com/index.cfm?zaction=AUCTION&Zmethod=PREVIEW&AUCTIONDATE=08/19/2026	https://apps.putnam-fl.com/pa/property/?type=api&parcel=07-10-24-7072-0200-0350					
putnam	08/19/2026	09:00 AM ET	07-10-24-7072-0210-0180	2019-0006045	2019-0006045	MEDINA BLANCA	C/O MARTHA AYURE 23503 TAYMAN PARK LANE KATY TX 77494	233 FLAMINGO DR, INTERLACHEN, FL- 32148	00000 - Vacant	0.11	1499.62			MATCH	target county; land/rural use: vacant	Scheduled	https://www.putnam.realtaxdeed.com/index.cfm?zaction=AUCTION&Zmethod=PREVIEW&AUCTIONDATE=08/19/2026	https://apps.putnam-fl.com/pa/property/?type=api&parcel=07-10-24-7072-0210-0180					
putnam	08/19/2026	09:00 AM ET	07-10-24-7072-0210-0200	2019-0006041	2019-0006041	MEDINA BLANCA	C/O MARTHA AYURE 23503 TAYMAN PARK LANE KATY TX 77494	237 FLAMINGO DR, INTERLACHEN, FL- 32148	00000 - Vacant	0.11	1503.49			MATCH	target county; land/rural use: vacant	Scheduled	https://www.putnam.realtaxdeed.com/index.cfm?zaction=AUCTION&Zmethod=PREVIEW&AUCTIONDATE=08/19/2026	https://apps.putnam-fl.com/pa/property/?type=api&parcel=07-10-24-7072-0210-0200					
putnam	08/19/2026	09:00 AM ET	07-10-24-7072-0220-0030	2019-0006077	2019-0006077	VIZCAINO ENRIQUE + ANA MARIA	600 CHELSEA #10 EL PASO TX 79903-5326	00 UNASSIGNED LOCATION RE	00000 - Vacant	0.11	1466.92			MATCH	target county; land/rural use: vacant	Scheduled	https://www.putnam.realtaxdeed.com/index.cfm?zaction=AUCTION&Zmethod=PREVIEW&AUCTIONDATE=08/19/2026	https://apps.putnam-fl.com/pa/property/?type=api&parcel=07-10-24-7072-0220-0030					
putnam	08/19/2026	09:00 AM ET	07-10-25-4082-0010-0230	2023-0005708	2023-0005708	KING JAMES ROBERT	634 CHRISTIAN HOME ROAD PITTS GA 31072	00 UNASSIGNED LOCATION RE	00000 - Vacant	0.21	1135.9			MATCH	target county; land/rural use: vacant	Scheduled	https://www.putnam.realtaxdeed.com/index.cfm?zaction=AUCTION&Zmethod=PREVIEW&AUCTIONDATE=08/19/2026	https://apps.putnam-fl.com/pa/property/?type=api&parcel=07-10-25-4082-0010-0230					
putnam	08/19/2026	09:00 AM ET	08-10-24-6782-0080-0030	2019-0007169	2019-0007169	KHAN JALIL ABDUL	10201 SW 191 ST MIAMI FL 33157	00 UNASSIGNED LOCATION RE	00000 - Vacant	0.1	1435.95			MATCH	target county; land/rural use: vacant	Scheduled	https://www.putnam.realtaxdeed.com/index.cfm?zaction=AUCTION&Zmethod=PREVIEW&AUCTIONDATE=08/19/2026	https://apps.putnam-fl.com/pa/property/?type=api&parcel=08-10-24-6782-0080-0030					
putnam	08/19/2026	09:00 AM ET	13-11-26-8244-0400-0110	2019-0011763	2019-0011763	GOMEZ ROSE HEIRS OF	4635 LUNGUSTRUM WAY ORLANDO FL 32839-3143	707 MINNESOTA AV, SATSUMA, FL- 32189	00000 - Vacant	0.23	1016.54			MATCH	target county; land/rural use: vacant	Scheduled	https://www.putnam.realtaxdeed.com/index.cfm?zaction=AUCTION&Zmethod=PREVIEW&AUCTIONDATE=08/19/2026	https://apps.putnam-fl.com/pa/property/?type=api&parcel=13-11-26-8244-0400-0110					
putnam	08/19/2026	09:00 AM ET	15-10-24-4050-0020-0390	2019-0012504	2019-0012504	NAGLE L MARSHALL JR	606 BORMANN ST BRENHAM TX 77833	00 UNASSIGNED LOCATION RE	01000 - VACANT COMM	0.09	1794.82			MATCH	target county; land/rural use: vacant	Scheduled	https://www.putnam.realtaxdeed.com/index.cfm?zaction=AUCTION&Zmethod=PREVIEW&AUCTIONDATE=08/19/2026	https://apps.putnam-fl.com/pa/property/?type=api&parcel=15-10-24-4050-0020-0390					
putnam	08/19/2026	09:00 AM ET	17-09-27-0000-0100-0010	2024-0009836	2024-0009836	LARGACCI JUSTIN LANE	332 WEST RIVER RD PALATKA FL 32177	00 UNASSIGNED LOCATION RE	00000 - Vacant	1.03	1258.04			MATCH	target county; land/rural use: vacant	Scheduled	https://www.putnam.realtaxdeed.com/index.cfm?zaction=AUCTION&Zmethod=PREVIEW&AUCTIONDATE=08/19/2026	https://apps.putnam-fl.com/pa/property/?type=api&parcel=17-09-27-0000-0100-0010					
putnam	08/19/2026	09:00 AM ET	17-10-24-1520-0020-0270	2020-0013557	2020-0013557	MISKIEWICZ MARISOL	PO BOX 780036 ORLANDO FL 32878	UNASSIGNED LOCATION PP	00000 - Vacant	0.07	1173.02			MATCH	target county; land/rural use: vacant	Scheduled	https://www.putnam.realtaxdeed.com/index.cfm?zaction=AUCTION&Zmethod=PREVIEW&AUCTIONDATE=08/19/2026	https://apps.putnam-fl.com/pa/property/?type=api&parcel=17-10-24-1520-0020-0270					
putnam	08/19/2026	09:00 AM ET	18-08-25-5106-6150-0100	2023-0011854	2023-0011854	ASHTON LLOYD B + FREIDA	4670 ASHTON RD DEL RIO TN 37727	122 ESCAMBIA DR, FLORAHOME, FL- 32140	00000 - Vacant	0.22	1462.78			MATCH	target county; land/rural use: vacant	Scheduled	https://www.putnam.realtaxdeed.com/index.cfm?zaction=AUCTION&Zmethod=PREVIEW&AUCTIONDATE=08/19/2026	https://apps.putnam-fl.com/pa/property/?type=api&parcel=18-08-25-5106-6150-0100				29.798287	-81.838014
putnam	08/19/2026	09:00 AM ET	19-08-25-5106-6060-0050	2023-0012363	2023-0012363	WALLACE WILLIAM B JR+BETTY FOLSOM + SUSAN GAIL OWEN	833 MARCO DR NE ST PETERSBURG FL 33702	102 NOCATEE DR, FLORAHOME, FL- 32140	00000 - Vacant	0.17	1111.18			MATCH	target county; land/rural use: vacant	Scheduled	https://www.putnam.realtaxdeed.com/index.cfm?zaction=AUCTION&Zmethod=PREVIEW&AUCTIONDATE=08/19/2026	https://apps.putnam-fl.com/pa/property/?type=api&parcel=19-08-25-5106-6060-0050					
putnam	08/19/2026	09:00 AM ET	19-08-25-5109-9020-0020	2023-0012364	2023-0012364	PIRKLE J A + RUBY B	388 BIRD RD JACKSONVILLE FL 32218-1812	132 SOUTH DR, FLORAHOME, FL- 32140	00000 - Vacant	0.17	1137.93			MATCH	target county; land/rural use: vacant	Scheduled	https://www.putnam.realtaxdeed.com/index.cfm?zaction=AUCTION&Zmethod=PREVIEW&AUCTIONDATE=08/19/2026	https://apps.putnam-fl.com/pa/property/?type=api&parcel=19-08-25-5109-9020-0020				29.788823	-81.836618
putnam	08/19/2026	09:00 AM ET	23-10-24-4061-0130-0120	2023-0013537	2023-0013537	DAMON ARCHIE D + GELENA C DAVIS (TIC)	PO BOX 523 HOLLISTER FL 32147	00 UNASSIGNED LOCATION RE	00000 - Vacant	0.23	1040.99			MATCH	target county; land/rural use: vacant	Scheduled	https://www.putnam.realtaxdeed.com/index.cfm?zaction=AUCTION&Zmethod=PREVIEW&AUCTIONDATE=08/19/2026	https://apps.putnam-fl.com/pa/property/?type=api&parcel=23-10-24-4061-0130-0120					
putnam	08/19/2026	09:00 AM ET	23-10-24-4061-0130-0130	2023-0013538	2023-0013538	DAMON ARCHIE D + GELENA C DAVIS (TIC)	PO BOX 523 HOLLISTER FL 32147	00 UNASSIGNED LOCATION RE	00000 - Vacant	0.23	1126.49			MATCH	target county; land/rural use: vacant	Scheduled	https://www.putnam.realtaxdeed.com/index.cfm?zaction=AUCTION&Zmethod=PREVIEW&AUCTIONDATE=08/19/2026	https://apps.putnam-fl.com/pa/property/?type=api&parcel=23-10-24-4061-0130-0130					
putnam	08/19/2026	09:00 AM ET	24-09-24-4075-0460-0190	2019-0016034	2019-0016034	DEVINE INVESTMENTS LLC	4010 NE 6 AVENUE POMPANO BEACH FL 33064	00 UNASSIGNED LOCATION RE	00000 - Vacant	0.22	1903.49			MATCH	target county; land/rural use: vacant	Scheduled	https://www.putnam.realtaxdeed.com/index.cfm?zaction=AUCTION&Zmethod=PREVIEW&AUCTIONDATE=08/19/2026	https://apps.putnam-fl.com/pa/property/?type=api&parcel=24-09-24-4075-0460-0190					
putnam	08/19/2026	09:00 AM ET	24-09-24-4075-0510-0210	2019-0016080	2019-0016080	JUSTICE PAUL	475 COLUMBUS RD FORSYTH MO 65653	00 UNASSIGNED LOCATION RE	00000 - Vacant	0.22	1991.34			MATCH	target county; land/rural use: vacant	Scheduled	https://www.putnam.realtaxdeed.com/index.cfm?zaction=AUCTION&Zmethod=PREVIEW&AUCTIONDATE=08/19/2026	https://apps.putnam-fl.com/pa/property/?type=api&parcel=24-09-24-4075-0510-0210					
putnam	08/19/2026	09:00 AM ET	25-09-24-4075-0900-0050	2020-0017552	2020-0017552	ANDREU SAID	901 VIRGIL AVE RIDGEFIELD NJ 07657	00 UNASSIGNED LOCATION RE	00000 - Vacant	0.22	2000.67			MATCH	target county; land/rural use: vacant	Scheduled	https://www.putnam.realtaxdeed.com/index.cfm?zaction=AUCTION&Zmethod=PREVIEW&AUCTIONDATE=08/19/2026	https://apps.putnam-fl.com/pa/property/?type=api&parcel=25-09-24-4075-0900-0050					
putnam	08/19/2026	09:00 AM ET	34-10-23-4520-0060-0030	2021-0017035	2021-0017035	SHEFFIELD DOROTHY	C/O NANCY L BLUM 8063 BUTTERCUP ST JACKSONVILLE FL 32210-6649	00 UNASSIGNED LOCATION RE	00000 - Vacant	0.52	1675.62			MATCH	target county; land/rural use: vacant	Scheduled	https://www.putnam.realtaxdeed.com/index.cfm?zaction=AUCTION&Zmethod=PREVIEW&AUCTIONDATE=08/19/2026	https://apps.putnam-fl.com/pa/property/?type=api&parcel=34-10-23-4520-0060-0030					
putnam	08/19/2026	09:00 AM ET	35-08-27-8152-0160-0070	2024-0015335	2024-0015335	EVANS CARLTON	144 BONITA DRIVE PALATKA FL 32177	144 BONITA DR, PALATKA, FL- 32177	00200 - MOBILE HOME	0.51	19527.75			NO	target county but property use not land-like (00200 - MOBILE HOME)	Scheduled	https://www.putnam.realtaxdeed.com/index.cfm?zaction=AUCTION&Zmethod=PREVIEW&AUCTIONDATE=08/19/2026	https://apps.putnam-fl.com/pa/property/?type=api&parcel=35-08-27-8152-0160-0070				29.763214	-81.569418
putnam	08/19/2026	09:00 AM ET	37-13-27-7061-0460-0390	2023-0018395	2023-0018395	SOLIS DAISY	9032 ASPEN HOLLOW PL RIVERVIEW FL 33578	336 BIRCH BLVD, GEORGETOWN, FL- 32139	00000 - Vacant	0.23	1128.04			MATCH	target county; land/rural use: vacant	Scheduled	https://www.putnam.realtaxdeed.com/index.cfm?zaction=AUCTION&Zmethod=PREVIEW&AUCTIONDATE=08/19/2026	https://apps.putnam-fl.com/pa/property/?type=api&parcel=37-13-27-7061-0460-0390				29.382469	-81.59893
putnam	08/19/2026	09:00 AM ET	37-13-27-7061-0460-0400	2023-0018396	2023-0018396	SOLIS DAISY	9032 ASPEN HOLLOW PL RIVERVIEW FL 33578	00 UNASSIGNED LOCATION RE	00000 - Vacant	0.23	1128.04			MATCH	target county; land/rural use: vacant	Scheduled	https://www.putnam.realtaxdeed.com/index.cfm?zaction=AUCTION&Zmethod=PREVIEW&AUCTIONDATE=08/19/2026	https://apps.putnam-fl.com/pa/property/?type=api&parcel=37-13-27-7061-0460-0400					
putnam	08/19/2026	09:00 AM ET	37-13-27-7063-1100-0060	2022-0018802	2022-0018802	GULF FLORIDA LAND CORP	2885 SANFORD AV SW 39084 GRANDVILLE MI 49418	211 SIESTA DR, GEORGETOWN, FL- 32139	00000 - Vacant	0.23	1217.27			MATCH	target county; land/rural use: vacant	Scheduled	https://www.putnam.realtaxdeed.com/index.cfm?zaction=AUCTION&Zmethod=PREVIEW&AUCTIONDATE=08/19/2026	https://apps.putnam-fl.com/pa/property/?type=api&parcel=37-13-27-7063-1100-0060					
putnam	08/19/2026	09:00 AM ET	37-13-27-7063-1100-0090	2020-0022193	2020-0022193	VERONA V LLC	18305 BISCAYNE BLVD STE 400 AVENTURA FL 33160	102 BAHAMA CT, GEORGETOWN, FL- 32139	00000 - Vacant	0.23	1221.6			MATCH	target county; land/rural use: vacant	Scheduled	https://www.putnam.realtaxdeed.com/index.cfm?zaction=AUCTION&Zmethod=PREVIEW&AUCTIONDATE=08/19/2026	https://apps.putnam-fl.com/pa/property/?type=api&parcel=37-13-27-7063-1100-0090					
putnam	08/19/2026	09:00 AM ET	38-12-26-0000-0040-0002	2019-0021639	2019-0021639	FRUITLAND GOLF + COUNTRY CLUB INC	C/O LIVE OAK GOLF + COUNTRY CLUB 1264 CR 309 CRESCENT CITY FL 32112	00 UNASSIGNED LOCATION RE	09400 - RIGHT-OF-WAY	2.02	1670.94			NO	target county but property use not land-like (09400 - RIGHT-OF-WAY)	Scheduled	https://www.putnam.realtaxdeed.com/index.cfm?zaction=AUCTION&Zmethod=PREVIEW&AUCTIONDATE=08/19/2026	https://apps.putnam-fl.com/pa/property/?type=api&parcel=38-12-26-0000-0040-0002					
putnam	08/19/2026	09:00 AM ET	39-10-27-7750-0110-0170	2020-0022947	2020-0022947	PHOENIX OFFICE CENTER	PO BOX 56272 JACKSONVILLE FL 32241	00 UNASSIGNED LOCATION RE	00000 - Vacant	0.06	1288.04			MATCH	target county; land/rural use: vacant	Scheduled	https://www.putnam.realtaxdeed.com/index.cfm?zaction=AUCTION&Zmethod=PREVIEW&AUCTIONDATE=08/19/2026	https://apps.putnam-fl.com/pa/property/?type=api&parcel=39-10-27-7750-0110-0170					
sarasota	08/20/2026	09:00 AM ET	0950136214	2026 TD 000117	3413.0000			MUNCEY RD, NORTH PORT, FL- 34291			3687.42	7248.0	51	NO	excluded county (coastal/metro)	Scheduled	https://www.sarasota.realtaxdeed.com/index.cfm?zaction=AUCTION&Zmethod=PREVIEW&AUCTIONDATE=08/20/2026	http://www.sc-pa.com/propertysearch/parcel/0950136214					
putnam	08/26/2026		01-10-26-1470-0020-0180	2024-0000242	2024-0000242			202 PUTNAM AV, PALATKA, FL- 32177			3357.77			REVIEW	target county; property use unknown — verify on appraiser site	Redeemed	https://www.putnam.realtaxdeed.com/index.cfm?zaction=AUCTION&Zmethod=PREVIEW&AUCTIONDATE=08/26/2026	https://apps.putnam-fl.com/pa/property/?type=api&parcel=01-10-26-1470-0020-0180				29.659137	-81.649252
putnam	08/26/2026	09:00 AM ET	01-10-26-7200-0090-0050	2024-0000299	2024-0000299	MCCASKILL ROBERT LUTRELL	205 E PALMETTO ST PALATKA FL 32177	00 UNASSIGNED LOCATION RE	00700 - MISC. RESIDENCE	0.23	3378.3			NO	target county but property use not land-like (00700 - MISC. RESIDENCE)	Scheduled	https://www.putnam.realtaxdeed.com/index.cfm?zaction=AUCTION&Zmethod=PREVIEW&AUCTIONDATE=08/26/2026	https://apps.putnam-fl.com/pa/property/?type=api&parcel=01-10-26-7200-0090-0050					
putnam	08/26/2026	09:00 AM ET	02-10-24-4075-1870-0070	2024-0000711	2024-0000711	MORRIS PATRICIA N + M A WADE II (TIC)	422 MARION AVE INTERLACHEN FL 32148	422 MARION AV, INTERLACHEN, FL- 32148	00200 - MOBILE HOME	0.22	28497.09			NO	target county but property use not land-like (00200 - MOBILE HOME)	Scheduled	https://www.putnam.realtaxdeed.com/index.cfm?zaction=AUCTION&Zmethod=PREVIEW&AUCTIONDATE=08/26/2026	https://apps.putnam-fl.com/pa/property/?type=api&parcel=02-10-24-4075-1870-0070				29.655835	-81.872364
putnam	08/26/2026	09:00 AM ET	02-12-27-0000-0240-0002	2024-0000939	2024-0000939	O-LUXURY	3566 CAPPER RD JACKSONVILLE FL 32118	121 FISHERMANS COVE PARADISE R, CRESCENT CITY, FL- 32112	00200 - MOBILE HOME	0.24	7794.04			NO	target county but property use not land-like (00200 - MOBILE HOME)	Scheduled	https://www.putnam.realtaxdeed.com/index.cfm?zaction=AUCTION&Zmethod=PREVIEW&AUCTIONDATE=08/26/2026	https://apps.putnam-fl.com/pa/property/?type=api&parcel=02-12-27-0000-0240-0002				29.48095	-81.544111
putnam	08/26/2026	09:00 AM ET	02-12-27-5571-0000-0120	2024-0001013	2024-0001013	DIAZ RUBEN + TOMAS DIAZ (JTRS)	123 MCCLAIN BLVD CRESCENT CITY FL 32112	123 MCCLAIN BLVD, CRESCENT CITY, FL- 32112	00200 - MOBILE HOME	0.23	5812.36			NO	target county but property use not land-like (00200 - MOBILE HOME)	Scheduled	https://www.putnam.realtaxdeed.com/index.cfm?zaction=AUCTION&Zmethod=PREVIEW&AUCTIONDATE=08/26/2026	https://apps.putnam-fl.com/pa/property/?type=api&parcel=02-12-27-5571-0000-0120				29.482428	-81.544344
putnam	08/26/2026	09:00 AM ET	04-10-24-5532-0050-0140	2020-0002545	2020-0002545	PUTNAM LAND CONSERVANCY INC	PO BOX 667 INTERLACHEN FL 32148	127 PACIFIC AV, INTERLACHEN, FL- 32148	00000 - Vacant	0.07	1108.41			MATCH	target county; land/rural use: vacant	Scheduled	https://www.putnam.realtaxdeed.com/index.cfm?zaction=AUCTION&Zmethod=PREVIEW&AUCTIONDATE=08/26/2026	https://apps.putnam-fl.com/pa/property/?type=api&parcel=04-10-24-5532-0050-0140					
putnam	08/26/2026	09:00 AM ET	04-10-25-4077-0210-0080	2024-0002780	2024-0002780	DEBOSE JOSEPH CLARENCE JR	320 5TH WAY INTERLACHEN FL 32148	147 DARBY DR, PALATKA, FL- 32177	00200 - MOBILE HOME	2.5	7976.06			NO	target county but property use not land-like (00200 - MOBILE HOME)	Scheduled	https://www.putnam.realtaxdeed.com/index.cfm?zaction=AUCTION&Zmethod=PREVIEW&AUCTIONDATE=08/26/2026	https://apps.putnam-fl.com/pa/property/?type=api&parcel=04-10-25-4077-0210-0080				29.656647	-81.799567
putnam	08/26/2026	09:00 AM ET	06-11-26-0000-8888-1056	2020-0005124	2020-0005124	REI HOLDINGS LLC	770 EAST MAIN ST #378 LEHI UT 84043	00 UNASSIGNED LOCATION RE	00000 - Vacant	1.25	1851.78			MATCH	target county; land/rural use: vacant	Scheduled	https://www.putnam.realtaxdeed.com/index.cfm?zaction=AUCTION&Zmethod=PREVIEW&AUCTIONDATE=08/26/2026	https://apps.putnam-fl.com/pa/property/?type=api&parcel=06-11-26-0000-8888-1056					
putnam	08/26/2026	09:00 AM ET	06-11-26-0000-8888-1083	2020-0005130	2020-0005130	REI HOLDINGS LLC	770 EAST MAIN ST #378 LEHI UT 84043	00 UNASSIGNED LOCATION RE	00000 - Vacant	1.26	1845.16			MATCH	target county; land/rural use: vacant	Scheduled	https://www.putnam.realtaxdeed.com/index.cfm?zaction=AUCTION&Zmethod=PREVIEW&AUCTIONDATE=08/26/2026	https://apps.putnam-fl.com/pa/property/?type=api&parcel=06-11-26-0000-8888-1083					
putnam	08/26/2026	09:00 AM ET	06-11-26-0000-8888-1127	2020-0005165	2020-0005165	REI HOLDINGS LLC	770 EAST MAIN ST #378 LEHI UT 84043	00 UNASSIGNED LOCATION RE	00000 - Vacant	1.26	1851.78			MATCH	target county; land/rural use: vacant	Scheduled	https://www.putnam.realtaxdeed.com/index.cfm?zaction=AUCTION&Zmethod=PREVIEW&AUCTIONDATE=08/26/2026	https://apps.putnam-fl.com/pa/property/?type=api&parcel=06-11-26-0000-8888-1127					
putnam	08/26/2026	09:00 AM ET	07-13-27-9020-0000-0171	2024-0005365	2024-0005365	OSBURN TAMILA D	107 GEORGETOWN POINT RD GEORGETOWN FL 32139	107 GEORGETOWN POINT RD, GEORGETOWN, FL- 32139	00200 - MOBILE HOME	0.48	6289.87			NO	target county but property use not land-like (00200 - MOBILE HOME)	Scheduled	https://www.putnam.realtaxdeed.com/index.cfm?zaction=AUCTION&Zmethod=PREVIEW&AUCTIONDATE=08/26/2026	https://apps.putnam-fl.com/pa/property/?type=api&parcel=07-13-27-9020-0000-0171				29.379733	-81.617166
putnam	08/26/2026	09:00 AM ET	08-13-27-7061-0500-0160	2023-0006632	2023-0006632	MCCARTHY JOHN D + MARY E H/W	3360 SPRAGUE RD ALEXANDER NY 14005	409 ROSEWOOD ST, GEORGETOWN, FL- 32139	00000 - Vacant	0.46	1699.38			MATCH	target county; land/rural use: vacant	Scheduled	https://www.putnam.realtaxdeed.com/index.cfm?zaction=AUCTION&Zmethod=PREVIEW&AUCTIONDATE=08/26/2026	https://apps.putnam-fl.com/pa/property/?type=api&parcel=08-13-27-7061-0500-0160					
putnam	08/26/2026	09:00 AM ET	08-13-27-7063-1320-0080	2019-0007563	2019-0007563	VERONA V LLC	18305 BISCAYNE BLVD STE 400 AVENTURA FL 33160	215 GARRISON AV, GEORGETOWN, FL- 32139	00000 - Vacant	0.23	1172.97			MATCH	target county; land/rural use: vacant	Scheduled	https://www.putnam.realtaxdeed.com/index.cfm?zaction=AUCTION&Zmethod=PREVIEW&AUCTIONDATE=08/26/2026	https://apps.putnam-fl.com/pa/property/?type=api&parcel=08-13-27-7063-1320-0080	https://apps.putnam-fl.com/coc/taxdeeds/public/public_certification.php?certnum=20190007563				
putnam	08/26/2026	09:00 AM ET	11-10-24-4075-2370-0120	2024-0007392	2024-0007392	ALEXANDER WILLIAM R	124 PHILLIP AVE INTERLACHEN FL 32148	124 PHILLIP AV, INTERLACHEN, FL- 32148	00200 - MOBILE HOME	0.43	3787.06			NO	target county but property use not land-like (00200 - MOBILE HOME)	Scheduled	https://www.putnam.realtaxdeed.com/index.cfm?zaction=AUCTION&Zmethod=PREVIEW&AUCTIONDATE=08/26/2026	https://apps.putnam-fl.com/pa/property/?type=api&parcel=11-10-24-4075-2370-0120	https://apps.putnam-fl.com/coc/taxdeeds/public/public_certification.php?certnum=20240007392			29.646233	-81.862673
putnam	08/26/2026		12-10-24-4075-2500-0140	2024-0008120	2024-0008120			120 EDWARD ST, INTERLACHEN, FL- 32148			3780.78			REVIEW	target county; property use unknown — verify on appraiser site	Redeemed	https://www.putnam.realtaxdeed.com/index.cfm?zaction=AUCTION&Zmethod=PREVIEW&AUCTIONDATE=08/26/2026	https://apps.putnam-fl.com/pa/property/?type=api&parcel=12-10-24-4075-2500-0140				29.640074	-81.854943
putnam	08/26/2026		12-10-26-2670-0000-0010	2024-0008246	2024-0008246			201 NELLIE ST, PALATKA, FL- 32177			5726.31			REVIEW	target county; property use unknown — verify on appraiser site	Redeemed	https://www.putnam.realtaxdeed.com/index.cfm?zaction=AUCTION&Zmethod=PREVIEW&AUCTIONDATE=08/26/2026	https://apps.putnam-fl.com/pa/property/?type=api&parcel=12-10-26-2670-0000-0010				29.647156	-81.655042
putnam	08/26/2026	09:00 AM ET	12-11-26-8241-0310-0150	2024-0008394	2024-0008394	BUCK GEORGETTE+ROGER BEACH II JTRS	219 SUMMIT RD SATSUMA FL 32189	219 SUMMIT RD, SATSUMA, FL- 32189	00200 - MOBILE HOME	0.23	3214.71			NO	target county but property use not land-like (00200 - MOBILE HOME)	Scheduled	https://www.putnam.realtaxdeed.com/index.cfm?zaction=AUCTION&Zmethod=PREVIEW&AUCTIONDATE=08/26/2026	https://apps.putnam-fl.com/pa/property/?type=api&parcel=12-11-26-8241-0310-0150	https://apps.putnam-fl.com/coc/taxdeeds/public/public_certification.php?certnum=20240008394			29.562276	-81.624406
putnam	08/26/2026	09:00 AM ET	14-08-24-5104-1120-0230	2019-0012005	2019-0012005	COMIAN XI TAX LIEN FUND LLC	700 ROUTE 130 N SUITE 101 RIVERTON NJ 08077	218 MARJAK LN, FLORAHOME, FL- 32140	00000 - Vacant	0.17	1213.42			MATCH	target county; land/rural use: vacant	Scheduled	https://www.putnam.realtaxdeed.com/index.cfm?zaction=AUCTION&Zmethod=PREVIEW&AUCTIONDATE=08/26/2026	https://apps.putnam-fl.com/pa/property/?type=api&parcel=14-08-24-5104-1120-0230	https://apps.putnam-fl.com/coc/taxdeeds/public/public_certification.php?certnum=20190012005			29.79491	-81.878272
putnam	08/26/2026	09:00 AM ET	14-08-24-5104-1130-0240	2019-0011992	2019-0011992	COMIAN XI TAX LIEN FUND LLC	700 ROUTE 130 N SUITE 101 RIVERTON NJ 08077	108 RICKIE LN, FLORAHOME, FL- 32140	00000 - Vacant	0.17	1213.59			MATCH	target county; land/rural use: vacant	Scheduled	https://www.putnam.realtaxdeed.com/index.cfm?zaction=AUCTION&Zmethod=PREVIEW&AUCTIONDATE=08/26/2026	https://apps.putnam-fl.com/pa/property/?type=api&parcel=14-08-24-5104-1130-0240	https://apps.putnam-fl.com/coc/taxdeeds/public/public_certification.php?certnum=20190011992				
putnam	08/26/2026	09:00 AM ET	14-08-24-5104-1140-0090	2019-0011993	2019-0011993	COMIAN XI TAX LIEN FUND LLC	700 ROUTE 130 N SUITE 101 RIVERTON NJ 08077	117 RICKIE LN, FLORAHOME, FL- 32140	00000 - Vacant	0.17	1213.77			MATCH	target county; land/rural use: vacant	Scheduled	https://www.putnam.realtaxdeed.com/index.cfm?zaction=AUCTION&Zmethod=PREVIEW&AUCTIONDATE=08/26/2026	https://apps.putnam-fl.com/pa/property/?type=api&parcel=14-08-24-5104-1140-0090	https://apps.putnam-fl.com/coc/taxdeeds/public/public_certification.php?certnum=20190011993				
putnam	08/26/2026	09:00 AM ET	14-10-23-9314-0010-0410	2019-0012098	2019-0012098	FLORIDA INVESTMENTS LLC	C/O JAY GAYOSO PA 20801 BISCAYNE BLVD STE 506 AVENTURA FL 33180	327 BADEN POWELL RD, HAWTHORNE, FL- 32640	00000 - Vacant	0.1	1502.01			MATCH	target county; land/rural use: vacant	Scheduled	https://www.putnam.realtaxdeed.com/index.cfm?zaction=AUCTION&Zmethod=PREVIEW&AUCTIONDATE=08/26/2026	https://apps.putnam-fl.com/pa/property/?type=api&parcel=14-10-23-9314-0010-0410	https://apps.putnam-fl.com/coc/taxdeeds/public/public_certification.php?certnum=20190012098			29.628853	-81.977582
putnam	08/26/2026	09:00 AM ET	14-10-23-9314-0010-0420	2019-0012099	2019-0012099	FLORIDA INVESTMENTS LLC	C/O JAY GAYOSO PA 20801 BISCAYNE BLVD STE 506 AVENTURA FL 33180	325 BADEN POWELL RD, HAWTHORNE, FL- 32640	00000 - Vacant	0.1	1502.01			MATCH	target county; land/rural use: vacant	Scheduled	https://www.putnam.realtaxdeed.com/index.cfm?zaction=AUCTION&Zmethod=PREVIEW&AUCTIONDATE=08/26/2026	https://apps.putnam-fl.com/pa/property/?type=api&parcel=14-10-23-9314-0010-0420	https://apps.putnam-fl.com/coc/taxdeeds/public/public_certification.php?certnum=20190012099			29.628838	-81.977583
putnam	08/26/2026	09:00 AM ET	16-10-24-4066-0190-0060	2024-0009726	2024-0009726	ROLDAN JAMES + ILDARINA H/W	120 WEBSTER ST INTERLACHEN FL 32148-8281	107 DICKENS ST, INTERLACHEN, FL- 32148	00700 - MISC. RESIDENCE	0.29	4836.54			NO	target county but property use not land-like (00700 - MISC. RESIDENCE)	Scheduled	https://www.putnam.realtaxdeed.com/index.cfm?zaction=AUCTION&Zmethod=PREVIEW&AUCTIONDATE=08/26/2026	https://apps.putnam-fl.com/pa/property/?type=api&parcel=16-10-24-4066-0190-0060	https://apps.putnam-fl.com/coc/taxdeeds/public/public_certification.php?certnum=20240009726			29.628899	-81.902911
putnam	08/26/2026		16-10-24-4066-0210-0080	2024-0009733	2024-0009733			116 BRANDT ST, INTERLACHEN, FL- 32148			4895.21			REVIEW	target county; property use unknown — verify on appraiser site	Redeemed	https://www.putnam.realtaxdeed.com/index.cfm?zaction=AUCTION&Zmethod=PREVIEW&AUCTIONDATE=08/26/2026	https://apps.putnam-fl.com/pa/property/?type=api&parcel=16-10-24-4066-0210-0080				29.628612	-81.901774
putnam	08/26/2026	09:00 AM ET	18-10-24-1650-0010-1090	2024-0010381	2024-0010381	MOORE KIMBERLY + LACEY MOORE (JTRS)	120 SW 60TH AVE INTERLACHEN FL 32148	120 SW 60TH AV, INTERLACHEN, FL- 32148	00200 - MOBILE HOME	0.26	6955.21			NO	target county but property use not land-like (00200 - MOBILE HOME)	Scheduled	https://www.putnam.realtaxdeed.com/index.cfm?zaction=AUCTION&Zmethod=PREVIEW&AUCTIONDATE=08/26/2026	https://apps.putnam-fl.com/pa/property/?type=api&parcel=18-10-24-1650-0010-1090	https://apps.putnam-fl.com/coc/taxdeeds/public/public_certification.php?certnum=20240010381				
putnam	08/26/2026	09:00 AM ET	18-10-24-5112-0030-0430	2024-0010498	2024-0010498	GEIGER PAMELA	478 SE HERNANDO AVE LAKE CITY FL 32025	226 5TH WAY, INTERLACHEN, FL- 32148	00700 - MISC. RESIDENCE	0.34	3640.06			NO	target county but property use not land-like (00700 - MISC. RESIDENCE)	Scheduled	https://www.putnam.realtaxdeed.com/index.cfm?zaction=AUCTION&Zmethod=PREVIEW&AUCTIONDATE=08/26/2026	https://apps.putnam-fl.com/pa/property/?type=api&parcel=18-10-24-5112-0030-0430	https://apps.putnam-fl.com/coc/taxdeeds/public/public_certification.php?certnum=20240010498			29.628715	-81.929536
putnam	08/26/2026	09:00 AM ET	21-10-27-0000-0490-0000	2024-0011260	2024-0011260	NEWMAN BARRY+HEIRS OF MARY GARVIN+ HEIRS OF WALLACE ASIA	C/O TERRI H COLLIER 5568 ROCKOLA RD JACKSONVILLE FL 32222	131 ASIA RD, SAN MATEO, FL- 32187	00100 - SINGLE FAMILY	0.48	4103.79			NO	target county but property use not land-like (00100 - SINGLE FAMILY)	Scheduled	https://www.putnam.realtaxdeed.com/index.cfm?zaction=AUCTION&Zmethod=PREVIEW&AUCTIONDATE=08/26/2026	https://apps.putnam-fl.com/pa/property/?type=api&parcel=21-10-27-0000-0490-0000	https://apps.putnam-fl.com/coc/taxdeeds/public/public_certification.php?certnum=20240011260			29.609942	-81.579341
putnam	08/26/2026		22-10-26-5470-0050-0010	2024-0011466	2024-0011466			209 HIGGINS ST, PALATKA, FL- 32177			5716.74			REVIEW	target county; property use unknown — verify on appraiser site	Redeemed	https://www.putnam.realtaxdeed.com/index.cfm?zaction=AUCTION&Zmethod=PREVIEW&AUCTIONDATE=08/26/2026	https://apps.putnam-fl.com/pa/property/?type=api&parcel=22-10-26-5470-0050-0010				29.618406	-81.692984
putnam	08/26/2026	09:00 AM ET	22-10-26-5470-0070-0100	2024-0011468	2024-0011468	GOSS LINDA S HEIRS OF	206 BLANCHETTE AVE PALATKA FL 32177	206 BLANCHETTE AV, PALATKA, FL- 32177	00200 - MOBILE HOME	0.32	6291.97			NO	target county but property use not land-like (00200 - MOBILE HOME)	Scheduled	https://www.putnam.realtaxdeed.com/index.cfm?zaction=AUCTION&Zmethod=PREVIEW&AUCTIONDATE=08/26/2026	https://apps.putnam-fl.com/pa/property/?type=api&parcel=22-10-26-5470-0070-0100	https://apps.putnam-fl.com/coc/taxdeeds/public/public_certification.php?certnum=20240011468			29.618494	-81.693124
putnam	08/26/2026	09:00 AM ET	23-10-23-0000-0450-0000	2024-0011623	2024-0011623	HAYNES SHANDA L + DARYL E JOHNSON (TIC)	1522 NE 40TH PLACE GAINESVILLE FL 32609	180 S COUNTY RD 21, HAWTHORNE, FL- 32640	00200 - MOBILE HOME	2.03	7514.25			NO	target county but property use not land-like (00200 - MOBILE HOME)	Scheduled	https://www.putnam.realtaxdeed.com/index.cfm?zaction=AUCTION&Zmethod=PREVIEW&AUCTIONDATE=08/26/2026	https://apps.putnam-fl.com/pa/property/?type=api&parcel=23-10-23-0000-0450-0000	https://apps.putnam-fl.com/coc/taxdeeds/public/public_certification.php?certnum=20240011623			29.605475	-81.978006
putnam	08/26/2026	09:00 AM ET	23-10-24-4062-0020-0110	2024-0011660	2024-0011660	MOYER JEAN + CHRISTINE DESRASIERS + LANE LOGAN (TIC)	C/O JEAN MOYER 104 ALMOND AVE INTERLACHEN FL 32148	104 ALMOND AV, INTERLACHEN, FL- 32148	00200 - MOBILE HOME	0.46	7998.03			NO	target county but property use not land-like (00200 - MOBILE HOME)	Scheduled	https://www.putnam.realtaxdeed.com/index.cfm?zaction=AUCTION&Zmethod=PREVIEW&AUCTIONDATE=08/26/2026	https://apps.putnam-fl.com/pa/property/?type=api&parcel=23-10-24-4062-0020-0110	https://apps.putnam-fl.com/coc/taxdeeds/public/public_certification.php?certnum=20240011660				
putnam	08/26/2026	09:00 AM ET	24-09-24-4075-0320-0260	2024-0011953	2024-0011953	STONE ERIC H	4413 SW 150TH PL OCALA FL 34473-2671	815 DEL MONACO AV, INTERLACHEN, FL- 32148	00200 - MOBILE HOME	0.22	7732.44			NO	target county but property use not land-like (00200 - MOBILE HOME)	Scheduled	https://www.putnam.realtaxdeed.com/index.cfm?zaction=AUCTION&Zmethod=PREVIEW&AUCTIONDATE=08/26/2026	https://apps.putnam-fl.com/pa/property/?type=api&parcel=24-09-24-4075-0320-0260	https://apps.putnam-fl.com/coc/taxdeeds/public/public_certification.php?certnum=20240011953			29.696835	-81.852244
putnam	08/26/2026	09:00 AM ET	29-09-26-0000-0030-0000	2024-0013669	2024-0013669	TAMASKA JEAN S + JOSEPH J H/W + DAVID D DEAN	C/O DAVID D DEAN 149 ACORN LANE BRISTOL VA 24202	133 STATE RD 100, PALATKA, FL- 32177	00200 - MOBILE HOME	0.36	3751.89			NO	target county but property use not land-like (00200 - MOBILE HOME)	Scheduled	https://www.putnam.realtaxdeed.com/index.cfm?zaction=AUCTION&Zmethod=PREVIEW&AUCTIONDATE=08/26/2026	https://apps.putnam-fl.com/pa/property/?type=api&parcel=29-09-26-0000-0030-0000	https://apps.putnam-fl.com/coc/taxdeeds/public/public_certification.php?certnum=20240013669				
putnam	08/26/2026	09:00 AM ET	31-12-26-0000-0025-0030	2024-0014074	2024-0014074	DAVIS ERIKA	243 BIG BUCK RD FORT MCCOY FL 32134	243 BIG BUCK RD, PALATKA, FL- 32177	00100 - SINGLE FAMILY	0.27	6069.28			NO	target county but property use not land-like (00100 - SINGLE FAMILY)	Scheduled	https://www.putnam.realtaxdeed.com/index.cfm?zaction=AUCTION&Zmethod=PREVIEW&AUCTIONDATE=08/26/2026	https://apps.putnam-fl.com/pa/property/?type=api&parcel=31-12-26-0000-0025-0030	https://apps.putnam-fl.com/coc/taxdeeds/public/public_certification.php?certnum=20240014074			29.413376	-81.726253
putnam	08/26/2026	09:00 AM ET	31-12-28-0000-0590-0020	2024-0014122	2024-0014122	AMIN AISHA	1224 OLD HWY 17 CRESCENT CITY FL 32112	100 S AMIN RD, CRESCENT CITY, FL- 32112	00200 - MOBILE HOME	3.41	4995.64			NO	target county but property use not land-like (00200 - MOBILE HOME)	Scheduled	https://www.putnam.realtaxdeed.com/index.cfm?zaction=AUCTION&Zmethod=PREVIEW&AUCTIONDATE=08/26/2026	https://apps.putnam-fl.com/pa/property/?type=api&parcel=31-12-28-0000-0590-0020	https://apps.putnam-fl.com/coc/taxdeeds/public/public_certification.php?certnum=20240014122			29.404799	-81.515236
putnam	08/26/2026		34-09-24-3245-0110-0240	2024-0014906	2024-0014906			229 ALASKA AV, INTERLACHEN, FL- 32148			3809.81			REVIEW	target county; property use unknown — verify on appraiser site	Redeemed	https://www.putnam.realtaxdeed.com/index.cfm?zaction=AUCTION&Zmethod=PREVIEW&AUCTIONDATE=08/26/2026	https://apps.putnam-fl.com/pa/property/?type=api&parcel=34-09-24-3245-0110-0240				29.667874	-81.89372
putnam	08/26/2026	09:00 AM ET	35-08-27-8151-0000-6300	2024-0015250	2024-0015250	ARMS & ALAIMO ENTERPRISES LLC	185 PINEHURST POINTE DR ST AUGUSTINE FL 32092	881 WEST RIVER RD, PALATKA, FL- 32177	00200 - MOBILE HOME	0.21	3417.62			NO	target county but property use not land-like (00200 - MOBILE HOME)	Scheduled	https://www.putnam.realtaxdeed.com/index.cfm?zaction=AUCTION&Zmethod=PREVIEW&AUCTIONDATE=08/26/2026	https://apps.putnam-fl.com/pa/property/?type=api&parcel=35-08-27-8151-0000-6300	https://apps.putnam-fl.com/coc/taxdeeds/public/public_certification.php?certnum=20240015250			29.763843	-81.578934
putnam	08/26/2026		35-09-24-4076-0110-0020	2024-0015511	2024-0015511			1406 SHIRLEY ST, INTERLACHEN, FL- 32148			22276.02			REVIEW	target county; property use unknown — verify on appraiser site	Redeemed	https://www.putnam.realtaxdeed.com/index.cfm?zaction=AUCTION&Zmethod=PREVIEW&AUCTIONDATE=08/26/2026	https://apps.putnam-fl.com/pa/property/?type=api&parcel=35-09-24-4076-0110-0020				29.665924	-81.876546
putnam	08/26/2026	09:00 AM ET	35-09-24-4076-0490-0220	2024-0015693	2024-0015693	NICK TINA HEIRS OF	805 DAWN AVE INTERLACHEN FL 32148	805 DAWN AV, INTERLACHEN, FL- 32148	00200 - MOBILE HOME	0.22	5396.52			NO	target county but property use not land-like (00200 - MOBILE HOME)	Scheduled	https://www.putnam.realtaxdeed.com/index.cfm?zaction=AUCTION&Zmethod=PREVIEW&AUCTIONDATE=08/26/2026	https://apps.putnam-fl.com/pa/property/?type=api&parcel=35-09-24-4076-0490-0220	https://apps.putnam-fl.com/coc/taxdeeds/public/public_certification.php?certnum=20240015693			29.675097	-81.866704
putnam	08/26/2026	09:00 AM ET	36-09-24-4076-0260-0230	2024-0015984	2024-0015984	GREEN TREASE L + THOMAS AMY L JTRS	C/O TREASE L GREEN PO BOX 384 INTERLACHEN FL 32148-0384	209 WILSON DR, INTERLACHEN, FL- 32148	00200 - MOBILE HOME	0.22	3562.33			NO	target county but property use not land-like (00200 - MOBILE HOME)	Scheduled	https://www.putnam.realtaxdeed.com/index.cfm?zaction=AUCTION&Zmethod=PREVIEW&AUCTIONDATE=08/26/2026	https://apps.putnam-fl.com/pa/property/?type=api&parcel=36-09-24-4076-0260-0230	https://apps.putnam-fl.com/coc/taxdeeds/public/public_certification.php?certnum=20240015984			29.670238	-81.861658
putnam	08/26/2026	09:00 AM ET	37-13-27-7063-1230-0070	2019-0021475	2019-0021475	VERONA V LLC	18305 BISCAYNE BLVD STE 400 AVENTURA FL 33160	103 ORLEANS CT, GEORGETOWN, FL- 32139	00000 - Vacant	0.24	1191.22			MATCH	target county; land/rural use: vacant	Scheduled	https://www.putnam.realtaxdeed.com/index.cfm?zaction=AUCTION&Zmethod=PREVIEW&AUCTIONDATE=08/26/2026	https://apps.putnam-fl.com/pa/property/?type=api&parcel=37-13-27-7063-1230-0070	https://apps.putnam-fl.com/coc/taxdeeds/public/public_certification.php?certnum=20190021475				
putnam	08/26/2026	09:00 AM ET	37-13-27-7063-1280-0050	2019-0021559	2019-0021559	VERONA V LLC	18305 BISCAYNE BLVD STE 400 AVENTURA FL 33160	309 LAISY DR, GEORGETOWN, FL- 32139	00000 - Vacant	0.23	1159.57			MATCH	target county; land/rural use: vacant	Scheduled	https://www.putnam.realtaxdeed.com/index.cfm?zaction=AUCTION&Zmethod=PREVIEW&AUCTIONDATE=08/26/2026	https://apps.putnam-fl.com/pa/property/?type=api&parcel=37-13-27-7063-1280-0050	https://apps.putnam-fl.com/coc/taxdeeds/public/public_certification.php?certnum=20190021559				
putnam	08/26/2026	09:00 AM ET	37-13-27-7063-1280-0220	2019-0021556	2019-0021556	CAPUANO GARY E	PO BOX 3492 PONTE VEDRA FL 32004	00 UNASSIGNED LOCATION RE	00000 - Vacant	0.23	1168.94			MATCH	target county; land/rural use: vacant	Scheduled	https://www.putnam.realtaxdeed.com/index.cfm?zaction=AUCTION&Zmethod=PREVIEW&AUCTIONDATE=08/26/2026	https://apps.putnam-fl.com/pa/property/?type=api&parcel=37-13-27-7063-1280-0220	https://apps.putnam-fl.com/coc/taxdeeds/public/public_certification.php?certnum=20190021556				
putnam	08/26/2026	09:00 AM ET	42-10-27-6850-0060-0010	2024-0017089	2024-0017089	RODRICK FRANK A	14205 W 52ND AVE ARVADA CO 80002-1505	00 UNASSIGNED LOCATION RE	00000 - Vacant	0.39	10743.68			MATCH	target county; land/rural use: vacant	Scheduled	https://www.putnam.realtaxdeed.com/index.cfm?zaction=AUCTION&Zmethod=PREVIEW&AUCTIONDATE=08/26/2026	https://apps.putnam-fl.com/pa/property/?type=api&parcel=42-10-27-6850-0060-0010	https://apps.putnam-fl.com/coc/taxdeeds/public/public_certification.php?certnum=20240017089				
putnam	08/26/2026		42-10-27-6850-2520-0800	2024-0017308	2024-0017308			1310 ST JOHNS AV, PALATKA, FL- 32177			4820.83			REVIEW	target county; property use unknown — verify on appraiser site	Redeemed	https://www.putnam.realtaxdeed.com/index.cfm?zaction=AUCTION&Zmethod=PREVIEW&AUCTIONDATE=08/26/2026	https://apps.putnam-fl.com/pa/property/?type=api&parcel=42-10-27-6850-2520-0800				29.648291	-81.642465
putnam	08/26/2026		49-09-27-0220-0030-0081	2024-0017650	2024-0017650			102 W CRACKER SWAMP RD, EAST PALATKA, FL- 32131			4914.47			REVIEW	target county; property use unknown — verify on appraiser site	Redeemed	https://www.putnam.realtaxdeed.com/index.cfm?zaction=AUCTION&Zmethod=PREVIEW&AUCTIONDATE=08/26/2026	https://apps.putnam-fl.com/pa/property/?type=api&parcel=49-09-27-0220-0030-0081				29.665794	-81.600765
putnam	09/02/2026	09:00 AM ET	01-13-26-4910-0070-1950	2024-0000475	2024-0000475	MALBEC II LLC	100 S BISCAYNE BLVD SUITE 900 MIAMI FL 33131	123 FOREST ST, GEORGETOWN, FL- 32139	00000 - Vacant	0.23	1691.7			MATCH	target county; land/rural use: vacant	Scheduled	https://www.putnam.realtaxdeed.com/index.cfm?zaction=AUCTION&Zmethod=PREVIEW&AUCTIONDATE=09/02/2026	https://apps.putnam-fl.com/pa/property/?type=api&parcel=01-13-26-4910-0070-1950	https://apps.putnam-fl.com/coc/taxdeeds/public/public_certification.php?certnum=20240000475			29.386001	-81.618438
putnam	09/02/2026	09:00 AM ET	02-10-26-0000-0960-0000	2024-0000833	2024-0000833	A HOME FOR YOU LLC	2008 POND RIDGE CT UNIT #1304 FLEMING ISLAND FL 32003	403 HOLDEN RD, PALATKA, FL- 32177	00100 - SINGLE FAMILY	0.1	4082.08			NO	target county but property use not land-like (00100 - SINGLE FAMILY)	Scheduled	https://www.putnam.realtaxdeed.com/index.cfm?zaction=AUCTION&Zmethod=PREVIEW&AUCTIONDATE=09/02/2026	https://apps.putnam-fl.com/pa/property/?type=api&parcel=02-10-26-0000-0960-0000	https://apps.putnam-fl.com/coc/taxdeeds/public/public_certification.php?certnum=20240000833			29.65165	-81.666448
putnam	09/02/2026	09:00 AM ET	02-12-27-1829-0300-0270	2024-0001010	2024-0001010	JOSEPH MOSARD J	1209 S C TERRACE LAKE WORTH FL 33460	108 RUTH DR, CRESCENT CITY, FL- 32112	00000 - Vacant	0.72	2278.27			MATCH	target county; land/rural use: vacant	Scheduled	https://www.putnam.realtaxdeed.com/index.cfm?zaction=AUCTION&Zmethod=PREVIEW&AUCTIONDATE=09/02/2026	https://apps.putnam-fl.com/pa/property/?type=api&parcel=02-12-27-1829-0300-0270	https://apps.putnam-fl.com/coc/taxdeeds/public/public_certification.php?certnum=20240001010			29.481055	-81.545478
putnam	09/02/2026	09:00 AM ET	03-10-24-2570-0010-0410	2019-0001896	2019-0001896	LAMB GEORGE CHRISTIAN NICHOLAS ET AL (TIC)	39 FARFIELDS ORTON WISTOW PETERBOROUGH PE2 6YB UNITED KINGDOM	00 UNASSIGNED LOCATION RE	00000 - Vacant	0.06	1227.48			MATCH	target county; land/rural use: vacant	Scheduled	https://www.putnam.realtaxdeed.com/index.cfm?zaction=AUCTION&Zmethod=PREVIEW&AUCTIONDATE=09/02/2026	https://apps.putnam-fl.com/pa/property/?type=api&parcel=03-10-24-2570-0010-0410	https://apps.putnam-fl.com/coc/taxdeeds/public/public_certification.php?certnum=20190001896				
putnam	09/02/2026	09:00 AM ET	03-10-24-9070-0110-0190	2019-0002039	2019-0002039	PADILLA BENIGNO OYOLA	RR 6 BOX 7165 TOA ALTA PR 00953-9327	00 UNASSIGNED LOCATION RE	00000 - Vacant	0.06	1325.07			MATCH	target county; land/rural use: vacant	Scheduled	https://www.putnam.realtaxdeed.com/index.cfm?zaction=AUCTION&Zmethod=PREVIEW&AUCTIONDATE=09/02/2026	https://apps.putnam-fl.com/pa/property/?type=api&parcel=03-10-24-9070-0110-0190	https://apps.putnam-fl.com/coc/taxdeeds/public/public_certification.php?certnum=20190002039				
putnam	09/02/2026	09:00 AM ET	03-10-24-9070-0120-0090	2020-0002386	2020-0002386	ORTIZ AMERICO ORTIZ + MARIA E	URB HEAVENLY VIEW #16 GURABO PR 00778	00 UNASSIGNED LOCATION RE	00000 - Vacant	0.08	1217.06			MATCH	target county; land/rural use: vacant	Scheduled	https://www.putnam.realtaxdeed.com/index.cfm?zaction=AUCTION&Zmethod=PREVIEW&AUCTIONDATE=09/02/2026	https://apps.putnam-fl.com/pa/property/?type=api&parcel=03-10-24-9070-0120-0090	https://apps.putnam-fl.com/coc/taxdeeds/public/public_certification.php?certnum=20200002386				
putnam	09/02/2026	09:00 AM ET	03-10-24-9070-0120-0100	2020-0002385	2020-0002385	ORTIZ AMERICO ORTIZ + MARIA E	URB HEAVENLY VIEW #16 GURABO PR 00778	00 UNASSIGNED LOCATION RE	00000 - Vacant	0.09	1257.92			MATCH	target county; land/rural use: vacant	Scheduled	https://www.putnam.realtaxdeed.com/index.cfm?zaction=AUCTION&Zmethod=PREVIEW&AUCTIONDATE=09/02/2026	https://apps.putnam-fl.com/pa/property/?type=api&parcel=03-10-24-9070-0120-0100	https://apps.putnam-fl.com/coc/taxdeeds/public/public_certification.php?certnum=20200002385				
putnam	09/02/2026	09:00 AM ET	04-09-27-0000-0021-1460	2024-0001619	2024-0001619	MCCANN MICHAEL	301 BOHANNON CT WOODRUFF SC 29388	401 NW 8TH AV, PALATKA, FL- 32177	00000 - Vacant	1.14	1515.94			MATCH	target county; land/rural use: vacant	Scheduled	https://www.putnam.realtaxdeed.com/index.cfm?zaction=AUCTION&Zmethod=PREVIEW&AUCTIONDATE=09/02/2026	https://apps.putnam-fl.com/pa/property/?type=api&parcel=04-09-27-0000-0021-1460	https://apps.putnam-fl.com/coc/taxdeeds/public/public_certification.php?certnum=20240001619				
putnam	09/02/2026	09:00 AM ET	04-10-24-5531-0050-0510	2019-0002541	2019-0002541	PUTNAM LAND CONSERVANCY INC	PO BOX 667 INTERLACHEN FL 32148	00 UNASSIGNED LOCATION RE	00000 - Vacant	0.11	1085.34			MATCH	target county; land/rural use: vacant	Scheduled	https://www.putnam.realtaxdeed.com/index.cfm?zaction=AUCTION&Zmethod=PREVIEW&AUCTIONDATE=09/02/2026	https://apps.putnam-fl.com/pa/property/?type=api&parcel=04-10-24-5531-0050-0510	https://apps.putnam-fl.com/coc/taxdeeds/public/public_certification.php?certnum=20190002541				
putnam	09/02/2026	09:00 AM ET	04-10-24-5540-0020-0100	2019-0002931	2019-0002931	DAPCHA HOLDING COMPANY LLC	20401 NW 2ND AVE SUITE 201 MIAMI FL 33169	00 UNASSIGNED LOCATION RE	00000 - Vacant	0.1	1497.73			MATCH	target county; land/rural use: vacant	Scheduled	https://www.putnam.realtaxdeed.com/index.cfm?zaction=AUCTION&Zmethod=PREVIEW&AUCTIONDATE=09/02/2026	https://apps.putnam-fl.com/pa/property/?type=api&parcel=04-10-24-5540-0020-0100	https://apps.putnam-fl.com/coc/taxdeeds/public/public_certification.php?certnum=20190002931				
putnam	09/02/2026	09:00 AM ET	04-10-24-6450-0040-0330	2020-0003125	2020-0003125	BIBBER-BIERMAN MITZI K	15 TEAL LANE SILVA NC 28779	00 UNASSIGNED LOCATION RE	00000 - Vacant	0.11	1202.94			MATCH	target county; land/rural use: vacant	Scheduled	https://www.putnam.realtaxdeed.com/index.cfm?zaction=AUCTION&Zmethod=PREVIEW&AUCTIONDATE=09/02/2026	https://apps.putnam-fl.com/pa/property/?type=api&parcel=04-10-24-6450-0040-0330	https://apps.putnam-fl.com/coc/taxdeeds/public/public_certification.php?certnum=20200003125				
putnam	09/02/2026	09:00 AM ET	04-10-24-6450-0040-0440	2020-0003096	2020-0003096	GARCIA-CORTES CANDIDO	3786 WOODRIDGE CIRCLE LITTLE RIVER SC 29566	00 UNASSIGNED LOCATION RE	00000 - Vacant	0.11	1448.78			MATCH	target county; land/rural use: vacant	Scheduled	https://www.putnam.realtaxdeed.com/index.cfm?zaction=AUCTION&Zmethod=PREVIEW&AUCTIONDATE=09/02/2026	https://apps.putnam-fl.com/pa/property/?type=api&parcel=04-10-24-6450-0040-0440	https://apps.putnam-fl.com/coc/taxdeeds/public/public_certification.php?certnum=20200003096				
putnam	09/02/2026	09:00 AM ET	04-10-24-9030-0020-0550	2024-0002477	2024-0002477	JEAN LOUIS MENES + LOUISANA H/W	6721 NW 60TH STREET TAMARAC FL 33321	00 UNASSIGNED LOCATION RE	00000 - Vacant	0.3	1200.72			MATCH	target county; land/rural use: vacant	Scheduled	https://www.putnam.realtaxdeed.com/index.cfm?zaction=AUCTION&Zmethod=PREVIEW&AUCTIONDATE=09/02/2026	https://apps.putnam-fl.com/pa/property/?type=api&parcel=04-10-24-9030-0020-0550	https://apps.putnam-fl.com/coc/taxdeeds/public/public_certification.php?certnum=20240002477				
putnam	09/02/2026	09:00 AM ET	04-10-24-9035-0010-0890	2019-0003455	2019-0003455	LEGGETT DONALD L	PO BOX 14897 JACKSONVILLE FL 32238	00 UNASSIGNED LOCATION RE	00000 - Vacant	0.12	1394.51			MATCH	target county; land/rural use: vacant	Scheduled	https://www.putnam.realtaxdeed.com/index.cfm?zaction=AUCTION&Zmethod=PREVIEW&AUCTIONDATE=09/02/2026	https://apps.putnam-fl.com/pa/property/?type=api&parcel=04-10-24-9035-0010-0890	https://apps.putnam-fl.com/coc/taxdeeds/public/public_certification.php?certnum=20190003455				
putnam	09/02/2026	09:00 AM ET	04-10-24-9035-0010-1010	2020-0003446	2020-0003446	REVENE DONALD	3101 BELAIRE DR MIDWEST CITY OK 73110-3903	00 UNASSIGNED LOCATION RE	00000 - Vacant	0.1	1303.29			MATCH	target county; land/rural use: vacant	Scheduled	https://www.putnam.realtaxdeed.com/index.cfm?zaction=AUCTION&Zmethod=PREVIEW&AUCTIONDATE=09/02/2026	https://apps.putnam-fl.com/pa/property/?type=api&parcel=04-10-24-9035-0010-1010	https://apps.putnam-fl.com/coc/taxdeeds/public/public_certification.php?certnum=20200003446				
putnam	09/02/2026	09:00 AM ET	05-10-24-4925-0050-0350	2023-0003407	2023-0003407	LITTLEFIELD MARY	527 THERESA AVE INTERLACHEN FL 32148	00 UNASSIGNED LOCATION RE	00000 - Vacant	0.1	1332.76			MATCH	target county; land/rural use: vacant	Scheduled	https://www.putnam.realtaxdeed.com/index.cfm?zaction=AUCTION&Zmethod=PREVIEW&AUCTIONDATE=09/02/2026	https://apps.putnam-fl.com/pa/property/?type=api&parcel=05-10-24-4925-0050-0350	https://apps.putnam-fl.com/coc/taxdeeds/public/public_certification.php?certnum=20230003407				
putnam	09/02/2026	09:00 AM ET	05-10-24-4925-0080-0010	2019-0003870	2019-0003870	SECTION 10 JOINT VENTURE LLP	770 SECOND AVE S ST PETERSBURG FL 33701	00 UNASSIGNED LOCATION RE	00000 - Vacant	0.1	1503.58			MATCH	target county; land/rural use: vacant	Scheduled	https://www.putnam.realtaxdeed.com/index.cfm?zaction=AUCTION&Zmethod=PREVIEW&AUCTIONDATE=09/02/2026	https://apps.putnam-fl.com/pa/property/?type=api&parcel=05-10-24-4925-0080-0010	https://apps.putnam-fl.com/coc/taxdeeds/public/public_certification.php?certnum=20190003870				
putnam	09/02/2026	09:00 AM ET	05-10-24-4930-0030-0500	2020-0004283	2020-0004283	ABDULLAH ABDUL GHANI	PO BOX 7087 SHARJAH UAE	00 UNASSIGNED LOCATION RE	00000 - Vacant	0.1	1475.46			MATCH	target county; land/rural use: vacant	Scheduled	https://www.putnam.realtaxdeed.com/index.cfm?zaction=AUCTION&Zmethod=PREVIEW&AUCTIONDATE=09/02/2026	https://apps.putnam-fl.com/pa/property/?type=api&parcel=05-10-24-4930-0030-0500	https://apps.putnam-fl.com/coc/taxdeeds/public/public_certification.php?certnum=20200004283				
putnam	09/02/2026	09:00 AM ET	05-10-24-4940-0050-0290	2023-0003964	2023-0003964	MWAURA CHARLES KINYANJUI	PO BOX 40083 NAIROBI KENYA	2610 TWIN LAKES BLVD, INTERLACHEN, FL- 32148	00000 - Vacant	0.11	1114.48			MATCH	target county; land/rural use: vacant	Scheduled	https://www.putnam.realtaxdeed.com/index.cfm?zaction=AUCTION&Zmethod=PREVIEW&AUCTIONDATE=09/02/2026	https://apps.putnam-fl.com/pa/property/?type=api&parcel=05-10-24-4940-0050-0290	https://apps.putnam-fl.com/coc/taxdeeds/public/public_certification.php?certnum=20230003964				
putnam	09/02/2026	09:00 AM ET	05-10-24-4940-0070-0250	2020-0004153	2020-0004153	SAIDULREDDY DURGEMPUDI VENKATREDDY	4325 ENRIGHT CT WINTER PARK FL 32792	00 UNASSIGNED LOCATION RE	00000 - Vacant	0.11	1496.36			MATCH	target county; land/rural use: vacant	Scheduled	https://www.putnam.realtaxdeed.com/index.cfm?zaction=AUCTION&Zmethod=PREVIEW&AUCTIONDATE=09/02/2026	https://apps.putnam-fl.com/pa/property/?type=api&parcel=05-10-24-4940-0070-0250	https://apps.putnam-fl.com/coc/taxdeeds/public/public_certification.php?certnum=20200004153				
putnam	09/02/2026	09:00 AM ET	06-13-27-4910-0060-1320	2023-0004953	2023-0004953	RUSSELL RAQUEL	2135 MAN OF WAR WEST PALM BEACH FL 33411	125 EDGEMERE DR, GEORGETOWN, FL- 32139	00000 - Vacant	0.23	1070.61			MATCH	target county; land/rural use: vacant	Scheduled	https://www.putnam.realtaxdeed.com/index.cfm?zaction=AUCTION&Zmethod=PREVIEW&AUCTIONDATE=09/02/2026	https://apps.putnam-fl.com/pa/property/?type=api&parcel=06-13-27-4910-0060-1320	https://apps.putnam-fl.com/coc/taxdeeds/public/public_certification.php?certnum=20230004953			29.395709	-81.617877
putnam	09/02/2026	09:00 AM ET	06-13-27-4910-0060-1730	2023-0004955	2023-0004955	CARRETERO LUIS R	12805 JINGLE LANE SILVER SPRING MD 20906	110 HAMPTON CIR, GEORGETOWN, FL- 32139	00000 - Vacant	0.23	1086.12			MATCH	target county; land/rural use: vacant	Scheduled	https://www.putnam.realtaxdeed.com/index.cfm?zaction=AUCTION&Zmethod=PREVIEW&AUCTIONDATE=09/02/2026	https://apps.putnam-fl.com/pa/property/?type=api&parcel=06-13-27-4910-0060-1730	https://apps.putnam-fl.com/coc/taxdeeds/public/public_certification.php?certnum=20230004955				
putnam	09/02/2026	09:00 AM ET	07-10-24-1650-0150-0020	2019-0005605	2019-0005605	TAYA RIFAT	2500 CENTERGATE DR #203 MIRAMAR FL 33025	00 UNASSIGNED LOCATION RE	00000 - Vacant	0.12	1327.23			MATCH	target county; land/rural use: vacant	Scheduled	https://www.putnam.realtaxdeed.com/index.cfm?zaction=AUCTION&Zmethod=PREVIEW&AUCTIONDATE=09/02/2026	https://apps.putnam-fl.com/pa/property/?type=api&parcel=07-10-24-1650-0150-0020	https://apps.putnam-fl.com/coc/taxdeeds/public/public_certification.php?certnum=20190005605				
putnam	09/02/2026	09:00 AM ET	07-10-24-7072-0220-0200	2019-0006136	2019-0006136	RODRIGUEZ FIDEL F	2777 SW 12 ST MIAMI FL 33135-4711	00 UNASSIGNED LOCATION RE	00000 - Vacant	0.11	1506.62			MATCH	target county; land/rural use: vacant	Scheduled	https://www.putnam.realtaxdeed.com/index.cfm?zaction=AUCTION&Zmethod=PREVIEW&AUCTIONDATE=09/02/2026	https://apps.putnam-fl.com/pa/property/?type=api&parcel=07-10-24-7072-0220-0200	https://apps.putnam-fl.com/coc/taxdeeds/public/public_certification.php?certnum=20190006136				
putnam	09/02/2026	09:00 AM ET	07-13-27-7060-0130-0190	2024-0005196	2024-0005196	PUTNAM LAND CONSERVANCY INC ET AL (TIC)	PO BOX 667 INTERLACHEN FL 32148	00 UNASSIGNED LOCATION RE	00000 - Vacant	0.43	1788.83			MATCH	target county; land/rural use: vacant	Scheduled	https://www.putnam.realtaxdeed.com/index.cfm?zaction=AUCTION&Zmethod=PREVIEW&AUCTIONDATE=09/02/2026	https://apps.putnam-fl.com/pa/property/?type=api&parcel=07-13-27-7060-0130-0190	https://apps.putnam-fl.com/coc/taxdeeds/public/public_certification.php?certnum=20240005196				
putnam	09/02/2026	09:00 AM ET	07-13-27-7060-0320-0090	2023-0006020	2023-0006020	ROTH YARON	108 GARDENS DR #101 POMPANO BEACH FL 33069	217 DOGWOOD AV, GEORGETOWN, FL- 32139	00000 - Vacant	0.23	1118.97			MATCH	target county; land/rural use: vacant	Scheduled	https://www.putnam.realtaxdeed.com/index.cfm?zaction=AUCTION&Zmethod=PREVIEW&AUCTIONDATE=09/02/2026	https://apps.putnam-fl.com/pa/property/?type=api&parcel=07-13-27-7060-0320-0090	https://apps.putnam-fl.com/coc/taxdeeds/public/public_certification.php?certnum=20230006020				
putnam	09/02/2026	09:00 AM ET	07-13-27-7062-0760-0090	2023-0006154	2023-0006154	OAK GROVE PROPERTIES LLC	2885 SANFORD AV SW GRANDVILLE MI 49418	117 MARIE AV, GEORGETOWN, FL- 32139	00000 - Vacant	0.46	1473.46			MATCH	target county; land/rural use: vacant	Scheduled	https://www.putnam.realtaxdeed.com/index.cfm?zaction=AUCTION&Zmethod=PREVIEW&AUCTIONDATE=09/02/2026	https://apps.putnam-fl.com/pa/property/?type=api&parcel=07-13-27-7062-0760-0090	https://apps.putnam-fl.com/coc/taxdeeds/public/public_certification.php?certnum=20230006154				
putnam	09/02/2026	09:00 AM ET	08-10-24-6782-0060-0240	2019-0007107	2019-0007107	RIEDLINGER REAL ESTATE CORP	2234 NORTH FEDERAL HWY #2080 BOCA RATON FL 33431	00 UNASSIGNED LOCATION RE	00000 - Vacant	0.1	1510.33			MATCH	target county; land/rural use: vacant	Scheduled	https://www.putnam.realtaxdeed.com/index.cfm?zaction=AUCTION&Zmethod=PREVIEW&AUCTIONDATE=09/02/2026	https://apps.putnam-fl.com/pa/property/?type=api&parcel=08-10-24-6782-0060-0240	https://apps.putnam-fl.com/coc/taxdeeds/public/public_certification.php?certnum=20190007107				
putnam	09/02/2026	09:00 AM ET	08-10-24-6782-0060-0250	2019-0007108	2019-0007108	RIEDLINGER REAL ESTATE CORP	2234 NORTH FEDERAL HWY #2080 BOCA RATON FL 33431	00 UNASSIGNED LOCATION RE	00000 - Vacant	0.1	1510.33			MATCH	target county; land/rural use: vacant	Scheduled	https://www.putnam.realtaxdeed.com/index.cfm?zaction=AUCTION&Zmethod=PREVIEW&AUCTIONDATE=09/02/2026	https://apps.putnam-fl.com/pa/property/?type=api&parcel=08-10-24-6782-0060-0250	https://apps.putnam-fl.com/coc/taxdeeds/public/public_certification.php?certnum=20190007108				
putnam	09/02/2026	09:00 AM ET	08-10-24-6782-0060-0260	2019-0007105	2019-0007105	RIEDLINGER REAL ESTATE CORP	2234 NORTH FEDERAL HWY #2080 BOCA RATON FL 33431	00 UNASSIGNED LOCATION RE	00000 - Vacant	0.1	1510.33			MATCH	target county; land/rural use: vacant	Scheduled	https://www.putnam.realtaxdeed.com/index.cfm?zaction=AUCTION&Zmethod=PREVIEW&AUCTIONDATE=09/02/2026	https://apps.putnam-fl.com/pa/property/?type=api&parcel=08-10-24-6782-0060-0260	https://apps.putnam-fl.com/coc/taxdeeds/public/public_certification.php?certnum=20190007105				
putnam	09/02/2026	09:00 AM ET	08-10-24-6782-0060-0270	2019-0007106	2019-0007106	RIEDLINGER REAL ESTATE CORP	2234 NORTH FEDERAL HWY #2080 BOCA RATON FL 33431	00 UNASSIGNED LOCATION RE	00000 - Vacant	0.1	1510.33			MATCH	target county; land/rural use: vacant	Scheduled	https://www.putnam.realtaxdeed.com/index.cfm?zaction=AUCTION&Zmethod=PREVIEW&AUCTIONDATE=09/02/2026	https://apps.putnam-fl.com/pa/property/?type=api&parcel=08-10-24-6782-0060-0270	https://apps.putnam-fl.com/coc/taxdeeds/public/public_certification.php?certnum=20190007106				
putnam	09/02/2026	09:00 AM ET	08-10-24-6782-0070-0180	2024-0005657	2024-0005657	REINOSO DIEGO ANDRES ESPINOSA ET AL	URBANIZACION CLUB LOS CHILLIOS #581 CALLE 2 SANGOLQUI ECUADOR	00 UNASSIGNED LOCATION RE	00000 - Vacant	0.1	1072.74			MATCH	target county; land/rural use: vacant	Scheduled	https://www.putnam.realtaxdeed.com/index.cfm?zaction=AUCTION&Zmethod=PREVIEW&AUCTIONDATE=09/02/2026	https://apps.putnam-fl.com/pa/property/?type=api&parcel=08-10-24-6782-0070-0180	https://apps.putnam-fl.com/coc/taxdeeds/public/public_certification.php?certnum=20240005657				
putnam	09/02/2026	09:00 AM ET	08-10-24-6782-0080-0060	2019-0007164	2019-0007164	RIAZ KHURRAM	7086 WOODMANT WAY TAMARAC FL 33321	00 UNASSIGNED LOCATION RE	00000 - Vacant	0.1	1478.13			MATCH	target county; land/rural use: vacant	Scheduled	https://www.putnam.realtaxdeed.com/index.cfm?zaction=AUCTION&Zmethod=PREVIEW&AUCTIONDATE=09/02/2026	https://apps.putnam-fl.com/pa/property/?type=api&parcel=08-10-24-6782-0080-0060	https://apps.putnam-fl.com/coc/taxdeeds/public/public_certification.php?certnum=20190007164				
putnam	09/02/2026	09:00 AM ET	08-13-27-7061-0480-0030	2024-0005803	2024-0005803	DAVIS ROBERT + SHIRLEY H/W	1085 FOREST LAKES DR #207 NAPLES FL 33942	00 UNASSIGNED LOCATION RE	00000 - Vacant	0.32	1879.21			MATCH	target county; land/rural use: vacant	Scheduled	https://www.putnam.realtaxdeed.com/index.cfm?zaction=AUCTION&Zmethod=PREVIEW&AUCTIONDATE=09/02/2026	https://apps.putnam-fl.com/pa/property/?type=api&parcel=08-13-27-7061-0480-0030	https://apps.putnam-fl.com/coc/taxdeeds/public/public_certification.php?certnum=20240005803				
putnam	09/02/2026	09:00 AM ET	08-13-27-7063-1320-0240	2019-0007597	2019-0007597	VERONA V LLC	18305 BISCAYNE BLVD STE 400 AVENTURA FL 33160	204 MANDARIN AV, GEORGETOWN, FL- 32139	00000 - Vacant	0.23	1276.62			MATCH	target county; land/rural use: vacant	Scheduled	https://www.putnam.realtaxdeed.com/index.cfm?zaction=AUCTION&Zmethod=PREVIEW&AUCTIONDATE=09/02/2026	https://apps.putnam-fl.com/pa/property/?type=api&parcel=08-13-27-7063-1320-0240	https://apps.putnam-fl.com/coc/taxdeeds/public/public_certification.php?certnum=20190007597				
putnam	09/02/2026	09:00 AM ET	08-13-27-7063-1320-0260	2019-0007602	2019-0007602	VERONA V LLC	18305 BISCAYNE BLVD STE 400 AVENTURA FL 33160	208 MANDARIN AV, GEORGETOWN, FL- 32139	00000 - Vacant	0.23	1276.62			MATCH	target county; land/rural use: vacant	Scheduled	https://www.putnam.realtaxdeed.com/index.cfm?zaction=AUCTION&Zmethod=PREVIEW&AUCTIONDATE=09/02/2026	https://apps.putnam-fl.com/pa/property/?type=api&parcel=08-13-27-7063-1320-0260	https://apps.putnam-fl.com/coc/taxdeeds/public/public_certification.php?certnum=20190007602				
putnam	09/02/2026	09:00 AM ET	09-10-24-0351-0060-0150	2019-0007783	2019-0007783	HURLEY JENNIFER	438 LAGOON AVE NAPLES FL 34108	107 CLAUDETTE ST, INTERLACHEN, FL- 32148	00000 - Vacant	0.25	1598.41			MATCH	target county; land/rural use: vacant	Scheduled	https://www.putnam.realtaxdeed.com/index.cfm?zaction=AUCTION&Zmethod=PREVIEW&AUCTIONDATE=09/02/2026	https://apps.putnam-fl.com/pa/property/?type=api&parcel=09-10-24-0351-0060-0150	https://apps.putnam-fl.com/coc/taxdeeds/public/public_certification.php?certnum=20190007783				
putnam	09/02/2026	09:00 AM ET	11-10-23-9303-0110-0260	2021-0008073	2021-0008073	ROBERTSON SHARON	PO BOX 380461 E HARTFORD CT 06138	149 INDIANAPOLIS ST, HAWTHORNE, FL- 32640	00000 - Vacant	0.12	1276.83			MATCH	target county; land/rural use: vacant	Scheduled	https://www.putnam.realtaxdeed.com/index.cfm?zaction=AUCTION&Zmethod=PREVIEW&AUCTIONDATE=09/02/2026	https://apps.putnam-fl.com/pa/property/?type=api&parcel=11-10-23-9303-0110-0260	https://apps.putnam-fl.com/coc/taxdeeds/public/public_certification.php?certnum=20210008073				
putnam	09/02/2026	09:00 AM ET	11-11-26-8243-0320-0720	2024-0007595	2024-0007595	LARGAY JOSEPH	505 WILSON RD HASTINGS FL 32145	307 N EDGELINE RD, SATSUMA, FL- 32189	00200 - MOBILE HOME	0.46	4989.96			NO	target county but property use not land-like (00200 - MOBILE HOME)	Scheduled	https://www.putnam.realtaxdeed.com/index.cfm?zaction=AUCTION&Zmethod=PREVIEW&AUCTIONDATE=09/02/2026	https://apps.putnam-fl.com/pa/property/?type=api&parcel=11-11-26-8243-0320-0720	https://apps.putnam-fl.com/coc/taxdeeds/public/public_certification.php?certnum=20240007595			29.562127	-81.653544
putnam	09/02/2026	09:00 AM ET	12-10-23-1660-0030-0330	2023-0008982	2023-0008982	PACHECO RAUL JR	2717 MORNING SONG DR LITTLE ELM TX 75068	00 UNASSIGNED LOCATION RE	00000 - Vacant	0.12	966.26			MATCH	target county; land/rural use: vacant	Scheduled	https://www.putnam.realtaxdeed.com/index.cfm?zaction=AUCTION&Zmethod=PREVIEW&AUCTIONDATE=09/02/2026	https://apps.putnam-fl.com/pa/property/?type=api&parcel=12-10-23-1660-0030-0330	https://apps.putnam-fl.com/coc/taxdeeds/public/public_certification.php?certnum=20230008982				
putnam	09/02/2026	09:00 AM ET	12-10-23-1660-0040-0260	2023-0009000	2023-0009000	GONSALVES BRIAN + INGRID GONSALVES	PO BOX 6768 CONCORD CA 94524-6768	00 UNASSIGNED LOCATION RE	00000 - Vacant	0.12	860.69			MATCH	target county; land/rural use: vacant	Scheduled	https://www.putnam.realtaxdeed.com/index.cfm?zaction=AUCTION&Zmethod=PREVIEW&AUCTIONDATE=09/02/2026	https://apps.putnam-fl.com/pa/property/?type=api&parcel=12-10-23-1660-0040-0260	https://apps.putnam-fl.com/coc/taxdeeds/public/public_certification.php?certnum=20230009000				
putnam	09/02/2026	09:00 AM ET	12-10-24-4079-0130-0100	2024-0008166	2024-0008166	OLDENBURGER JEFFERY B	7202 S DIVISION GRAND RAPIDS MI 49548-7134	00 UNASSIGNED LOCATION RE	00000 - Vacant	0.4	1681.27			MATCH	target county; land/rural use: vacant	Scheduled	https://www.putnam.realtaxdeed.com/index.cfm?zaction=AUCTION&Zmethod=PREVIEW&AUCTIONDATE=09/02/2026	https://apps.putnam-fl.com/pa/property/?type=api&parcel=12-10-24-4079-0130-0100	https://apps.putnam-fl.com/coc/taxdeeds/public/public_certification.php?certnum=20240008166				
putnam	09/02/2026	09:00 AM ET	12-11-26-8240-0060-0190	2024-0008337	2024-0008337	A1A AERIAL SERVICES INC	600 SW 4TH AVE FORT LAUDERDALE FL 33315	111 HILLCREST RD, SATSUMA, FL- 32189	00200 - MOBILE HOME	0.46	4339.88			NO	target county but property use not land-like (00200 - MOBILE HOME)	Scheduled	https://www.putnam.realtaxdeed.com/index.cfm?zaction=AUCTION&Zmethod=PREVIEW&AUCTIONDATE=09/02/2026	https://apps.putnam-fl.com/pa/property/?type=api&parcel=12-11-26-8240-0060-0190	https://apps.putnam-fl.com/coc/taxdeeds/public/public_certification.php?certnum=20240008337			29.56223	-81.636058
putnam	09/02/2026	09:00 AM ET	13-10-26-5630-0010-0150	2024-0008785	2024-0008785	AGUILAR PEDRO ANTONIO PALACIOS	9703 49TH PL COLLEGE PARK MD 20740	2912 BAINBRIDGE RD, PALATKA, FL- 32177	00200 - MOBILE HOME	0.19	5358.49			NO	target county but property use not land-like (00200 - MOBILE HOME)	Scheduled	https://www.putnam.realtaxdeed.com/index.cfm?zaction=AUCTION&Zmethod=PREVIEW&AUCTIONDATE=09/02/2026	https://apps.putnam-fl.com/pa/property/?type=api&parcel=13-10-26-5630-0010-0150	https://apps.putnam-fl.com/coc/taxdeeds/public/public_certification.php?certnum=20240008785			29.626775	-81.660357
putnam	09/02/2026	09:00 AM ET	14-08-24-5102-0061-0110	2024-0009082	2024-0009082	MORGAN NINA R	110 COMMONWEALTH BL ALLANDALE FL 32127-5616	205 CALHOUN AV, FLORAHOME, FL- 32140	00000 - Vacant	0.17	1644.36			MATCH	target county; land/rural use: vacant	Scheduled	https://www.putnam.realtaxdeed.com/index.cfm?zaction=AUCTION&Zmethod=PREVIEW&AUCTIONDATE=09/02/2026	https://apps.putnam-fl.com/pa/property/?type=api&parcel=14-08-24-5102-0061-0110	https://apps.putnam-fl.com/coc/taxdeeds/public/public_certification.php?certnum=20240009082			29.795439	-81.868045
putnam	09/02/2026	09:00 AM ET	14-10-24-4070-0070-0010	2024-0009331	2024-0009331	HOLLIS WILLIAM	6206 MARBLE HOLLOW LANE KATY TX 77450	00 UNASSIGNED LOCATION RE	00000 - Vacant	0.64	1657.08			MATCH	target county; land/rural use: vacant	Scheduled	https://www.putnam.realtaxdeed.com/index.cfm?zaction=AUCTION&Zmethod=PREVIEW&AUCTIONDATE=09/02/2026	https://apps.putnam-fl.com/pa/property/?type=api&parcel=14-10-24-4070-0070-0010	https://apps.putnam-fl.com/coc/taxdeeds/public/public_certification.php?certnum=20240009331				
putnam	09/02/2026	09:00 AM ET	14-12-26-0000-0011-0100	2024-0009441	2024-0009441	MCCOLLUM MARJORIE REVOCABLE TRUST MARJORIE MCCOLLUM TRUSTEE	2799 MARSH WREN CIR LONGWOOD FL 32779	125 KETNER RD, WELAKA, FL- 32193	00000 - Vacant	1.13	2108.28			MATCH	target county; land/rural use: vacant	Scheduled	https://www.putnam.realtaxdeed.com/index.cfm?zaction=AUCTION&Zmethod=PREVIEW&AUCTIONDATE=09/02/2026	https://apps.putnam-fl.com/pa/property/?type=api&parcel=14-12-26-0000-0011-0100	https://apps.putnam-fl.com/coc/taxdeeds/public/public_certification.php?certnum=20240009441			29.454692	-81.64322
putnam	09/02/2026	09:00 AM ET	17-09-23-4920-0090-0000	2019-0012842	2019-0012842	STORER MORRIS B + GRETCHEN H/W	1174 LOS ALTOS AVE APT 124 LOS ALTOS CA 94022	00 UNASSIGNED LOCATION RE	00000 - Vacant	0.44	2575.1			MATCH	target county; land/rural use: vacant	Scheduled	https://www.putnam.realtaxdeed.com/index.cfm?zaction=AUCTION&Zmethod=PREVIEW&AUCTIONDATE=09/02/2026	https://apps.putnam-fl.com/pa/property/?type=api&parcel=17-09-23-4920-0090-0000	https://apps.putnam-fl.com/coc/taxdeeds/public/public_certification.php?certnum=20190012842				
putnam	09/02/2026	09:00 AM ET	18-08-25-5106-6180-0150	2024-0010259	2024-0010259	DODD KELLI MARIE	970 S LAWRENCE BLVD KEYSTONE HEIGHTS FL 32656	649 E HILLSBOROUGH AV, FLORAHOME, FL- 32140	00000 - Vacant	0.24	1012.74			MATCH	target county; land/rural use: vacant	Scheduled	https://www.putnam.realtaxdeed.com/index.cfm?zaction=AUCTION&Zmethod=PREVIEW&AUCTIONDATE=09/02/2026	https://apps.putnam-fl.com/pa/property/?type=api&parcel=18-08-25-5106-6180-0150	https://apps.putnam-fl.com/coc/taxdeeds/public/public_certification.php?certnum=20240010259			29.803157	-81.839965
putnam	09/02/2026	09:00 AM ET	18-09-23-4020-0060-0010	2024-0010321	2024-0010321	ROSADO ANGELICA LORRAINE	320 5TH WAY INTERLACHEN FL 32148	210 POWER LINE RD, MELROSE, FL- 32666	00200 - MOBILE HOME	4.13	5086.78			NO	target county but property use not land-like (00200 - MOBILE HOME)	Scheduled	https://www.putnam.realtaxdeed.com/index.cfm?zaction=AUCTION&Zmethod=PREVIEW&AUCTIONDATE=09/02/2026	https://apps.putnam-fl.com/pa/property/?type=api&parcel=18-09-23-4020-0060-0010	https://apps.putnam-fl.com/coc/taxdeeds/public/public_certification.php?certnum=20240010321			29.709095	-82.037995
putnam	09/02/2026	09:00 AM ET	18-10-24-5112-0010-0050	2024-0010485	2024-0010485	DUPLAN JUNIE	4 ANGELA DR PALM COAST FL 32164	00 UNASSIGNED LOCATION RE	00000 - Vacant	0.46	1360.44			MATCH	target county; land/rural use: vacant	Scheduled	https://www.putnam.realtaxdeed.com/index.cfm?zaction=AUCTION&Zmethod=PREVIEW&AUCTIONDATE=09/02/2026	https://apps.putnam-fl.com/pa/property/?type=api&parcel=18-10-24-5112-0010-0050	https://apps.putnam-fl.com/coc/taxdeeds/public/public_certification.php?certnum=20240010485				
putnam	09/02/2026	09:00 AM ET	18-13-28-3343-0080-0030	2024-0010662	2024-0010662	ESPINOZA CARLOS	118 MICHAEL DR CRESCENT CITY FL 32112	118 MICHAEL DR, CRESCENT CITY, FL- 32112	00200 - MOBILE HOME	0.32	4052.65			NO	target county but property use not land-like (00200 - MOBILE HOME)	Scheduled	https://www.putnam.realtaxdeed.com/index.cfm?zaction=AUCTION&Zmethod=PREVIEW&AUCTIONDATE=09/02/2026	https://apps.putnam-fl.com/pa/property/?type=api&parcel=18-13-28-3343-0080-0030	https://apps.putnam-fl.com/coc/taxdeeds/public/public_certification.php?certnum=20240010662			29.365208	-81.51229
putnam	09/02/2026	09:00 AM ET	22-10-23-0000-0610-0000	2019-0015088	2019-0015088	SMITH ELAJA + OWEN	131 EL SERENO PL BLDG 514 TAMPA FL 33603	00 UNASSIGNED LOCATION RE	00700 - MISC. RESIDENCE	0.08	1648.72			NO	target county but property use not land-like (00700 - MISC. RESIDENCE)	Scheduled	https://www.putnam.realtaxdeed.com/index.cfm?zaction=AUCTION&Zmethod=PREVIEW&AUCTIONDATE=09/02/2026	https://apps.putnam-fl.com/pa/property/?type=api&parcel=22-10-23-0000-0610-0000	https://apps.putnam-fl.com/coc/taxdeeds/public/public_certification.php?certnum=20190015088				
putnam	09/02/2026	09:00 AM ET	22-10-23-0000-0624-0000	2019-0015085	2019-0015085	ROSE CAMINITO POND	2650 SW 138TH AVE MIRAMAR FL 33027	00 UNASSIGNED LOCATION RE	00700 - MISC. RESIDENCE	0.08	1529.69			NO	target county but property use not land-like (00700 - MISC. RESIDENCE)	Scheduled	https://www.putnam.realtaxdeed.com/index.cfm?zaction=AUCTION&Zmethod=PREVIEW&AUCTIONDATE=09/02/2026	https://apps.putnam-fl.com/pa/property/?type=api&parcel=22-10-23-0000-0624-0000	https://apps.putnam-fl.com/coc/taxdeeds/public/public_certification.php?certnum=20190015085				
putnam	09/02/2026	09:00 AM ET	24-09-24-4075-0220-0060	2024-0011867	2024-0011867	DAL CERRO RICHARD S REVOCABLE LIVING TRUST	NICOLE REIS SUCCESSOR TRUSTEE 1606 N 21ST AVE MELROSE PARK IL 60160	00 UNASSIGNED LOCATION RE	00000 - Vacant	0.65	1712.86			MATCH	target county; land/rural use: vacant	Scheduled	https://www.putnam.realtaxdeed.com/index.cfm?zaction=AUCTION&Zmethod=PREVIEW&AUCTIONDATE=09/02/2026	https://apps.putnam-fl.com/pa/property/?type=api&parcel=24-09-24-4075-0220-0060	https://apps.putnam-fl.com/coc/taxdeeds/public/public_certification.php?certnum=20240011867				
putnam	09/02/2026	09:00 AM ET	24-09-24-4075-0260-0170	2024-0011898	2024-0011898	MEAD DONALD E SR + DOROTHY E	C/O DONALD MEAD JR 27 NASHVILLE RD BETHEL CT 06801	00 UNASSIGNED LOCATION RE	00000 - Vacant	0.86	1445.97			MATCH	target county; land/rural use: vacant	Scheduled	https://www.putnam.realtaxdeed.com/index.cfm?zaction=AUCTION&Zmethod=PREVIEW&AUCTIONDATE=09/02/2026	https://apps.putnam-fl.com/pa/property/?type=api&parcel=24-09-24-4075-0260-0170	https://apps.putnam-fl.com/coc/taxdeeds/public/public_certification.php?certnum=20240011898				
putnam	09/02/2026	09:00 AM ET	24-09-24-4075-0380-0040	2024-0012019	2024-0012019	VANDERWALL-BILLO JANET D	826 SELMA AVE INTERLACHEN FL 32148	826 SELMA AV, INTERLACHEN, FL- 32148	00200 - MOBILE HOME	0.43	9251.02			NO	target county but property use not land-like (00200 - MOBILE HOME)	Scheduled	https://www.putnam.realtaxdeed.com/index.cfm?zaction=AUCTION&Zmethod=PREVIEW&AUCTIONDATE=09/02/2026	https://apps.putnam-fl.com/pa/property/?type=api&parcel=24-09-24-4075-0380-0040	https://apps.putnam-fl.com/coc/taxdeeds/public/public_certification.php?certnum=20240012019			29.696814	-81.84713
putnam	09/02/2026	09:00 AM ET	24-12-27-3350-0950-0001	2019-0016533	2019-0016533	MCPHERSON EPHRAIM	D-11 ABBINGTON DR EAST WINDSOR NJ 08520	00 UNASSIGNED LOCATION RE	00000 - Vacant	0.15	1709.0			MATCH	target county; land/rural use: vacant	Scheduled	https://www.putnam.realtaxdeed.com/index.cfm?zaction=AUCTION&Zmethod=PREVIEW&AUCTIONDATE=09/02/2026	https://apps.putnam-fl.com/pa/property/?type=api&parcel=24-12-27-3350-0950-0001	https://apps.putnam-fl.com/coc/taxdeeds/public/public_certification.php?certnum=20190016533				
putnam	09/02/2026	09:00 AM ET	25-08-25-0000-0100-0020	2024-0012469	2024-0012469	CONNER GERALD WAYNE HEIRS OF	C/O LAVERN OR MARY ANN CONNER 143 MYRTLE RD PALATKA FL 32177	143 MYRTLE RD, PALATKA, FL- 32177	00000 - Vacant	0.38	1473.85			MATCH	target county; land/rural use: vacant	Scheduled	https://www.putnam.realtaxdeed.com/index.cfm?zaction=AUCTION&Zmethod=PREVIEW&AUCTIONDATE=09/02/2026	https://apps.putnam-fl.com/pa/property/?type=api&parcel=25-08-25-0000-0100-0020	https://apps.putnam-fl.com/coc/taxdeeds/public/public_certification.php?certnum=20240012469			29.764069	-81.750257
putnam	09/02/2026	09:00 AM ET	31-10-27-8251-0020-1270	2019-0018477	2019-0018477	THE LATEST DIRT LLC	126 ELDERBERRY LN PALATKA FL 32177	433 MARINA RD, SATSUMA, FL- 32189	00000 - Vacant	0.3	1176.81			MATCH	target county; land/rural use: vacant	Scheduled	https://www.putnam.realtaxdeed.com/index.cfm?zaction=AUCTION&Zmethod=PREVIEW&AUCTIONDATE=09/02/2026	https://apps.putnam-fl.com/pa/property/?type=api&parcel=31-10-27-8251-0020-1270	https://apps.putnam-fl.com/coc/taxdeeds/public/public_certification.php?certnum=20190018477			29.589291	-81.616239
putnam	09/02/2026	09:00 AM ET	32-11-27-0170-0170-0051	2024-0014219	2024-0014219	VILLEGAS CARLOS M + LAURA P MEZA SANCHEZ H/W	PO BOX 304 WELAKA FL 32193	314 W MAIN ST, POMONA PARK, FL- 32181	00200 - MOBILE HOME	0.69	37846.7			NO	target county but property use not land-like (00200 - MOBILE HOME)	Scheduled	https://www.putnam.realtaxdeed.com/index.cfm?zaction=AUCTION&Zmethod=PREVIEW&AUCTIONDATE=09/02/2026	https://apps.putnam-fl.com/pa/property/?type=api&parcel=32-11-27-0170-0170-0051	https://apps.putnam-fl.com/coc/taxdeeds/public/public_certification.php?certnum=20240014219			29.496486	-81.600622
putnam	09/02/2026	09:00 AM ET	34-09-24-8630-0000-1660	2024-0014986	2024-0014986	EQUITY TRUST COMPANY FBO REMINGTON INVESTMENTS 401	2740 THEDFORD RD BLOOMFIELD HILLS MI 48304	00 UNASSIGNED LOCATION RE	00000 - Vacant	0.22	1702.35			MATCH	target county; land/rural use: vacant	Scheduled	https://www.putnam.realtaxdeed.com/index.cfm?zaction=AUCTION&Zmethod=PREVIEW&AUCTIONDATE=09/02/2026	https://apps.putnam-fl.com/pa/property/?type=api&parcel=34-09-24-8630-0000-1660	https://apps.putnam-fl.com/coc/taxdeeds/public/public_certification.php?certnum=20240014986				
putnam	09/02/2026	09:00 AM ET	35-09-24-4075-1560-0280	2024-0015424	2024-0015424	BIEN-AIME OLIVIO	433 LEXINGTON DR SEBRING FL 33876	319 JANET AV, INTERLACHEN, FL- 32148	00000 - Vacant	0.65	1855.28			MATCH	target county; land/rural use: vacant	Scheduled	https://www.putnam.realtaxdeed.com/index.cfm?zaction=AUCTION&Zmethod=PREVIEW&AUCTIONDATE=09/02/2026	https://apps.putnam-fl.com/pa/property/?type=api&parcel=35-09-24-4075-1560-0280	https://apps.putnam-fl.com/coc/taxdeeds/public/public_certification.php?certnum=20240015424				
putnam	09/02/2026	09:00 AM ET	37-10-26-6850-3240-0150	2024-0016092	2024-0016092	PARKER CLEO ANTHONY SR	2616 PEACH ORCHARD RD AUGUSTA GA 30906	1702 BRONSON ST, PALATKA, FL- 32177	00100 - SINGLE FAMILY	0.24	6764.35			NO	target county but property use not land-like (00100 - SINGLE FAMILY)	Scheduled	https://www.putnam.realtaxdeed.com/index.cfm?zaction=AUCTION&Zmethod=PREVIEW&AUCTIONDATE=09/02/2026	https://apps.putnam-fl.com/pa/property/?type=api&parcel=37-10-26-6850-3240-0150	https://apps.putnam-fl.com/coc/taxdeeds/public/public_certification.php?certnum=20240016092			29.653866	-81.645736
putnam	09/02/2026		37-13-27-7061-0620-0260	2024-0016235	2024-0016235			508 REDWOOD BLVD, GEORGETOWN, FL- 32139			5153.21			REVIEW	target county; property use unknown — verify on appraiser site	Redeemed	https://www.putnam.realtaxdeed.com/index.cfm?zaction=AUCTION&Zmethod=PREVIEW&AUCTIONDATE=09/02/2026	https://apps.putnam-fl.com/pa/property/?type=api&parcel=37-13-27-7061-0620-0260				29.383299	-81.589904
putnam	09/02/2026	09:00 AM ET	39-11-26-0000-0050-0050	2024-0016693	2024-0016693	ST JOHNS RIVER ESTATES LLC	15 SHAKER RD GRAY ME 04039	218 E BUFFALO BLUFF RD, SATSUMA, FL- 32189	01700 - OFFICE 1 STORY	0.53	11362.43			NO	target county but non-land use (01700 - OFFICE 1 STORY)	Scheduled	https://www.putnam.realtaxdeed.com/index.cfm?zaction=AUCTION&Zmethod=PREVIEW&AUCTIONDATE=09/02/2026	https://apps.putnam-fl.com/pa/property/?type=api&parcel=39-11-26-0000-0050-0050	https://apps.putnam-fl.com/coc/taxdeeds/public/public_certification.php?certnum=20240016693			29.57532	-81.669445
putnam	09/02/2026	09:00 AM ET	39-11-26-9230-0140-0030	2024-0016950	2024-0016950	OLSHEFSKI CAROL A	PO BOX 814 CHERRYVILLE PA 18035	105 COMANCHEE ST, SATSUMA, FL- 32189	00200 - MOBILE HOME	0.26	7178.93			NO	target county but property use not land-like (00200 - MOBILE HOME)	Scheduled	https://www.putnam.realtaxdeed.com/index.cfm?zaction=AUCTION&Zmethod=PREVIEW&AUCTIONDATE=09/02/2026	https://apps.putnam-fl.com/pa/property/?type=api&parcel=39-11-26-9230-0140-0030	https://apps.putnam-fl.com/coc/taxdeeds/public/public_certification.php?certnum=20240016950			29.532703	-81.672868
putnam	09/02/2026	09:00 AM ET	41-13-26-1320-0060-0140	2024-0017066	2024-0017066	HILLARD JODI A	120 BROWN'S FISH CAMP ROAD CRESCENT CITY FL 32112	118 BROWNS FISH CAMP RD, CRESCENT CITY, FL- 32112	00200 - MOBILE HOME	0.34	6121.36			NO	target county but property use not land-like (00200 - MOBILE HOME)	Scheduled	https://www.putnam.realtaxdeed.com/index.cfm?zaction=AUCTION&Zmethod=PREVIEW&AUCTIONDATE=09/02/2026	https://apps.putnam-fl.com/pa/property/?type=api&parcel=41-13-26-1320-0060-0140	https://apps.putnam-fl.com/coc/taxdeeds/public/public_certification.php?certnum=20240017066			29.399625	-81.645703
putnam	09/02/2026	09:00 AM ET	42-10-27-6850-0330-0010	2024-0017111	2024-0017111	BARLOW BILLIE	517 N 6TH ST PALATKA FL 32177	517 N 6TH ST, PALATKA, FL- 32177	00100 - SINGLE FAMILY	0.12	7234.94			NO	target county but property use not land-like (00100 - SINGLE FAMILY)	Scheduled	https://www.putnam.realtaxdeed.com/index.cfm?zaction=AUCTION&Zmethod=PREVIEW&AUCTIONDATE=09/02/2026	https://apps.putnam-fl.com/pa/property/?type=api&parcel=42-10-27-6850-0330-0010	https://apps.putnam-fl.com/coc/taxdeeds/public/public_certification.php?certnum=20240017111			29.651398	-81.633445
putnam	09/02/2026	09:00 AM ET	42-10-27-6850-0620-0050	2024-0017155	2024-0017155	JENKINS CLARICE C + CLEOTA CLARK	5818 BALTIMORE AVE PHILADELPHIA PA 19432	00 UNASSIGNED LOCATION RE	01000 - VACANT COMM	0.12	5742.85			MATCH	target county; land/rural use: vacant	Scheduled	https://www.putnam.realtaxdeed.com/index.cfm?zaction=AUCTION&Zmethod=PREVIEW&AUCTIONDATE=09/02/2026	https://apps.putnam-fl.com/pa/property/?type=api&parcel=42-10-27-6850-0620-0050	https://apps.putnam-fl.com/coc/taxdeeds/public/public_certification.php?certnum=20240017155				
putnam	09/02/2026	09:00 AM ET	42-10-27-6850-2640-0013	2024-0017331	2024-0017331	FELLS WARREN ET AL	C/O DEXTER R. FELLS 4511 SONG SPARROW DRIVE MIDDLEBURG FL 32068	119 N 15TH ST, PALATKA, FL- 32177	00100 - SINGLE FAMILY	0.12	8714.46			NO	target county but property use not land-like (00100 - SINGLE FAMILY)	Scheduled	https://www.putnam.realtaxdeed.com/index.cfm?zaction=AUCTION&Zmethod=PREVIEW&AUCTIONDATE=09/02/2026	https://apps.putnam-fl.com/pa/property/?type=api&parcel=42-10-27-6850-2640-0013	https://apps.putnam-fl.com/coc/taxdeeds/public/public_certification.php?certnum=20240017331			29.648704	-81.644436
putnam	09/02/2026	09:00 AM ET	43-10-27-8255-0050-0080	2024-0017518	2024-0017518	MALLOY LOUIS W HEIRS OF	215 SUNGLOW AVE SATSUMA FL 32189	215 SUNGLOW AV, SATSUMA, FL- 32189	00200 - MOBILE HOME	0.23	5541.8			NO	target county but property use not land-like (00200 - MOBILE HOME)	Scheduled	https://www.putnam.realtaxdeed.com/index.cfm?zaction=AUCTION&Zmethod=PREVIEW&AUCTIONDATE=09/02/2026	https://apps.putnam-fl.com/pa/property/?type=api&parcel=43-10-27-8255-0050-0080	https://apps.putnam-fl.com/coc/taxdeeds/public/public_certification.php?certnum=20240017518			29.586632	-81.602688
putnam	09/02/2026	09:00 AM ET	43-10-27-8255-0100-0140	2024-0017528	2024-0017528	SHOCKEY R III+PECK+MEMINGER+ROBERTS	C/O KATHRYN PECK 736 LINCOLN WAY EAST CHAMBERSBURG PA 17201	00 UNASSIGNED LOCATION RE	00000 - Vacant	0.26	2988.51			MATCH	target county; land/rural use: vacant	Scheduled	https://www.putnam.realtaxdeed.com/index.cfm?zaction=AUCTION&Zmethod=PREVIEW&AUCTIONDATE=09/02/2026	https://apps.putnam-fl.com/pa/property/?type=api&parcel=43-10-27-8255-0100-0140	https://apps.putnam-fl.com/coc/taxdeeds/public/public_certification.php?certnum=20240017528				
putnam	09/02/2026		49-09-27-0015-0000-0180	2024-0017634	2024-0017634			143 VINE RD, EAST PALATKA, FL- 32131			6479.12			REVIEW	target county; property use unknown — verify on appraiser site	Redeemed	https://www.putnam.realtaxdeed.com/index.cfm?zaction=AUCTION&Zmethod=PREVIEW&AUCTIONDATE=09/02/2026	https://apps.putnam-fl.com/pa/property/?type=api&parcel=49-09-27-0015-0000-0180				29.670361	-81.585069
marion	09/09/2026	09:00 AM ET	03695-003-00	8812021	8812021			17269 NE 18TH AVE, CITRA, FL- 32113			24072.09	31428.0	77	REVIEW	target county; property use unknown — verify on appraiser site	Scheduled	https://www.marion.realtaxdeed.com/index.cfm?zaction=AUCTION&Zmethod=PREVIEW&AUCTIONDATE=09/09/2026	http://www.pa.marion.fl.us/PRC.aspx?key=52779&YR=2026&mName=False&mSitus=False				29.401315	-82.114942
marion	09/09/2026	09:00 AM ET	1534-010-005	48292021	48292021			1115 NW 44TH ST, OCALA, FL- 34475			5186.6	14531.0	36	REVIEW	target county; property use unknown — verify on appraiser site	Scheduled	https://www.marion.realtaxdeed.com/index.cfm?zaction=AUCTION&Zmethod=PREVIEW&AUCTIONDATE=09/09/2026	http://www.pa.marion.fl.us/PRC.aspx?key=2376953&YR=2026&mName=False&mSitus=False				29.232871	-82.147491
marion	09/09/2026	09:00 AM ET	1805-011-025	62692021	62692021			4251 SW SHASTA CT, DUNNELLON, FL- 34431			90582.99	133393.0	68	REVIEW	target county; property use unknown — verify on appraiser site	Scheduled	https://www.marion.realtaxdeed.com/index.cfm?zaction=AUCTION&Zmethod=PREVIEW&AUCTIONDATE=09/09/2026	http://www.pa.marion.fl.us/PRC.aspx?key=394416&YR=2026&mName=False&mSitus=False				29.136967	-82.502857
marion	09/09/2026	09:00 AM ET	2001-004-017	87482017	87482017			NO SITUS, OCALA, FL- 34481			6936.32	3543.0	196	REVIEW	target county; property use unknown — verify on appraiser site	Scheduled	https://www.marion.realtaxdeed.com/index.cfm?zaction=AUCTION&Zmethod=PREVIEW&AUCTIONDATE=09/09/2026	http://www.pa.marion.fl.us/PRC.aspx?key=478407&YR=2026&mName=False&mSitus=False					
marion	09/09/2026		2001-006-005	87622017	87622017			NO SITUS, OCALA, FL- 34481			6920.53	3543.0	195	REVIEW	target county; property use unknown — verify on appraiser site	Redeemed	https://www.marion.realtaxdeed.com/index.cfm?zaction=AUCTION&Zmethod=PREVIEW&AUCTIONDATE=09/09/2026	http://www.pa.marion.fl.us/PRC.aspx?key=478709&YR=2026&mName=False&mSitus=False					
marion	09/09/2026	09:00 AM ET	2001-008-017	87722017	87722017			NO SITUS, OCALA, FL- 34481			7061.87	5227.0	135	REVIEW	target county; property use unknown — verify on appraiser site	Scheduled	https://www.marion.realtaxdeed.com/index.cfm?zaction=AUCTION&Zmethod=PREVIEW&AUCTIONDATE=09/09/2026	http://www.pa.marion.fl.us/PRC.aspx?key=479128&YR=2026&mName=False&mSitus=False					
marion	09/09/2026	09:00 AM ET	2001-015-006	87932017	87932017			NO SITUS, OCALA, FL- 34481			6903.52	3543.0	195	REVIEW	target county; property use unknown — verify on appraiser site	Scheduled	https://www.marion.realtaxdeed.com/index.cfm?zaction=AUCTION&Zmethod=PREVIEW&AUCTIONDATE=09/09/2026	http://www.pa.marion.fl.us/PRC.aspx?key=480215&YR=2026&mName=False&mSitus=False					
marion	09/09/2026	09:00 AM ET	2001-019-009	88062017	88062017			NO SITUS, OCALA, FL- 34481			6881.49	3543.0	194	REVIEW	target county; property use unknown — verify on appraiser site	Scheduled	https://www.marion.realtaxdeed.com/index.cfm?zaction=AUCTION&Zmethod=PREVIEW&AUCTIONDATE=09/09/2026	http://www.pa.marion.fl.us/PRC.aspx?key=481017&YR=2026&mName=False&mSitus=False					
marion	09/09/2026	09:00 AM ET	2001-029-009	88362017	88362017			NO SITUS, OCALA, FL- 34481			6959.53	3543.0	196	REVIEW	target county; property use unknown — verify on appraiser site	Scheduled	https://www.marion.realtaxdeed.com/index.cfm?zaction=AUCTION&Zmethod=PREVIEW&AUCTIONDATE=09/09/2026	http://www.pa.marion.fl.us/PRC.aspx?key=482412&YR=2026&mName=False&mSitus=False					
marion	09/09/2026	09:00 AM ET	2001-029-013	88372017	88372017			NO SITUS, OCALA, FL- 34481			6893.62	3543.0	195	REVIEW	target county; property use unknown — verify on appraiser site	Scheduled	https://www.marion.realtaxdeed.com/index.cfm?zaction=AUCTION&Zmethod=PREVIEW&AUCTIONDATE=09/09/2026	http://www.pa.marion.fl.us/PRC.aspx?key=482447&YR=2026&mName=False&mSitus=False					
marion	09/09/2026	09:00 AM ET	2002-042-016	88952017	88952017			NO SITUS, OCALA, FL- 34481			6956.37	3543.0	196	REVIEW	target county; property use unknown — verify on appraiser site	Scheduled	https://www.marion.realtaxdeed.com/index.cfm?zaction=AUCTION&Zmethod=PREVIEW&AUCTIONDATE=09/09/2026	http://www.pa.marion.fl.us/PRC.aspx?key=484725&YR=2026&mName=False&mSitus=False					
marion	09/09/2026	09:00 AM ET	2002-042-017	88962017	88962017			NO SITUS, OCALA, FL- 34481			6956.37	3543.0	196	REVIEW	target county; property use unknown — verify on appraiser site	Scheduled	https://www.marion.realtaxdeed.com/index.cfm?zaction=AUCTION&Zmethod=PREVIEW&AUCTIONDATE=09/09/2026	http://www.pa.marion.fl.us/PRC.aspx?key=3384351&YR=2026&mName=False&mSitus=False					
marion	09/09/2026	09:00 AM ET	2002-042-018	88972017	88972017			NO SITUS, OCALA, FL- 34481			6966.28	3543.0	197	REVIEW	target county; property use unknown — verify on appraiser site	Scheduled	https://www.marion.realtaxdeed.com/index.cfm?zaction=AUCTION&Zmethod=PREVIEW&AUCTIONDATE=09/09/2026	http://www.pa.marion.fl.us/PRC.aspx?key=3384369&YR=2026&mName=False&mSitus=False					
marion	09/09/2026	09:00 AM ET	2002-052-019	89392017	89392017			NO SITUS, OCALA, FL- 34481			6824.65	3543.0	193	REVIEW	target county; property use unknown — verify on appraiser site	Scheduled	https://www.marion.realtaxdeed.com/index.cfm?zaction=AUCTION&Zmethod=PREVIEW&AUCTIONDATE=09/09/2026	http://www.pa.marion.fl.us/PRC.aspx?key=486167&YR=2026&mName=False&mSitus=False					
marion	09/09/2026	09:00 AM ET	2002-056-004	89582017	89582017			NO SITUS, OCALA, FL- 34481			6867.35	3543.0	194	REVIEW	target county; property use unknown — verify on appraiser site	Scheduled	https://www.marion.realtaxdeed.com/index.cfm?zaction=AUCTION&Zmethod=PREVIEW&AUCTIONDATE=09/09/2026	http://www.pa.marion.fl.us/PRC.aspx?key=486779&YR=2026&mName=False&mSitus=False					
marion	09/09/2026	09:00 AM ET	2002-058-026	89712017	89712017			NO SITUS, OCALA, FL- 34481			6866.15	3543.0	194	REVIEW	target county; property use unknown — verify on appraiser site	Scheduled	https://www.marion.realtaxdeed.com/index.cfm?zaction=AUCTION&Zmethod=PREVIEW&AUCTIONDATE=09/09/2026	http://www.pa.marion.fl.us/PRC.aspx?key=487252&YR=2026&mName=False&mSitus=False					
marion	09/09/2026	09:00 AM ET	2002-059-021	89772017	89772017			NO SITUS, OCALA, FL- 34481			6802.43	3543.0	192	REVIEW	target county; property use unknown — verify on appraiser site	Scheduled	https://www.marion.realtaxdeed.com/index.cfm?zaction=AUCTION&Zmethod=PREVIEW&AUCTIONDATE=09/09/2026	http://www.pa.marion.fl.us/PRC.aspx?key=487414&YR=2026&mName=False&mSitus=False					
marion	09/09/2026	09:00 AM ET	2002-060-014	89832017	89832017			NO SITUS, OCALA, FL- 34481			6837.11	2835.0	241	REVIEW	target county; property use unknown — verify on appraiser site	Scheduled	https://www.marion.realtaxdeed.com/index.cfm?zaction=AUCTION&Zmethod=PREVIEW&AUCTIONDATE=09/09/2026	http://www.pa.marion.fl.us/PRC.aspx?key=487538&YR=2026&mName=False&mSitus=False					
marion	09/09/2026	09:00 AM ET	2002-063-008	89962017	89962017			NO SITUS, OCALA, FL- 34481			6923.42	3543.0	195	REVIEW	target county; property use unknown — verify on appraiser site	Scheduled	https://www.marion.realtaxdeed.com/index.cfm?zaction=AUCTION&Zmethod=PREVIEW&AUCTIONDATE=09/09/2026	http://www.pa.marion.fl.us/PRC.aspx?key=488101&YR=2026&mName=False&mSitus=False					
marion	09/09/2026	09:00 AM ET	2002-063-012	89982017	89982017			NO SITUS, OCALA, FL- 34481			6875.45	3543.0	194	REVIEW	target county; property use unknown — verify on appraiser site	Scheduled	https://www.marion.realtaxdeed.com/index.cfm?zaction=AUCTION&Zmethod=PREVIEW&AUCTIONDATE=09/09/2026	http://www.pa.marion.fl.us/PRC.aspx?key=488135&YR=2026&mName=False&mSitus=False					
marion	09/09/2026	09:00 AM ET	2002-063-018	90002017	90002017			NO SITUS, OCALA, FL- 34481			6873.15	3543.0	194	REVIEW	target county; property use unknown — verify on appraiser site	Scheduled	https://www.marion.realtaxdeed.com/index.cfm?zaction=AUCTION&Zmethod=PREVIEW&AUCTIONDATE=09/09/2026	http://www.pa.marion.fl.us/PRC.aspx?key=488160&YR=2026&mName=False&mSitus=False					
marion	09/09/2026	09:00 AM ET	2002-064-002	90062017	90062017			NO SITUS, OCALA, FL- 34481			6597.57	2835.0	233	REVIEW	target county; property use unknown — verify on appraiser site	Scheduled	https://www.marion.realtaxdeed.com/index.cfm?zaction=AUCTION&Zmethod=PREVIEW&AUCTIONDATE=09/09/2026	http://www.pa.marion.fl.us/PRC.aspx?key=3460383&YR=2026&mName=False&mSitus=False					
marion	09/09/2026	09:00 AM ET	2002-067-008	90142017	90142017			NO SITUS, OCALA, FL- 34481			6891.68	3543.0	195	REVIEW	target county; property use unknown — verify on appraiser site	Scheduled	https://www.marion.realtaxdeed.com/index.cfm?zaction=AUCTION&Zmethod=PREVIEW&AUCTIONDATE=09/09/2026	http://www.pa.marion.fl.us/PRC.aspx?key=488828&YR=2026&mName=False&mSitus=False					
marion	09/09/2026	09:00 AM ET	2002-067-025	90192017	90192017			NO SITUS, OCALA, FL- 34481			6956.37	3543.0	196	REVIEW	target county; property use unknown — verify on appraiser site	Scheduled	https://www.marion.realtaxdeed.com/index.cfm?zaction=AUCTION&Zmethod=PREVIEW&AUCTIONDATE=09/09/2026	http://www.pa.marion.fl.us/PRC.aspx?key=2382708&YR=2026&mName=False&mSitus=False					
marion	09/09/2026	09:00 AM ET	2002-069-017	90282017	90282017			14783 SW 21ST PL, OCALA, FL- 34481			6823.3	3543.0	193	REVIEW	target county; property use unknown — verify on appraiser site	Scheduled	https://www.marion.realtaxdeed.com/index.cfm?zaction=AUCTION&Zmethod=PREVIEW&AUCTIONDATE=09/09/2026	http://www.pa.marion.fl.us/PRC.aspx?key=489166&YR=2026&mName=False&mSitus=False				29.167689	-82.363897
marion	09/09/2026	09:00 AM ET	2002-075-003	90602017	90602017			NO SITUS, OCALA, FL- 34481			6770.6	2835.0	239	REVIEW	target county; property use unknown — verify on appraiser site	Scheduled	https://www.marion.realtaxdeed.com/index.cfm?zaction=AUCTION&Zmethod=PREVIEW&AUCTIONDATE=09/09/2026	http://www.pa.marion.fl.us/PRC.aspx?key=490016&YR=2026&mName=False&mSitus=False					
marion	09/09/2026	09:00 AM ET	2002-075-009	90632017	90632017			NO SITUS, OCALA, FL- 34481			6585.52	2835.0	232	REVIEW	target county; property use unknown — verify on appraiser site	Scheduled	https://www.marion.realtaxdeed.com/index.cfm?zaction=AUCTION&Zmethod=PREVIEW&AUCTIONDATE=09/09/2026	http://www.pa.marion.fl.us/PRC.aspx?key=490059&YR=2026&mName=False&mSitus=False					
marion	09/09/2026	09:00 AM ET	2002-075-010	90642017	90642017			NO SITUS, OCALA, FL- 34481			6639.33	2835.0	234	REVIEW	target county; property use unknown — verify on appraiser site	Scheduled	https://www.marion.realtaxdeed.com/index.cfm?zaction=AUCTION&Zmethod=PREVIEW&AUCTIONDATE=09/09/2026	http://www.pa.marion.fl.us/PRC.aspx?key=490067&YR=2026&mName=False&mSitus=False					
marion	09/09/2026	09:00 AM ET	2002-075-019	90682017	90682017			NO SITUS, OCALA, FL- 34481			6965.82	3543.0	197	REVIEW	target county; property use unknown — verify on appraiser site	Scheduled	https://www.marion.realtaxdeed.com/index.cfm?zaction=AUCTION&Zmethod=PREVIEW&AUCTIONDATE=09/09/2026	http://www.pa.marion.fl.us/PRC.aspx?key=490105&YR=2026&mName=False&mSitus=False					
marion	09/09/2026	09:00 AM ET	2002-076-010	90722017	90722017			NO SITUS, OCALA, FL- 34481			6916.8	3543.0	195	REVIEW	target county; property use unknown — verify on appraiser site	Scheduled	https://www.marion.realtaxdeed.com/index.cfm?zaction=AUCTION&Zmethod=PREVIEW&AUCTIONDATE=09/09/2026	http://www.pa.marion.fl.us/PRC.aspx?key=490211&YR=2026&mName=False&mSitus=False					
marion	09/09/2026	09:00 AM ET	2002-076-015	90752017	90752017			NO SITUS, OCALA, FL- 34481			6956.75	3543.0	196	REVIEW	target county; property use unknown — verify on appraiser site	Scheduled	https://www.marion.realtaxdeed.com/index.cfm?zaction=AUCTION&Zmethod=PREVIEW&AUCTIONDATE=09/09/2026	http://www.pa.marion.fl.us/PRC.aspx?key=1798574&YR=2026&mName=False&mSitus=False					
marion	09/09/2026	09:00 AM ET	2002-076-020	90782017	90782017			NO SITUS, OCALA, FL- 34481			6975.91	3543.0	197	REVIEW	target county; property use unknown — verify on appraiser site	Scheduled	https://www.marion.realtaxdeed.com/index.cfm?zaction=AUCTION&Zmethod=PREVIEW&AUCTIONDATE=09/09/2026	http://www.pa.marion.fl.us/PRC.aspx?key=490296&YR=2026&mName=False&mSitus=False					
marion	09/09/2026	09:00 AM ET	2002-077-018	90822017	90822017			NO SITUS, OCALA, FL- 34481			6919.97	3543.0	195	REVIEW	target county; property use unknown — verify on appraiser site	Scheduled	https://www.marion.realtaxdeed.com/index.cfm?zaction=AUCTION&Zmethod=PREVIEW&AUCTIONDATE=09/09/2026	http://www.pa.marion.fl.us/PRC.aspx?key=490458&YR=2026&mName=False&mSitus=False					
marion	09/09/2026	09:00 AM ET	2002-080-007	90982017	90982017			NO SITUS, OCALA, FL- 34481			6955.92	3543.0	196	REVIEW	target county; property use unknown — verify on appraiser site	Scheduled	https://www.marion.realtaxdeed.com/index.cfm?zaction=AUCTION&Zmethod=PREVIEW&AUCTIONDATE=09/09/2026	http://www.pa.marion.fl.us/PRC.aspx?key=490806&YR=2026&mName=False&mSitus=False					
marion	09/09/2026	09:00 AM ET	2002-081-029	91042017	91042017			NO SITUS, OCALA, FL- 34481			6649.9	2835.0	235	REVIEW	target county; property use unknown — verify on appraiser site	Scheduled	https://www.marion.realtaxdeed.com/index.cfm?zaction=AUCTION&Zmethod=PREVIEW&AUCTIONDATE=09/09/2026	http://www.pa.marion.fl.us/PRC.aspx?key=491152&YR=2026&mName=False&mSitus=False					
marion	09/09/2026	09:00 AM ET	2002-083-024	91162017	91162017			NO SITUS, OCALA, FL- 34481			6956.37	3543.0	196	REVIEW	target county; property use unknown — verify on appraiser site	Scheduled	https://www.marion.realtaxdeed.com/index.cfm?zaction=AUCTION&Zmethod=PREVIEW&AUCTIONDATE=09/09/2026	http://www.pa.marion.fl.us/PRC.aspx?key=491489&YR=2026&mName=False&mSitus=False					
marion	09/09/2026	09:00 AM ET	2002-085-017	91212017	91212017			NO SITUS, OCALA, FL- 34481			6760.99	2835.0	238	REVIEW	target county; property use unknown — verify on appraiser site	Scheduled	https://www.marion.realtaxdeed.com/index.cfm?zaction=AUCTION&Zmethod=PREVIEW&AUCTIONDATE=09/09/2026	http://www.pa.marion.fl.us/PRC.aspx?key=491756&YR=2026&mName=False&mSitus=False					
marion	09/09/2026	09:00 AM ET	2003-088-001	91432017	91432017			NO SITUS, OCALA, FL- 34481			3325.5	2872.0	116	REVIEW	target county; property use unknown — verify on appraiser site	Scheduled	https://www.marion.realtaxdeed.com/index.cfm?zaction=AUCTION&Zmethod=PREVIEW&AUCTIONDATE=09/09/2026	http://www.pa.marion.fl.us/PRC.aspx?key=492728&YR=2026&mName=False&mSitus=False					
marion	09/09/2026	09:00 AM ET	2003-088-024	91472017	91472017			NO SITUS, OCALA, FL- 34481			3389.24	3543.0	96	REVIEW	target county; property use unknown — verify on appraiser site	Scheduled	https://www.marion.realtaxdeed.com/index.cfm?zaction=AUCTION&Zmethod=PREVIEW&AUCTIONDATE=09/09/2026	http://www.pa.marion.fl.us/PRC.aspx?key=2682159&YR=2026&mName=False&mSitus=False					
marion	09/09/2026	09:00 AM ET	2003-098-004	91502017	91502017			NO SITUS, OCALA, FL- 34481			3349.92	3194.0	105	REVIEW	target county; property use unknown — verify on appraiser site	Scheduled	https://www.marion.realtaxdeed.com/index.cfm?zaction=AUCTION&Zmethod=PREVIEW&AUCTIONDATE=09/09/2026	http://www.pa.marion.fl.us/PRC.aspx?key=2386045&YR=2026&mName=False&mSitus=False					
marion	09/09/2026	09:00 AM ET	2003-102-011	91682017	91682017			NO SITUS, OCALA, FL- 34481			3261.36	3194.0	102	REVIEW	target county; property use unknown — verify on appraiser site	Scheduled	https://www.marion.realtaxdeed.com/index.cfm?zaction=AUCTION&Zmethod=PREVIEW&AUCTIONDATE=09/09/2026	http://www.pa.marion.fl.us/PRC.aspx?key=2359188&YR=2026&mName=False&mSitus=False					
marion	09/09/2026	09:00 AM ET	2003-102-012	91692017	91692017			NO SITUS, OCALA, FL- 34481			3359.82	3194.0	105	REVIEW	target county; property use unknown — verify on appraiser site	Scheduled	https://www.marion.realtaxdeed.com/index.cfm?zaction=AUCTION&Zmethod=PREVIEW&AUCTIONDATE=09/09/2026	http://www.pa.marion.fl.us/PRC.aspx?key=2531703&YR=2026&mName=False&mSitus=False					
marion	09/09/2026	09:00 AM ET	2003-104-007	91792017	91792017			NO SITUS, OCALA, FL- 34481			3335.96	3543.0	94	REVIEW	target county; property use unknown — verify on appraiser site	Scheduled	https://www.marion.realtaxdeed.com/index.cfm?zaction=AUCTION&Zmethod=PREVIEW&AUCTIONDATE=09/09/2026	http://www.pa.marion.fl.us/PRC.aspx?key=493864&YR=2026&mName=False&mSitus=False					
marion	09/09/2026	09:00 AM ET	2003-104-009	91812017	91812017			NO SITUS, OCALA, FL- 34481			3435.5	3543.0	97	REVIEW	target county; property use unknown — verify on appraiser site	Scheduled	https://www.marion.realtaxdeed.com/index.cfm?zaction=AUCTION&Zmethod=PREVIEW&AUCTIONDATE=09/09/2026	http://www.pa.marion.fl.us/PRC.aspx?key=493881&YR=2026&mName=False&mSitus=False					
marion	09/09/2026	09:00 AM ET	2003-105-006	91842017	91842017			NO SITUS, OCALA, FL- 34481			3357.64	3543.0	95	REVIEW	target county; property use unknown — verify on appraiser site	Scheduled	https://www.marion.realtaxdeed.com/index.cfm?zaction=AUCTION&Zmethod=PREVIEW&AUCTIONDATE=09/09/2026	http://www.pa.marion.fl.us/PRC.aspx?key=3378032&YR=2026&mName=False&mSitus=False					
marion	09/09/2026	09:00 AM ET	2003-105-009	91872017	91872017			NO SITUS, OCALA, FL- 34481			3357.64	3543.0	95	REVIEW	target county; property use unknown — verify on appraiser site	Scheduled	https://www.marion.realtaxdeed.com/index.cfm?zaction=AUCTION&Zmethod=PREVIEW&AUCTIONDATE=09/09/2026	http://www.pa.marion.fl.us/PRC.aspx?key=494101&YR=2026&mName=False&mSitus=False					
marion	09/09/2026	09:00 AM ET	2003-116-010	92122017	92122017			NO SITUS, OCALA, FL- 34481			3425.19	3543.0	97	REVIEW	target county; property use unknown — verify on appraiser site	Scheduled	https://www.marion.realtaxdeed.com/index.cfm?zaction=AUCTION&Zmethod=PREVIEW&AUCTIONDATE=09/09/2026	http://www.pa.marion.fl.us/PRC.aspx?key=2386118&YR=2026&mName=False&mSitus=False					
marion	09/09/2026	09:00 AM ET	2003-117-013	92152017	92152017			NO SITUS, OCALA, FL- 34481			3425.19	3543.0	97	REVIEW	target county; property use unknown — verify on appraiser site	Scheduled	https://www.marion.realtaxdeed.com/index.cfm?zaction=AUCTION&Zmethod=PREVIEW&AUCTIONDATE=09/09/2026	http://www.pa.marion.fl.us/PRC.aspx?key=495387&YR=2026&mName=False&mSitus=False					
marion	09/09/2026	09:00 AM ET	2003-118-025	92202017	92202017			NO SITUS, OCALA, FL- 34481			3368.08	3543.0	95	REVIEW	target county; property use unknown — verify on appraiser site	Scheduled	https://www.marion.realtaxdeed.com/index.cfm?zaction=AUCTION&Zmethod=PREVIEW&AUCTIONDATE=09/09/2026	http://www.pa.marion.fl.us/PRC.aspx?key=495531&YR=2026&mName=False&mSitus=False					
marion	09/09/2026	09:00 AM ET	2003-124-140	92622017	92622017			NO SITUS, OCALA, FL- 34481			3271.7	3543.0	92	REVIEW	target county; property use unknown — verify on appraiser site	Scheduled	https://www.marion.realtaxdeed.com/index.cfm?zaction=AUCTION&Zmethod=PREVIEW&AUCTIONDATE=09/09/2026	http://www.pa.marion.fl.us/PRC.aspx?key=3489853&YR=2026&mName=False&mSitus=False					
marion	09/09/2026	09:00 AM ET	2003-127-018	92782017	92782017			NO SITUS, OCALA, FL- 34481			3347.73	3543.0	94	REVIEW	target county; property use unknown — verify on appraiser site	Scheduled	https://www.marion.realtaxdeed.com/index.cfm?zaction=AUCTION&Zmethod=PREVIEW&AUCTIONDATE=09/09/2026	http://www.pa.marion.fl.us/PRC.aspx?key=497240&YR=2026&mName=False&mSitus=False					
marion	09/09/2026	09:00 AM ET	2003-139-004	93082017	93082017			NO SITUS, OCALA, FL- 34481			3435.09	3543.0	97	REVIEW	target county; property use unknown — verify on appraiser site	Scheduled	https://www.marion.realtaxdeed.com/index.cfm?zaction=AUCTION&Zmethod=PREVIEW&AUCTIONDATE=09/09/2026	http://www.pa.marion.fl.us/PRC.aspx?key=498815&YR=2026&mName=False&mSitus=False					
marion	09/09/2026	09:00 AM ET	2003-139-014	93112017	93112017			NO SITUS, OCALA, FL- 34481			3335.42	3543.0	94	REVIEW	target county; property use unknown — verify on appraiser site	Scheduled	https://www.marion.realtaxdeed.com/index.cfm?zaction=AUCTION&Zmethod=PREVIEW&AUCTIONDATE=09/09/2026	http://www.pa.marion.fl.us/PRC.aspx?key=3512731&YR=2026&mName=False&mSitus=False					
marion	09/09/2026	09:00 AM ET	2003-141-007	93132017	93132017			NO SITUS, OCALA, FL- 34481			3392.69	3543.0	96	REVIEW	target county; property use unknown — verify on appraiser site	Scheduled	https://www.marion.realtaxdeed.com/index.cfm?zaction=AUCTION&Zmethod=PREVIEW&AUCTIONDATE=09/09/2026	http://www.pa.marion.fl.us/PRC.aspx?key=2384611&YR=2026&mName=False&mSitus=False					
marion	09/09/2026	09:00 AM ET	2003-141-008	93142017	93142017			NO SITUS, OCALA, FL- 34481			3392.69	3543.0	96	REVIEW	target county; property use unknown — verify on appraiser site	Scheduled	https://www.marion.realtaxdeed.com/index.cfm?zaction=AUCTION&Zmethod=PREVIEW&AUCTIONDATE=09/09/2026	http://www.pa.marion.fl.us/PRC.aspx?key=2384638&YR=2026&mName=False&mSitus=False					
marion	09/09/2026	09:00 AM ET	2003-142-001	93152017	93152017			NO SITUS, OCALA, FL- 34481			3425.19	3543.0	97	REVIEW	target county; property use unknown — verify on appraiser site	Scheduled	https://www.marion.realtaxdeed.com/index.cfm?zaction=AUCTION&Zmethod=PREVIEW&AUCTIONDATE=09/09/2026	http://www.pa.marion.fl.us/PRC.aspx?key=2385961&YR=2026&mName=False&mSitus=False					
marion	09/09/2026	09:00 AM ET	2003-142-002	93162017	93162017			NO SITUS, OCALA, FL- 34481			3336.63	3543.0	94	REVIEW	target county; property use unknown — verify on appraiser site	Scheduled	https://www.marion.realtaxdeed.com/index.cfm?zaction=AUCTION&Zmethod=PREVIEW&AUCTIONDATE=09/09/2026	http://www.pa.marion.fl.us/PRC.aspx?key=499013&YR=2026&mName=False&mSitus=False					
marion	09/09/2026	09:00 AM ET	2003-144-005	93232017	93232017			NO SITUS, OCALA, FL- 34481			3358.54	3543.0	95	REVIEW	target county; property use unknown — verify on appraiser site	Scheduled	https://www.marion.realtaxdeed.com/index.cfm?zaction=AUCTION&Zmethod=PREVIEW&AUCTIONDATE=09/09/2026	http://www.pa.marion.fl.us/PRC.aspx?key=3465849&YR=2026&mName=False&mSitus=False					
marion	09/09/2026	09:00 AM ET	2003-144-011	93242017	93242017			NO SITUS, OCALA, FL- 34481			3346.53	3543.0	94	REVIEW	target county; property use unknown — verify on appraiser site	Scheduled	https://www.marion.realtaxdeed.com/index.cfm?zaction=AUCTION&Zmethod=PREVIEW&AUCTIONDATE=09/09/2026	http://www.pa.marion.fl.us/PRC.aspx?key=2119586&YR=2026&mName=False&mSitus=False					
marion	09/09/2026	09:00 AM ET	2003-144-017	93262017	93262017			NO SITUS, OCALA, FL- 34481			3382.79	3543.0	95	REVIEW	target county; property use unknown — verify on appraiser site	Scheduled	https://www.marion.realtaxdeed.com/index.cfm?zaction=AUCTION&Zmethod=PREVIEW&AUCTIONDATE=09/09/2026	http://www.pa.marion.fl.us/PRC.aspx?key=2384662&YR=2026&mName=False&mSitus=False					
marion	09/09/2026	09:00 AM ET	2003-144-020	93272017	93272017			NO SITUS, OCALA, FL- 34481			3368.75	3543.0	95	REVIEW	target county; property use unknown — verify on appraiser site	Scheduled	https://www.marion.realtaxdeed.com/index.cfm?zaction=AUCTION&Zmethod=PREVIEW&AUCTIONDATE=09/09/2026	http://www.pa.marion.fl.us/PRC.aspx?key=499315&YR=2026&mName=False&mSitus=False					
marion	09/09/2026	09:00 AM ET	2003-148-031	93492017	93492017			NO SITUS, OCALA, FL- 34481			3435.09	3543.0	97	REVIEW	target county; property use unknown — verify on appraiser site	Scheduled	https://www.marion.realtaxdeed.com/index.cfm?zaction=AUCTION&Zmethod=PREVIEW&AUCTIONDATE=09/09/2026	http://www.pa.marion.fl.us/PRC.aspx?key=2385979&YR=2026&mName=False&mSitus=False					
marion	09/09/2026	09:00 AM ET	2003-148-032	93502017	93502017			NO SITUS, OCALA, FL- 34481			3435.09	3543.0	97	REVIEW	target county; property use unknown — verify on appraiser site	Scheduled	https://www.marion.realtaxdeed.com/index.cfm?zaction=AUCTION&Zmethod=PREVIEW&AUCTIONDATE=09/09/2026	http://www.pa.marion.fl.us/PRC.aspx?key=2385995&YR=2026&mName=False&mSitus=False					
marion	09/09/2026	09:00 AM ET	2003-148-033	93512017	93512017			NO SITUS, OCALA, FL- 34481			3435.09	3543.0	97	REVIEW	target county; property use unknown — verify on appraiser site	Scheduled	https://www.marion.realtaxdeed.com/index.cfm?zaction=AUCTION&Zmethod=PREVIEW&AUCTIONDATE=09/09/2026	http://www.pa.marion.fl.us/PRC.aspx?key=2386002&YR=2026&mName=False&mSitus=False					
marion	09/09/2026	09:00 AM ET	2003-149-016	93572017	93572017			NO SITUS, OCALA, FL- 34481			2895.56	3543.0	82	REVIEW	target county; property use unknown — verify on appraiser site	Scheduled	https://www.marion.realtaxdeed.com/index.cfm?zaction=AUCTION&Zmethod=PREVIEW&AUCTIONDATE=09/09/2026	http://www.pa.marion.fl.us/PRC.aspx?key=499994&YR=2026&mName=False&mSitus=False					
marion	09/09/2026	09:00 AM ET	2003-150-012	93592017	93592017			NO SITUS, OCALA, FL- 34481			3336.63	3543.0	94	REVIEW	target county; property use unknown — verify on appraiser site	Scheduled	https://www.marion.realtaxdeed.com/index.cfm?zaction=AUCTION&Zmethod=PREVIEW&AUCTIONDATE=09/09/2026	http://www.pa.marion.fl.us/PRC.aspx?key=500143&YR=2026&mName=False&mSitus=False					
marion	09/09/2026	09:00 AM ET	2003-150-015	93602017	93602017			NO SITUS, OCALA, FL- 34481			3392.69	3543.0	96	REVIEW	target county; property use unknown — verify on appraiser site	Scheduled	https://www.marion.realtaxdeed.com/index.cfm?zaction=AUCTION&Zmethod=PREVIEW&AUCTIONDATE=09/09/2026	http://www.pa.marion.fl.us/PRC.aspx?key=2216557&YR=2026&mName=False&mSitus=False					
marion	09/09/2026	09:00 AM ET	2003-152-035	93712017	93712017			NO SITUS, OCALA, FL- 34481			3435.9	3543.0	97	REVIEW	target county; property use unknown — verify on appraiser site	Scheduled	https://www.marion.realtaxdeed.com/index.cfm?zaction=AUCTION&Zmethod=PREVIEW&AUCTIONDATE=09/09/2026	http://www.pa.marion.fl.us/PRC.aspx?key=2386029&YR=2026&mName=False&mSitus=False					
marion	09/09/2026	09:00 AM ET	2003-152-036	93722017	93722017			NO SITUS, OCALA, FL- 34481			3435.9	3543.0	97	REVIEW	target county; property use unknown — verify on appraiser site	Scheduled	https://www.marion.realtaxdeed.com/index.cfm?zaction=AUCTION&Zmethod=PREVIEW&AUCTIONDATE=09/09/2026	http://www.pa.marion.fl.us/PRC.aspx?key=2386037&YR=2026&mName=False&mSitus=False					
marion	09/09/2026	09:00 AM ET	2003-153-005	93742017	93742017			NO SITUS, OCALA, FL- 34481			3337.03	3543.0	94	REVIEW	target county; property use unknown — verify on appraiser site	Scheduled	https://www.marion.realtaxdeed.com/index.cfm?zaction=AUCTION&Zmethod=PREVIEW&AUCTIONDATE=09/09/2026	http://www.pa.marion.fl.us/PRC.aspx?key=3496477&YR=2026&mName=False&mSitus=False					
marion	09/09/2026	09:00 AM ET	2003-153-018	93772017	93772017			NO SITUS, OCALA, FL- 34481			3261.39	3543.0	92	REVIEW	target county; property use unknown — verify on appraiser site	Scheduled	https://www.marion.realtaxdeed.com/index.cfm?zaction=AUCTION&Zmethod=PREVIEW&AUCTIONDATE=09/09/2026	http://www.pa.marion.fl.us/PRC.aspx?key=3333209&YR=2026&mName=False&mSitus=False					
marion	09/09/2026	09:00 AM ET	2003-154-006	93802017	93802017			NO SITUS, OCALA, FL- 34481			3271.7	3543.0	92	REVIEW	target county; property use unknown — verify on appraiser site	Scheduled	https://www.marion.realtaxdeed.com/index.cfm?zaction=AUCTION&Zmethod=PREVIEW&AUCTIONDATE=09/09/2026	http://www.pa.marion.fl.us/PRC.aspx?key=500631&YR=2026&mName=False&mSitus=False					
marion	09/09/2026	09:00 AM ET	2003-155-001	93882017	93882017			NO SITUS, OCALA, FL- 34481			3427.85	3543.0	97	REVIEW	target county; property use unknown — verify on appraiser site	Scheduled	https://www.marion.realtaxdeed.com/index.cfm?zaction=AUCTION&Zmethod=PREVIEW&AUCTIONDATE=09/09/2026	http://www.pa.marion.fl.us/PRC.aspx?key=500691&YR=2026&mName=False&mSitus=False					
marion	09/09/2026	09:00 AM ET	2003-155-002	93892017	93892017			NO SITUS, OCALA, FL- 34481			3427.07	3543.0	97	REVIEW	target county; property use unknown — verify on appraiser site	Scheduled	https://www.marion.realtaxdeed.com/index.cfm?zaction=AUCTION&Zmethod=PREVIEW&AUCTIONDATE=09/09/2026	http://www.pa.marion.fl.us/PRC.aspx?key=3384431&YR=2026&mName=False&mSitus=False					
marion	09/09/2026	09:00 AM ET	2003-155-003	93902017	93902017			NO SITUS, OCALA, FL- 34481			3436.98	3543.0	97	REVIEW	target county; property use unknown — verify on appraiser site	Scheduled	https://www.marion.realtaxdeed.com/index.cfm?zaction=AUCTION&Zmethod=PREVIEW&AUCTIONDATE=09/09/2026	http://www.pa.marion.fl.us/PRC.aspx?key=3384440&YR=2026&mName=False&mSitus=False					
marion	09/09/2026	09:00 AM ET	2003-163-007	93952017	93952017			NO SITUS, OCALA, FL- 34481			3292.71	3543.0	93	REVIEW	target county; property use unknown — verify on appraiser site	Scheduled	https://www.marion.realtaxdeed.com/index.cfm?zaction=AUCTION&Zmethod=PREVIEW&AUCTIONDATE=09/09/2026	http://www.pa.marion.fl.us/PRC.aspx?key=3466314&YR=2026&mName=False&mSitus=False					
marion	09/09/2026	09:00 AM ET	2004-157-004	94032017	94032017			NO SITUS, OCALA, FL- 34481			3261.57	3543.0	92	REVIEW	target county; property use unknown — verify on appraiser site	Scheduled	https://www.marion.realtaxdeed.com/index.cfm?zaction=AUCTION&Zmethod=PREVIEW&AUCTIONDATE=09/09/2026	http://www.pa.marion.fl.us/PRC.aspx?key=501336&YR=2026&mName=False&mSitus=False					
marion	09/09/2026	09:00 AM ET	2004-159-009	94082017	94082017			NO SITUS, OCALA, FL- 34481			3249.26	3543.0	92	REVIEW	target county; property use unknown — verify on appraiser site	Scheduled	https://www.marion.realtaxdeed.com/index.cfm?zaction=AUCTION&Zmethod=PREVIEW&AUCTIONDATE=09/09/2026	http://www.pa.marion.fl.us/PRC.aspx?key=501557&YR=2026&mName=False&mSitus=False					
marion	09/09/2026	09:00 AM ET	2004-160-016	94142017	94142017			NO SITUS, OCALA, FL- 34481			3239.35	3543.0	91	REVIEW	target county; property use unknown — verify on appraiser site	Scheduled	https://www.marion.realtaxdeed.com/index.cfm?zaction=AUCTION&Zmethod=PREVIEW&AUCTIONDATE=09/09/2026	http://www.pa.marion.fl.us/PRC.aspx?key=501727&YR=2026&mName=False&mSitus=False					
marion	09/09/2026	09:00 AM ET	2004-160-017	94152017	94152017			NO SITUS, OCALA, FL- 34481			3239.35	3543.0	91	REVIEW	target county; property use unknown — verify on appraiser site	Scheduled	https://www.marion.realtaxdeed.com/index.cfm?zaction=AUCTION&Zmethod=PREVIEW&AUCTIONDATE=09/09/2026	http://www.pa.marion.fl.us/PRC.aspx?key=501735&YR=2026&mName=False&mSitus=False					
marion	09/09/2026	09:00 AM ET	2004-161-021	94182017	94182017			NO SITUS, OCALA, FL- 34481			3280.96	3543.0	93	REVIEW	target county; property use unknown — verify on appraiser site	Scheduled	https://www.marion.realtaxdeed.com/index.cfm?zaction=AUCTION&Zmethod=PREVIEW&AUCTIONDATE=09/09/2026	http://www.pa.marion.fl.us/PRC.aspx?key=501875&YR=2026&mName=False&mSitus=False					
marion	09/09/2026	09:00 AM ET	2004-161-026	94202017	94202017			NO SITUS, OCALA, FL- 34481			3313.77	3543.0	94	REVIEW	target county; property use unknown — verify on appraiser site	Scheduled	https://www.marion.realtaxdeed.com/index.cfm?zaction=AUCTION&Zmethod=PREVIEW&AUCTIONDATE=09/09/2026	http://www.pa.marion.fl.us/PRC.aspx?key=3407610&YR=2026&mName=False&mSitus=False					
marion	09/09/2026	09:00 AM ET	2004-165-023	94272017	94272017			NO SITUS, OCALA, FL- 34481			3294.48	3543.0	93	REVIEW	target county; property use unknown — verify on appraiser site	Scheduled	https://www.marion.realtaxdeed.com/index.cfm?zaction=AUCTION&Zmethod=PREVIEW&AUCTIONDATE=09/09/2026	http://www.pa.marion.fl.us/PRC.aspx?key=502146&YR=2026&mName=False&mSitus=False					
marion	09/09/2026	09:00 AM ET	2004-167-023	94332017	94332017			NO SITUS, OCALA, FL- 34481			3367.98	3543.0	95	REVIEW	target county; property use unknown — verify on appraiser site	Scheduled	https://www.marion.realtaxdeed.com/index.cfm?zaction=AUCTION&Zmethod=PREVIEW&AUCTIONDATE=09/09/2026	http://www.pa.marion.fl.us/PRC.aspx?key=502481&YR=2026&mName=False&mSitus=False					
marion	09/09/2026	09:00 AM ET	2004-169-001	94362017	94362017			NO SITUS, OCALA, FL- 34481			3274.92	3543.0	92	REVIEW	target county; property use unknown — verify on appraiser site	Scheduled	https://www.marion.realtaxdeed.com/index.cfm?zaction=AUCTION&Zmethod=PREVIEW&AUCTIONDATE=09/09/2026	http://www.pa.marion.fl.us/PRC.aspx?key=2386703&YR=2026&mName=False&mSitus=False					
marion	09/09/2026	09:00 AM ET	2312-022-161	116622017	116622017			NO SITUS, OCALA, FL- 34482			3167.95	2830.0	112	REVIEW	target county; property use unknown — verify on appraiser site	Scheduled	https://www.marion.realtaxdeed.com/index.cfm?zaction=AUCTION&Zmethod=PREVIEW&AUCTIONDATE=09/09/2026	http://www.pa.marion.fl.us/PRC.aspx?key=577316&YR=2026&mName=False&mSitus=False					
marion	09/09/2026	09:00 AM ET	2618-002-009	112962021	112962021			1117 NE 8TH AVE, OCALA, FL- 34470			12636.4	49814.0	25	REVIEW	target county; property use unknown — verify on appraiser site	Scheduled	https://www.marion.realtaxdeed.com/index.cfm?zaction=AUCTION&Zmethod=PREVIEW&AUCTIONDATE=09/09/2026	http://www.pa.marion.fl.us/PRC.aspx?key=1250501&YR=2026&mName=False&mSitus=False				29.197605	-82.129625
marion	09/09/2026	09:00 AM ET	3582-125-006	148152021	148152021			5221 SE 31ST CT, OCALA, FL- 34480			10545.64	46936.0	22	REVIEW	target county; property use unknown — verify on appraiser site	Scheduled	https://www.marion.realtaxdeed.com/index.cfm?zaction=AUCTION&Zmethod=PREVIEW&AUCTIONDATE=09/09/2026	http://www.pa.marion.fl.us/PRC.aspx?key=3388364&YR=2026&mName=False&mSitus=False				29.135192	-82.092589
marion	09/09/2026	09:00 AM ET	4088-206-000	185842017	185842017			NO SITUS, DUNNELLON, FL- 34432			6478.57	9388.0	69	REVIEW	target county; property use unknown — verify on appraiser site	Scheduled	https://www.marion.realtaxdeed.com/index.cfm?zaction=AUCTION&Zmethod=PREVIEW&AUCTIONDATE=09/09/2026	http://www.pa.marion.fl.us/PRC.aspx?key=1007585&YR=2026&mName=False&mSitus=False					
marion	09/09/2026	09:00 AM ET	4551-009-037	178312021	178312021			10565 SE 131ST PL, OCKLAWAHA, FL- 32179			16439.57	24557.0	67	REVIEW	target county; property use unknown — verify on appraiser site	Scheduled	https://www.marion.realtaxdeed.com/index.cfm?zaction=AUCTION&Zmethod=PREVIEW&AUCTIONDATE=09/09/2026	http://www.pa.marion.fl.us/PRC.aspx?key=1107059&YR=2026&mName=False&mSitus=False				29.031037	-81.977544
marion	09/09/2026	09:00 AM ET	4593-017-011	180302021	180302021			14472 SE 91ST CT, SUMMERFIELD, FL- 34491			12533.47	56979.0	22	REVIEW	target county; property use unknown — verify on appraiser site	Scheduled	https://www.marion.realtaxdeed.com/index.cfm?zaction=AUCTION&Zmethod=PREVIEW&AUCTIONDATE=09/09/2026	http://www.pa.marion.fl.us/PRC.aspx?key=3709535&YR=2026&mName=False&mSitus=False				29.011133	-82.001709
marion	09/09/2026		4710-155-016	181812021	181812021			NO SITUS, SUMMERFIELD, FL- 34491			4053.29	16459.0	25	REVIEW	target county; property use unknown — verify on appraiser site	Redeemed	https://www.marion.realtaxdeed.com/index.cfm?zaction=AUCTION&Zmethod=PREVIEW&AUCTIONDATE=09/09/2026	http://www.pa.marion.fl.us/PRC.aspx?key=1141311&YR=2026&mName=False&mSitus=False					
marion	09/09/2026	09:00 AM ET	4716-014-003	182982021	182982021			16610 SE 104TH AVENUE RD, SUMMERFIELD, FL- 34491			12771.28	57289.0	22	REVIEW	target county; property use unknown — verify on appraiser site	Scheduled	https://www.marion.realtaxdeed.com/index.cfm?zaction=AUCTION&Zmethod=PREVIEW&AUCTIONDATE=09/09/2026	http://www.pa.marion.fl.us/PRC.aspx?key=1152232&YR=2026&mName=False&mSitus=False				28.980922	-81.980792
marion	09/09/2026	09:00 AM ET	5068-226-000	190692021	190692021			15671 SE 203RD AVE, UMATILLA, FL- 32784			6493.34	6796.0	96	REVIEW	target county; property use unknown — verify on appraiser site	Scheduled	https://www.marion.realtaxdeed.com/index.cfm?zaction=AUCTION&Zmethod=PREVIEW&AUCTIONDATE=09/09/2026	http://www.pa.marion.fl.us/PRC.aspx?key=1194521&YR=2026&mName=False&mSitus=False				28.994501	-81.818814
marion	09/09/2026	09:00 AM ET	7013-006-040	197232021	197232021			8041 SW 115TH LOOP, OCALA, FL- 34481			21867.96	132130.0	17	REVIEW	target county; property use unknown — verify on appraiser site	Scheduled	https://www.marion.realtaxdeed.com/index.cfm?zaction=AUCTION&Zmethod=PREVIEW&AUCTIONDATE=09/09/2026	http://www.pa.marion.fl.us/PRC.aspx?key=2703822&YR=2026&mName=False&mSitus=False				29.05497	-82.253132
marion	09/09/2026	09:00 AM ET	8011-1370-26	283382017	283382017			NO SITUS, OCALA, FL- 34473			7408.0	4670.0	159	REVIEW	target county; property use unknown — verify on appraiser site	Scheduled	https://www.marion.realtaxdeed.com/index.cfm?zaction=AUCTION&Zmethod=PREVIEW&AUCTIONDATE=09/09/2026	http://www.pa.marion.fl.us/PRC.aspx?key=2579170&YR=2026&mName=False&mSitus=False					
marion	09/09/2026	09:00 AM ET	8011-1372-66	258542014	258542014			NO SITUS, OCALA, FL- 34473			8611.16	21300.0	40	REVIEW	target county; property use unknown — verify on appraiser site	Scheduled	https://www.marion.realtaxdeed.com/index.cfm?zaction=AUCTION&Zmethod=PREVIEW&AUCTIONDATE=09/09/2026	http://www.pa.marion.fl.us/PRC.aspx?key=2580496&YR=2026&mName=False&mSitus=False					
marion	09/09/2026	09:00 AM ET	9009-0053-21	264712014	264712014			NO SITUS, OCALA, FL- 34472			7922.18	8820.0	90	REVIEW	target county; property use unknown — verify on appraiser site	Scheduled	https://www.marion.realtaxdeed.com/index.cfm?zaction=AUCTION&Zmethod=PREVIEW&AUCTIONDATE=09/09/2026	http://www.pa.marion.fl.us/PRC.aspx?key=1356300&YR=2026&mName=False&mSitus=False					
marion	09/09/2026	09:00 AM ET	9033-1107-14	276782015	276782015			NO SITUS, OCALA, FL- 34472			5820.43	4831.0	120	REVIEW	target county; property use unknown — verify on appraiser site	Scheduled	https://www.marion.realtaxdeed.com/index.cfm?zaction=AUCTION&Zmethod=PREVIEW&AUCTIONDATE=09/09/2026	http://www.pa.marion.fl.us/PRC.aspx?key=1465923&YR=2026&mName=False&mSitus=False					
marion	09/09/2026	09:00 AM ET	9033-1122-13	276842015	276842015			NO SITUS, OCALA, FL- 34472			5756.48	4831.0	119	REVIEW	target county; property use unknown — verify on appraiser site	Scheduled	https://www.marion.realtaxdeed.com/index.cfm?zaction=AUCTION&Zmethod=PREVIEW&AUCTIONDATE=09/09/2026	http://www.pa.marion.fl.us/PRC.aspx?key=1466288&YR=2026&mName=False&mSitus=False					
alachua	09/15/2026	10:00 AM ET	01386-100-062	TD 2026-020	2024-171			UNASSIGNED LOCATION RE			3232.94			REVIEW	target county; property use unknown — verify on appraiser site	Scheduled	https://www.alachua.realtaxdeed.com/index.cfm?zaction=AUCTION&Zmethod=PREVIEW&AUCTIONDATE=09/15/2026	https://qpublic.schneidercorp.com/Application.aspx?AppID=1081&LayerID=26490&PageTypeID=4&PageID=10770&Q=320373606&KeyValue=01386-100-062					
alachua	09/15/2026	10:00 AM ET	01550-001-000	TD 2026-021	2024-247			UNASSIGNED LOCATION RE			4425.67			REVIEW	target county; property use unknown — verify on appraiser site	Scheduled	https://www.alachua.realtaxdeed.com/index.cfm?zaction=AUCTION&Zmethod=PREVIEW&AUCTIONDATE=09/15/2026	https://qpublic.schneidercorp.com/Application.aspx?AppID=1081&LayerID=26490&PageTypeID=4&PageID=10770&Q=320373606&KeyValue=01550-001-000					
alachua	09/15/2026	10:00 AM ET	06650-204-004	TD 2026-022	2024-1731			605 SW 75TH ST UNIT 204, GAINESVILLE, FL- 32607			4960.7			REVIEW	target county; property use unknown — verify on appraiser site	Scheduled	https://www.alachua.realtaxdeed.com/index.cfm?zaction=AUCTION&Zmethod=PREVIEW&AUCTIONDATE=09/15/2026	https://qpublic.schneidercorp.com/Application.aspx?AppID=1081&LayerID=26490&PageTypeID=4&PageID=10770&Q=320373606&KeyValue=06650-204-004				29.647062	-82.422365
alachua	09/15/2026		11570-000-000	TD 2026-023	2024-3080			110 SE 12TH ST, GAINESVILLE, FL- 32641			4445.02			REVIEW	target county; property use unknown — verify on appraiser site	Redeemed	https://www.alachua.realtaxdeed.com/index.cfm?zaction=AUCTION&Zmethod=PREVIEW&AUCTIONDATE=09/15/2026	https://qpublic.schneidercorp.com/Application.aspx?AppID=1081&LayerID=26490&PageTypeID=4&PageID=10770&Q=320373606&KeyValue=11570-000-000				29.650825	-82.310158
citrus	09/16/2026	10:00 AM ET	1651531	2026-0171TD	23-0223			3955 E BENNETT ST			1766.38	4952.0	36	NO	excluded county (coastal/metro)	Scheduled	https://www.citrus.realtaxdeed.com/index.cfm?zaction=AUCTION&Zmethod=PREVIEW&AUCTIONDATE=09/16/2026	http://www.citruspa.org/_Web/datalets/datalet.aspx?mode=profileall&UseSearch=no&pin=1651531&jur=19&LMparent=20					
citrus	09/16/2026	10:00 AM ET	1651573	2026-0166TD	23-0224			4059 E BENNETT ST			1656.0	4952.0	33	NO	excluded county (coastal/metro)	Scheduled	https://www.citrus.realtaxdeed.com/index.cfm?zaction=AUCTION&Zmethod=PREVIEW&AUCTIONDATE=09/16/2026	http://www.citruspa.org/_Web/datalets/datalet.aspx?mode=profileall&UseSearch=no&pin=1651573&jur=19&LMparent=20					
citrus	09/16/2026	10:00 AM ET	1652847	2026-0172TD	23-0229			504 N SAVARY AVE			1333.24	5057.0	26	NO	excluded county (coastal/metro)	Scheduled	https://www.citrus.realtaxdeed.com/index.cfm?zaction=AUCTION&Zmethod=PREVIEW&AUCTIONDATE=09/16/2026	http://www.citruspa.org/_Web/datalets/datalet.aspx?mode=profileall&UseSearch=no&pin=1652847&jur=19&LMparent=20					
citrus	09/16/2026	10:00 AM ET	1653495	2026-0165TD	23-0231			3507 E LEE DR			1748.42	9902.0	18	NO	excluded county (coastal/metro)	Scheduled	https://www.citrus.realtaxdeed.com/index.cfm?zaction=AUCTION&Zmethod=PREVIEW&AUCTIONDATE=09/16/2026	http://www.citruspa.org/_Web/datalets/datalet.aspx?mode=profileall&UseSearch=no&pin=1653495&jur=19&LMparent=20					
citrus	09/16/2026	10:00 AM ET	1654467	2026-0175TD	23-0235			3352 E LEE DR			1690.54	3707.0	46	NO	excluded county (coastal/metro)	Scheduled	https://www.citrus.realtaxdeed.com/index.cfm?zaction=AUCTION&Zmethod=PREVIEW&AUCTIONDATE=09/16/2026	http://www.citruspa.org/_Web/datalets/datalet.aspx?mode=profileall&UseSearch=no&pin=1654467&jur=19&LMparent=20					
citrus	09/16/2026	10:00 AM ET	1660033	2026-0164TD	23-0258			3600 E KIRBY LN			2181.0	7174.0	30	NO	excluded county (coastal/metro)	Scheduled	https://www.citrus.realtaxdeed.com/index.cfm?zaction=AUCTION&Zmethod=PREVIEW&AUCTIONDATE=09/16/2026	http://www.citruspa.org/_Web/datalets/datalet.aspx?mode=profileall&UseSearch=no&pin=1660033&jur=19&LMparent=20					
citrus	09/16/2026	10:00 AM ET	1660173	2026-0167TD	23-0259			957 S SALLY TER			1940.34	5617.0	35	NO	excluded county (coastal/metro)	Scheduled	https://www.citrus.realtaxdeed.com/index.cfm?zaction=AUCTION&Zmethod=PREVIEW&AUCTIONDATE=09/16/2026	http://www.citruspa.org/_Web/datalets/datalet.aspx?mode=profileall&UseSearch=no&pin=1660173&jur=19&LMparent=20					
citrus	09/16/2026	10:00 AM ET	1663393	2026-0162TD	23-0279			461 S SNAPP AVE			1646.3	11108.0	15	NO	excluded county (coastal/metro)	Scheduled	https://www.citrus.realtaxdeed.com/index.cfm?zaction=AUCTION&Zmethod=PREVIEW&AUCTIONDATE=09/16/2026	http://www.citruspa.org/_Web/datalets/datalet.aspx?mode=profileall&UseSearch=no&pin=1663393&jur=19&LMparent=20					
citrus	09/16/2026	10:00 AM ET	1663962	2026-0173TD	23-0283			366 S SAVARY AVE			1735.63	5815.0	30	NO	excluded county (coastal/metro)	Scheduled	https://www.citrus.realtaxdeed.com/index.cfm?zaction=AUCTION&Zmethod=PREVIEW&AUCTIONDATE=09/16/2026	http://www.citruspa.org/_Web/datalets/datalet.aspx?mode=profileall&UseSearch=no&pin=1663962&jur=19&LMparent=20					
citrus	09/16/2026	10:00 AM ET	1667101	2026-0163TD	23-0413			2728 E CENTER ST			2206.14	5856.0	38	NO	excluded county (coastal/metro)	Scheduled	https://www.citrus.realtaxdeed.com/index.cfm?zaction=AUCTION&Zmethod=PREVIEW&AUCTIONDATE=09/16/2026	http://www.citruspa.org/_Web/datalets/datalet.aspx?mode=profileall&UseSearch=no&pin=1667101&jur=19&LMparent=20					
citrus	09/16/2026	10:00 AM ET	1771439	2026-0161TD	23-4494			812 MAPLE AVE			2584.68	5638.0	46	NO	excluded county (coastal/metro)	Scheduled	https://www.citrus.realtaxdeed.com/index.cfm?zaction=AUCTION&Zmethod=PREVIEW&AUCTIONDATE=09/16/2026	http://www.citruspa.org/_Web/datalets/datalet.aspx?mode=profileall&UseSearch=no&pin=1771439&jur=19&LMparent=20					
citrus	09/16/2026	10:00 AM ET	1776511	2026-0159TD	23-4509			1133 AMHERST TER			1461.59	5388.0	27	NO	excluded county (coastal/metro)	Scheduled	https://www.citrus.realtaxdeed.com/index.cfm?zaction=AUCTION&Zmethod=PREVIEW&AUCTIONDATE=09/16/2026	http://www.citruspa.org/_Web/datalets/datalet.aspx?mode=profileall&UseSearch=no&pin=1776511&jur=19&LMparent=20					
citrus	09/16/2026	10:00 AM ET	2041978	2026-0154TD	23-2293			1300 W RILEY DR			5044.01	4850.0	104	NO	excluded county (coastal/metro)	Scheduled	https://www.citrus.realtaxdeed.com/index.cfm?zaction=AUCTION&Zmethod=PREVIEW&AUCTIONDATE=09/16/2026	http://www.citruspa.org/_Web/datalets/datalet.aspx?mode=profileall&UseSearch=no&pin=2041978&jur=19&LMparent=20					
citrus	09/16/2026		2052325	2026-0160TD	23-2321			6707 N VARSITY AVE			1869.53	4125.0	45	NO	excluded county (coastal/metro)	Redeemed	https://www.citrus.realtaxdeed.com/index.cfm?zaction=AUCTION&Zmethod=PREVIEW&AUCTIONDATE=09/16/2026	http://www.citruspa.org/_Web/datalets/datalet.aspx?mode=profileall&UseSearch=no&pin=2052325&jur=19&LMparent=20					
citrus	09/16/2026	10:00 AM ET	2070790	2026-0168TD	23-2373			1840 W HAMPSHIRE BLVD			1998.64	4217.0	47	NO	excluded county (coastal/metro)	Scheduled	https://www.citrus.realtaxdeed.com/index.cfm?zaction=AUCTION&Zmethod=PREVIEW&AUCTIONDATE=09/16/2026	http://www.citruspa.org/_Web/datalets/datalet.aspx?mode=profileall&UseSearch=no&pin=2070790&jur=19&LMparent=20					
citrus	09/16/2026	10:00 AM ET	2074833	2026-0169TD	23-2381			6413 N CORAL LILY DR			1543.59	4125.0	37	NO	excluded county (coastal/metro)	Scheduled	https://www.citrus.realtaxdeed.com/index.cfm?zaction=AUCTION&Zmethod=PREVIEW&AUCTIONDATE=09/16/2026	http://www.citruspa.org/_Web/datalets/datalet.aspx?mode=profileall&UseSearch=no&pin=2074833&jur=19&LMparent=20					
citrus	09/16/2026		2080612	2026-0170TD	23-2407			6649 N BEDSTROW BLVD			1737.85	4125.0	42	NO	excluded county (coastal/metro)	Redeemed	https://www.citrus.realtaxdeed.com/index.cfm?zaction=AUCTION&Zmethod=PREVIEW&AUCTIONDATE=09/16/2026	http://www.citruspa.org/_Web/datalets/datalet.aspx?mode=profileall&UseSearch=no&pin=2080612&jur=19&LMparent=20					
citrus	09/16/2026	10:00 AM ET	3279711	2026-0174TD	20-7022			1021 SE 4TH ST			1407.03	626.0	225	NO	excluded county (coastal/metro)	Scheduled	https://www.citrus.realtaxdeed.com/index.cfm?zaction=AUCTION&Zmethod=PREVIEW&AUCTIONDATE=09/16/2026	http://www.citruspa.org/_Web/datalets/datalet.aspx?mode=profileall&UseSearch=no&pin=3279711&jur=19&LMparent=20					
marion	09/16/2026	09:00 AM ET	06892-000-00	20342017	20342017			14510 NW 27TH AVE, CITRA, FL- 32113			19005.77	69694.0	27	REVIEW	target county; property use unknown — verify on appraiser site	Scheduled	https://www.marion.realtaxdeed.com/index.cfm?zaction=AUCTION&Zmethod=PREVIEW&AUCTIONDATE=09/16/2026	http://www.pa.marion.fl.us/PRC.aspx?key=105848&YR=2026&mName=False&mSitus=False				29.359848	-82.172557
marion	09/16/2026	09:00 AM ET	09680-000-00	31502018	31502018			6650 E HWY 316, CITRA, FL- 32113			26582.77	113240.0	23	REVIEW	target county; property use unknown — verify on appraiser site	Scheduled	https://www.marion.realtaxdeed.com/index.cfm?zaction=AUCTION&Zmethod=PREVIEW&AUCTIONDATE=09/16/2026	http://www.pa.marion.fl.us/PRC.aspx?key=170089&YR=2026&mName=False&mSitus=False				29.368704	-82.044617
marion	09/16/2026	09:00 AM ET	1740-001-011	59592018	59592018			NO SITUS, DUNNELLON, FL- 34432			19803.23	22704.0	87	REVIEW	target county; property use unknown — verify on appraiser site	Scheduled	https://www.marion.realtaxdeed.com/index.cfm?zaction=AUCTION&Zmethod=PREVIEW&AUCTIONDATE=09/16/2026	http://www.pa.marion.fl.us/PRC.aspx?key=2254939&YR=2026&mName=False&mSitus=False					
marion	09/16/2026	09:00 AM ET	1812-010-018	75572019	75572019			NO SITUS, DUNNELLON, FL- 34431			4453.01	6844.0	65	REVIEW	target county; property use unknown — verify on appraiser site	Scheduled	https://www.marion.realtaxdeed.com/index.cfm?zaction=AUCTION&Zmethod=PREVIEW&AUCTIONDATE=09/16/2026	http://www.pa.marion.fl.us/PRC.aspx?key=436739&YR=2026&mName=False&mSitus=False					
marion	09/16/2026	09:00 AM ET	1814-026-008	79592018	79592018			NO SITUS, DUNNELLON, FL- 34431			5533.1	6844.0	81	REVIEW	target county; property use unknown — verify on appraiser site	Scheduled	https://www.marion.realtaxdeed.com/index.cfm?zaction=AUCTION&Zmethod=PREVIEW&AUCTIONDATE=09/16/2026	http://www.pa.marion.fl.us/PRC.aspx?key=457647&YR=2026&mName=False&mSitus=False					
marion	09/16/2026	09:00 AM ET	1814-037-044	81332019	81332019			NO SITUS, DUNNELLON, FL- 34431			6169.1	13690.0	45	REVIEW	target county; property use unknown — verify on appraiser site	Scheduled	https://www.marion.realtaxdeed.com/index.cfm?zaction=AUCTION&Zmethod=PREVIEW&AUCTIONDATE=09/16/2026	http://www.pa.marion.fl.us/PRC.aspx?key=462306&YR=2026&mName=False&mSitus=False					
marion	09/16/2026	09:00 AM ET	2001-006-001	87612017	87612017			NO SITUS, OCALA, FL- 34481			7011.12	3543.0	198	REVIEW	target county; property use unknown — verify on appraiser site	Scheduled	https://www.marion.realtaxdeed.com/index.cfm?zaction=AUCTION&Zmethod=PREVIEW&AUCTIONDATE=09/16/2026	http://www.pa.marion.fl.us/PRC.aspx?key=478687&YR=2026&mName=False&mSitus=False					
marion	09/16/2026	09:00 AM ET	2001-008-011	87702017	87702017			NO SITUS, OCALA, FL- 34481			7026.24	3543.0	198	REVIEW	target county; property use unknown — verify on appraiser site	Scheduled	https://www.marion.realtaxdeed.com/index.cfm?zaction=AUCTION&Zmethod=PREVIEW&AUCTIONDATE=09/16/2026	http://www.pa.marion.fl.us/PRC.aspx?key=479098&YR=2026&mName=False&mSitus=False					
marion	09/16/2026	09:00 AM ET	2001-008-012	87712017	87712017			NO SITUS, OCALA, FL- 34481			6935.22	3543.0	196	REVIEW	target county; property use unknown — verify on appraiser site	Scheduled	https://www.marion.realtaxdeed.com/index.cfm?zaction=AUCTION&Zmethod=PREVIEW&AUCTIONDATE=09/16/2026	http://www.pa.marion.fl.us/PRC.aspx?key=3515838&YR=2026&mName=False&mSitus=False					
marion	09/16/2026	09:00 AM ET	2001-009-019	87772017	87772017			NO SITUS, OCALA, FL- 34481			6981.0	3543.0	197	REVIEW	target county; property use unknown — verify on appraiser site	Scheduled	https://www.marion.realtaxdeed.com/index.cfm?zaction=AUCTION&Zmethod=PREVIEW&AUCTIONDATE=09/16/2026	http://www.pa.marion.fl.us/PRC.aspx?key=479314&YR=2026&mName=False&mSitus=False					
marion	09/16/2026	09:00 AM ET	2001-013-023	87862017	87862017			NO SITUS, OCALA, FL- 34481			7037.31	5227.0	135	REVIEW	target county; property use unknown — verify on appraiser site	Scheduled	https://www.marion.realtaxdeed.com/index.cfm?zaction=AUCTION&Zmethod=PREVIEW&AUCTIONDATE=09/16/2026	http://www.pa.marion.fl.us/PRC.aspx?key=479993&YR=2026&mName=False&mSitus=False					
marion	09/16/2026	09:00 AM ET	2001-014-020	87892017	87892017			NO SITUS, OCALA, FL- 34481			6879.6	3543.0	194	REVIEW	target county; property use unknown — verify on appraiser site	Scheduled	https://www.marion.realtaxdeed.com/index.cfm?zaction=AUCTION&Zmethod=PREVIEW&AUCTIONDATE=09/16/2026	http://www.pa.marion.fl.us/PRC.aspx?key=480100&YR=2026&mName=False&mSitus=False					
marion	09/16/2026	09:00 AM ET	2002-011-046	88472017	88472017			NO SITUS, OCALA, FL- 34481			6901.4	3543.0	195	REVIEW	target county; property use unknown — verify on appraiser site	Scheduled	https://www.marion.realtaxdeed.com/index.cfm?zaction=AUCTION&Zmethod=PREVIEW&AUCTIONDATE=09/16/2026	http://www.pa.marion.fl.us/PRC.aspx?key=482901&YR=2026&mName=False&mSitus=False					
marion	09/16/2026	09:00 AM ET	2002-011-051	88482017	88482017			NO SITUS, OCALA, FL- 34481			6900.95	3543.0	195	REVIEW	target county; property use unknown — verify on appraiser site	Scheduled	https://www.marion.realtaxdeed.com/index.cfm?zaction=AUCTION&Zmethod=PREVIEW&AUCTIONDATE=09/16/2026	http://www.pa.marion.fl.us/PRC.aspx?key=2382279&YR=2026&mName=False&mSitus=False					
marion	09/16/2026	09:00 AM ET	2002-032-017	88522017	88522017			14525 SW 21ST PL, OCALA, FL- 34481			6846.25	3543.0	193	REVIEW	target county; property use unknown — verify on appraiser site	Scheduled	https://www.marion.realtaxdeed.com/index.cfm?zaction=AUCTION&Zmethod=PREVIEW&AUCTIONDATE=09/16/2026	http://www.pa.marion.fl.us/PRC.aspx?key=483036&YR=2026&mName=False&mSitus=False				29.167693	-82.360875
marion	09/16/2026	09:00 AM ET	2002-033-025	88582017	88582017			NO SITUS, OCALA, FL- 34481			6966.01	3543.0	197	REVIEW	target county; property use unknown — verify on appraiser site	Scheduled	https://www.marion.realtaxdeed.com/index.cfm?zaction=AUCTION&Zmethod=PREVIEW&AUCTIONDATE=09/16/2026	http://www.pa.marion.fl.us/PRC.aspx?key=483222&YR=2026&mName=False&mSitus=False					
marion	09/16/2026	09:00 AM ET	2002-034-008	88622017	88622017			NO SITUS, OCALA, FL- 34481			6922.31	3543.0	195	REVIEW	target county; property use unknown — verify on appraiser site	Scheduled	https://www.marion.realtaxdeed.com/index.cfm?zaction=AUCTION&Zmethod=PREVIEW&AUCTIONDATE=09/16/2026	http://www.pa.marion.fl.us/PRC.aspx?key=483346&YR=2026&mName=False&mSitus=False					
marion	09/16/2026	09:00 AM ET	2002-034-031	88652017	88652017			NO SITUS, OCALA, FL- 34481			6968.48	3543.0	197	REVIEW	target county; property use unknown — verify on appraiser site	Scheduled	https://www.marion.realtaxdeed.com/index.cfm?zaction=AUCTION&Zmethod=PREVIEW&AUCTIONDATE=09/16/2026	http://www.pa.marion.fl.us/PRC.aspx?key=483486&YR=2026&mName=False&mSitus=False					
marion	09/16/2026	09:00 AM ET	2002-034-032	88662017	88662017			NO SITUS, OCALA, FL- 34481			6968.48	3543.0	197	REVIEW	target county; property use unknown — verify on appraiser site	Scheduled	https://www.marion.realtaxdeed.com/index.cfm?zaction=AUCTION&Zmethod=PREVIEW&AUCTIONDATE=09/16/2026	http://www.pa.marion.fl.us/PRC.aspx?key=3384334&YR=2026&mName=False&mSitus=False					
marion	09/16/2026	09:00 AM ET	2002-038-017	88752017	88752017			NO SITUS, OCALA, FL- 34481			6836.78	3543.0	193	REVIEW	target county; property use unknown — verify on appraiser site	Scheduled	https://www.marion.realtaxdeed.com/index.cfm?zaction=AUCTION&Zmethod=PREVIEW&AUCTIONDATE=09/16/2026	http://www.pa.marion.fl.us/PRC.aspx?key=483966&YR=2026&mName=False&mSitus=False					
marion	09/16/2026	09:00 AM ET	2002-039-009	88812017	88812017			NO SITUS, OCALA, FL- 34481			6845.66	3543.0	193	REVIEW	target county; property use unknown — verify on appraiser site	Scheduled	https://www.marion.realtaxdeed.com/index.cfm?zaction=AUCTION&Zmethod=PREVIEW&AUCTIONDATE=09/16/2026	http://www.pa.marion.fl.us/PRC.aspx?key=1726751&YR=2026&mName=False&mSitus=False					
marion	09/16/2026	09:00 AM ET	2002-040-007	88832017	88832017			NO SITUS, OCALA, FL- 34481			6977.56	3543.0	197	REVIEW	target county; property use unknown — verify on appraiser site	Scheduled	https://www.marion.realtaxdeed.com/index.cfm?zaction=AUCTION&Zmethod=PREVIEW&AUCTIONDATE=09/16/2026	http://www.pa.marion.fl.us/PRC.aspx?key=1959136&YR=2026&mName=False&mSitus=False					
marion	09/16/2026	09:00 AM ET	2002-040-008	88842017	88842017			NO SITUS, OCALA, FL- 34481			6965.82	3543.0	197	REVIEW	target county; property use unknown — verify on appraiser site	Scheduled	https://www.marion.realtaxdeed.com/index.cfm?zaction=AUCTION&Zmethod=PREVIEW&AUCTIONDATE=09/16/2026	http://www.pa.marion.fl.us/PRC.aspx?key=484261&YR=2026&mName=False&mSitus=False					
marion	09/16/2026	09:00 AM ET	2002-041-010	88882017	88882017			NO SITUS, OCALA, FL- 34481			6888.62	3543.0	194	REVIEW	target county; property use unknown — verify on appraiser site	Scheduled	https://www.marion.realtaxdeed.com/index.cfm?zaction=AUCTION&Zmethod=PREVIEW&AUCTIONDATE=09/16/2026	http://www.pa.marion.fl.us/PRC.aspx?key=484491&YR=2026&mName=False&mSitus=False					
marion	09/16/2026	09:00 AM ET	2002-041-011	88892017	88892017			NO SITUS, OCALA, FL- 34481			6890.41	3543.0	194	REVIEW	target county; property use unknown — verify on appraiser site	Scheduled	https://www.marion.realtaxdeed.com/index.cfm?zaction=AUCTION&Zmethod=PREVIEW&AUCTIONDATE=09/16/2026	http://www.pa.marion.fl.us/PRC.aspx?key=484504&YR=2026&mName=False&mSitus=False					
marion	09/16/2026	09:00 AM ET	2002-043-007	89022017	89022017			NO SITUS, OCALA, FL- 34481			6911.79	3543.0	195	REVIEW	target county; property use unknown — verify on appraiser site	Scheduled	https://www.marion.realtaxdeed.com/index.cfm?zaction=AUCTION&Zmethod=PREVIEW&AUCTIONDATE=09/16/2026	http://www.pa.marion.fl.us/PRC.aspx?key=484865&YR=2026&mName=False&mSitus=False					
marion	09/16/2026	09:00 AM ET	2002-043-015	89042017	89042017			NO SITUS, OCALA, FL- 34481			6866.72	3543.0	194	REVIEW	target county; property use unknown — verify on appraiser site	Scheduled	https://www.marion.realtaxdeed.com/index.cfm?zaction=AUCTION&Zmethod=PREVIEW&AUCTIONDATE=09/16/2026	http://www.pa.marion.fl.us/PRC.aspx?key=484911&YR=2026&mName=False&mSitus=False					
marion	09/16/2026	09:00 AM ET	2002-045-011	89142017	89142017			NO SITUS, OCALA, FL- 34481			6834.94	3543.0	193	REVIEW	target county; property use unknown — verify on appraiser site	Scheduled	https://www.marion.realtaxdeed.com/index.cfm?zaction=AUCTION&Zmethod=PREVIEW&AUCTIONDATE=09/16/2026	http://www.pa.marion.fl.us/PRC.aspx?key=485241&YR=2026&mName=False&mSitus=False					
marion	09/16/2026	09:00 AM ET	2002-046-021	89202017	89202017			NO SITUS, OCALA, FL- 34481			6878.46	3543.0	194	REVIEW	target county; property use unknown — verify on appraiser site	Scheduled	https://www.marion.realtaxdeed.com/index.cfm?zaction=AUCTION&Zmethod=PREVIEW&AUCTIONDATE=09/16/2026	http://www.pa.marion.fl.us/PRC.aspx?key=485471&YR=2026&mName=False&mSitus=False					
marion	09/16/2026	09:00 AM ET	2002-052-007	89342017	89342017			NO SITUS, OCALA, FL- 34481			6823.44	3543.0	193	REVIEW	target county; property use unknown — verify on appraiser site	Scheduled	https://www.marion.realtaxdeed.com/index.cfm?zaction=AUCTION&Zmethod=PREVIEW&AUCTIONDATE=09/16/2026	http://www.pa.marion.fl.us/PRC.aspx?key=486086&YR=2026&mName=False&mSitus=False					
marion	09/16/2026	09:00 AM ET	2002-052-018	89382017	89382017			NO SITUS, OCALA, FL- 34481			6899.48	3543.0	195	REVIEW	target county; property use unknown — verify on appraiser site	Scheduled	https://www.marion.realtaxdeed.com/index.cfm?zaction=AUCTION&Zmethod=PREVIEW&AUCTIONDATE=09/16/2026	http://www.pa.marion.fl.us/PRC.aspx?key=486159&YR=2026&mName=False&mSitus=False					
marion	09/16/2026	09:00 AM ET	2002-053-004	89402017	89402017			NO SITUS, OCALA, FL- 34481			6823.44	3543.0	193	REVIEW	target county; property use unknown — verify on appraiser site	Scheduled	https://www.marion.realtaxdeed.com/index.cfm?zaction=AUCTION&Zmethod=PREVIEW&AUCTIONDATE=09/16/2026	http://www.pa.marion.fl.us/PRC.aspx?key=486213&YR=2026&mName=False&mSitus=False					
marion	09/16/2026	09:00 AM ET	2002-056-001	89572017	89572017			NO SITUS, OCALA, FL- 34481			6827.78	3543.0	193	REVIEW	target county; property use unknown — verify on appraiser site	Scheduled	https://www.marion.realtaxdeed.com/index.cfm?zaction=AUCTION&Zmethod=PREVIEW&AUCTIONDATE=09/16/2026	http://www.pa.marion.fl.us/PRC.aspx?key=486752&YR=2026&mName=False&mSitus=False					
marion	09/16/2026	09:00 AM ET	2002-056-019	89602017	89602017			NO SITUS, OCALA, FL- 34481			6867.35	3543.0	194	REVIEW	target county; property use unknown — verify on appraiser site	Scheduled	https://www.marion.realtaxdeed.com/index.cfm?zaction=AUCTION&Zmethod=PREVIEW&AUCTIONDATE=09/16/2026	http://www.pa.marion.fl.us/PRC.aspx?key=486876&YR=2026&mName=False&mSitus=False					
marion	09/16/2026	09:00 AM ET	2002-058-006	89652017	89652017			NO SITUS, OCALA, FL- 34481			6878.99	3543.0	194	REVIEW	target county; property use unknown — verify on appraiser site	Scheduled	https://www.marion.realtaxdeed.com/index.cfm?zaction=AUCTION&Zmethod=PREVIEW&AUCTIONDATE=09/16/2026	http://www.pa.marion.fl.us/PRC.aspx?key=487074&YR=2026&mName=False&mSitus=False					
marion	09/16/2026	09:00 AM ET	2002-058-024	89692017	89692017			NO SITUS, OCALA, FL- 34481			6898.43	3543.0	195	REVIEW	target county; property use unknown — verify on appraiser site	Scheduled	https://www.marion.realtaxdeed.com/index.cfm?zaction=AUCTION&Zmethod=PREVIEW&AUCTIONDATE=09/16/2026	http://www.pa.marion.fl.us/PRC.aspx?key=487236&YR=2026&mName=False&mSitus=False					
marion	09/16/2026	09:00 AM ET	2002-059-003	89742017	89742017			NO SITUS, OCALA, FL- 34481			6823.63	3543.0	193	REVIEW	target county; property use unknown — verify on appraiser site	Scheduled	https://www.marion.realtaxdeed.com/index.cfm?zaction=AUCTION&Zmethod=PREVIEW&AUCTIONDATE=09/16/2026	http://www.pa.marion.fl.us/PRC.aspx?key=487309&YR=2026&mName=False&mSitus=False					
marion	09/16/2026	09:00 AM ET	2002-059-018	89752017	89752017			NO SITUS, OCALA, FL- 34481			6866.72	3543.0	194	REVIEW	target county; property use unknown — verify on appraiser site	Scheduled	https://www.marion.realtaxdeed.com/index.cfm?zaction=AUCTION&Zmethod=PREVIEW&AUCTIONDATE=09/16/2026	http://www.pa.marion.fl.us/PRC.aspx?key=487384&YR=2026&mName=False&mSitus=False					
marion	09/16/2026	09:00 AM ET	2311-206-007	105672021	105672021			NO SITUS, OCALA, FL- 34482			4418.04	5656.0	78	REVIEW	target county; property use unknown — verify on appraiser site	Scheduled	https://www.marion.realtaxdeed.com/index.cfm?zaction=AUCTION&Zmethod=PREVIEW&AUCTIONDATE=09/16/2026	http://www.pa.marion.fl.us/PRC.aspx?key=577197&YR=2026&mName=False&mSitus=False					
marion	09/16/2026	09:00 AM ET	2313-012-045	106352021	106352021			NO SITUS, OCALA, FL- 34482			3325.02	2830.0	117	REVIEW	target county; property use unknown — verify on appraiser site	Scheduled	https://www.marion.realtaxdeed.com/index.cfm?zaction=AUCTION&Zmethod=PREVIEW&AUCTIONDATE=09/16/2026	http://www.pa.marion.fl.us/PRC.aspx?key=579912&YR=2026&mName=False&mSitus=False					
marion	09/16/2026	09:00 AM ET	2313-012-051	106362021	106362021			NO SITUS, OCALA, FL- 34482			3323.36	2830.0	117	REVIEW	target county; property use unknown — verify on appraiser site	Scheduled	https://www.marion.realtaxdeed.com/index.cfm?zaction=AUCTION&Zmethod=PREVIEW&AUCTIONDATE=09/16/2026	http://www.pa.marion.fl.us/PRC.aspx?key=579939&YR=2026&mName=False&mSitus=False					
marion	09/16/2026	09:00 AM ET	4122-297-000	191392015	191392015			NO SITUS, DUNNELLON, FL- 34432			6255.51	7983.0	78	REVIEW	target county; property use unknown — verify on appraiser site	Scheduled	https://www.marion.realtaxdeed.com/index.cfm?zaction=AUCTION&Zmethod=PREVIEW&AUCTIONDATE=09/16/2026	http://www.pa.marion.fl.us/PRC.aspx?key=1021847&YR=2026&mName=False&mSitus=False					
marion	09/16/2026	09:00 AM ET	4505-013-019	199052017	199052017			12351 SE 106TH AVE, BELLEVIEW, FL- 34420			4907.81	10394.0	47	REVIEW	target county; property use unknown — verify on appraiser site	Scheduled	https://www.marion.realtaxdeed.com/index.cfm?zaction=AUCTION&Zmethod=PREVIEW&AUCTIONDATE=09/16/2026	http://www.pa.marion.fl.us/PRC.aspx?key=1092230&YR=2026&mName=False&mSitus=False				29.042382	-81.97685
marion	09/16/2026	09:00 AM ET	9028-0840-14	256572019	256572019			314 OAK TRACK CRSE, OCALA, FL- 34472			24398.64	92294.0	26	REVIEW	target county; property use unknown — verify on appraiser site	Scheduled	https://www.marion.realtaxdeed.com/index.cfm?zaction=AUCTION&Zmethod=PREVIEW&AUCTIONDATE=09/16/2026	http://www.pa.marion.fl.us/PRC.aspx?key=2047224&YR=2026&mName=False&mSitus=False				29.082481	-81.980487
marion	09/16/2026	09:00 AM ET	9033-1101-09	276702015	276702015			NO SITUS, OCALA, FL- 34472			6510.18	5845.0	111	REVIEW	target county; property use unknown — verify on appraiser site	Scheduled	https://www.marion.realtaxdeed.com/index.cfm?zaction=AUCTION&Zmethod=PREVIEW&AUCTIONDATE=09/16/2026	http://www.pa.marion.fl.us/PRC.aspx?key=1465621&YR=2026&mName=False&mSitus=False					
marion	09/16/2026	09:00 AM ET	9035-1010-02	311162017	311162017			NO SITUS, OCKLAWAHA, FL- 32179			3561.3	4027.0	88	REVIEW	target county; property use unknown — verify on appraiser site	Scheduled	https://www.marion.realtaxdeed.com/index.cfm?zaction=AUCTION&Zmethod=PREVIEW&AUCTIONDATE=09/16/2026	http://www.pa.marion.fl.us/PRC.aspx?key=1473977&YR=2026&mName=False&mSitus=False					
marion	09/16/2026	09:00 AM ET	9050-1583-07	301042015	301042015			NO SITUS, OCALA, FL- 34472			6586.52	4716.0	140	REVIEW	target county; property use unknown — verify on appraiser site	Scheduled	https://www.marion.realtaxdeed.com/index.cfm?zaction=AUCTION&Zmethod=PREVIEW&AUCTIONDATE=09/16/2026	http://www.pa.marion.fl.us/PRC.aspx?key=1505054&YR=2026&mName=False&mSitus=False					
marion	09/16/2026	09:00 AM ET	9050-1584-04	301082015	301082015			207 OAK LANE RUN, OCALA, FL- 34472			6045.75	4716.0	128	REVIEW	target county; property use unknown — verify on appraiser site	Scheduled	https://www.marion.realtaxdeed.com/index.cfm?zaction=AUCTION&Zmethod=PREVIEW&AUCTIONDATE=09/16/2026	http://www.pa.marion.fl.us/PRC.aspx?key=2362855&YR=2026&mName=False&mSitus=False				29.090132	-81.971916
putnam	09/16/2026	09:00 AM ET	01-10-23-5740-0090-0090	2024-0000070	2024-0000070			241 CESSNA WAY, HAWTHORNE, FL- 32640			103170.38			REVIEW	target county; property use unknown — verify on appraiser site	Scheduled	https://www.putnam.realtaxdeed.com/index.cfm?zaction=AUCTION&Zmethod=PREVIEW&AUCTIONDATE=09/16/2026	https://apps.putnam-fl.com/pa/property/?type=api&parcel=01-10-23-5740-0090-0090				29.658324	-81.950018
putnam	09/16/2026	09:00 AM ET	01-10-24-4075-2040-0130	2024-0000114	2024-0000114			113 KELVIN AV, INTERLACHEN, FL- 32148			8402.54			REVIEW	target county; property use unknown — verify on appraiser site	Scheduled	https://www.putnam.realtaxdeed.com/index.cfm?zaction=AUCTION&Zmethod=PREVIEW&AUCTIONDATE=09/16/2026	https://apps.putnam-fl.com/pa/property/?type=api&parcel=01-10-24-4075-2040-0130				29.652925	-81.858528
putnam	09/16/2026	09:00 AM ET	01-10-26-0000-0180-0000	2024-0000194	2024-0000194			00 UNASSIGNED LOCATION RE			1451.32			REVIEW	target county; property use unknown — verify on appraiser site	Scheduled	https://www.putnam.realtaxdeed.com/index.cfm?zaction=AUCTION&Zmethod=PREVIEW&AUCTIONDATE=09/16/2026	https://apps.putnam-fl.com/pa/property/?type=api&parcel=01-10-26-0000-0180-0000					
putnam	09/16/2026		01-13-26-0000-0020-0010	2024-0000449	2024-0000449			188 ROSE WALK LN, GEORGETOWN, FL- 32139			40126.2			REVIEW	target county; property use unknown — verify on appraiser site	Redeemed	https://www.putnam.realtaxdeed.com/index.cfm?zaction=AUCTION&Zmethod=PREVIEW&AUCTIONDATE=09/16/2026	https://apps.putnam-fl.com/pa/property/?type=api&parcel=01-13-26-0000-0020-0010				29.395787	-81.631598
putnam	09/16/2026		02-10-24-4075-1880-0180	2024-0000719	2024-0000719			400 ANNETTE AV, INTERLACHEN, FL- 32148			17149.76			REVIEW	target county; property use unknown — verify on appraiser site	Redeemed	https://www.putnam.realtaxdeed.com/index.cfm?zaction=AUCTION&Zmethod=PREVIEW&AUCTIONDATE=09/16/2026	https://apps.putnam-fl.com/pa/property/?type=api&parcel=02-10-24-4075-1880-0180				29.654297	-81.871326
putnam	09/16/2026	09:00 AM ET	02-10-24-4075-1890-0240	2021-0000925	2021-0000925			00 UNASSIGNED LOCATION RE			1627.17			REVIEW	target county; property use unknown — verify on appraiser site	Scheduled	https://www.putnam.realtaxdeed.com/index.cfm?zaction=AUCTION&Zmethod=PREVIEW&AUCTIONDATE=09/16/2026	https://apps.putnam-fl.com/pa/property/?type=api&parcel=02-10-24-4075-1890-0240					
putnam	09/16/2026	09:00 AM ET	02-10-24-4075-1900-0280	2021-0000934	2021-0000934			00 UNASSIGNED LOCATION RE			1606.6			REVIEW	target county; property use unknown — verify on appraiser site	Scheduled	https://www.putnam.realtaxdeed.com/index.cfm?zaction=AUCTION&Zmethod=PREVIEW&AUCTIONDATE=09/16/2026	https://apps.putnam-fl.com/pa/property/?type=api&parcel=02-10-24-4075-1900-0280					
putnam	09/16/2026	09:00 AM ET	02-10-24-4075-2130-0050	2024-0000763	2024-0000763			232 MALTAS AV, INTERLACHEN, FL- 32148			4087.39			REVIEW	target county; property use unknown — verify on appraiser site	Scheduled	https://www.putnam.realtaxdeed.com/index.cfm?zaction=AUCTION&Zmethod=PREVIEW&AUCTIONDATE=09/16/2026	https://apps.putnam-fl.com/pa/property/?type=api&parcel=02-10-24-4075-2130-0050				29.652729	-81.870345
putnam	09/16/2026	09:00 AM ET	02-10-26-8520-0000-0560	2024-0000874	2024-0000874			122 SHADOW LAWN ST, PALATKA, FL- 32177			38938.53			REVIEW	target county; property use unknown — verify on appraiser site	Scheduled	https://www.putnam.realtaxdeed.com/index.cfm?zaction=AUCTION&Zmethod=PREVIEW&AUCTIONDATE=09/16/2026	https://apps.putnam-fl.com/pa/property/?type=api&parcel=02-10-26-8520-0000-0560				29.660256	-81.663185
putnam	09/16/2026	09:00 AM ET	03-10-24-9070-0130-0020	2024-0001338	2024-0001338			00 UNASSIGNED LOCATION RE			1799.94			REVIEW	target county; property use unknown — verify on appraiser site	Scheduled	https://www.putnam.realtaxdeed.com/index.cfm?zaction=AUCTION&Zmethod=PREVIEW&AUCTIONDATE=09/16/2026	https://apps.putnam-fl.com/pa/property/?type=api&parcel=03-10-24-9070-0130-0020					
putnam	09/16/2026		03-12-27-0000-0330-0010	2024-0001556	2024-0001556			106 PENNSYLVANIA AV, POMONA PARK, FL- 32181			3689.88			REVIEW	target county; property use unknown — verify on appraiser site	Redeemed	https://www.putnam.realtaxdeed.com/index.cfm?zaction=AUCTION&Zmethod=PREVIEW&AUCTIONDATE=09/16/2026	https://apps.putnam-fl.com/pa/property/?type=api&parcel=03-12-27-0000-0330-0010				29.482605	-81.569866
putnam	09/16/2026	09:00 AM ET	04-10-24-6450-0040-0340	2020-0003117	2020-0003117			00 UNASSIGNED LOCATION RE			1464.59			REVIEW	target county; property use unknown — verify on appraiser site	Scheduled	https://www.putnam.realtaxdeed.com/index.cfm?zaction=AUCTION&Zmethod=PREVIEW&AUCTIONDATE=09/16/2026	https://apps.putnam-fl.com/pa/property/?type=api&parcel=04-10-24-6450-0040-0340					
putnam	09/16/2026	09:00 AM ET	06-11-26-0000-8888-0986	2019-0005293	2019-0005293			00 UNASSIGNED LOCATION RE			2169.48			REVIEW	target county; property use unknown — verify on appraiser site	Scheduled	https://www.putnam.realtaxdeed.com/index.cfm?zaction=AUCTION&Zmethod=PREVIEW&AUCTIONDATE=09/16/2026	https://apps.putnam-fl.com/pa/property/?type=api&parcel=06-11-26-0000-8888-0986					
putnam	09/16/2026	09:00 AM ET	06-13-27-4910-0040-0170	2024-0004338	2024-0004338			144 EDGEMERE DR # UNIT 1, GEORGETOWN, FL- 32139			79979.24			REVIEW	target county; property use unknown — verify on appraiser site	Scheduled	https://www.putnam.realtaxdeed.com/index.cfm?zaction=AUCTION&Zmethod=PREVIEW&AUCTIONDATE=09/16/2026	https://apps.putnam-fl.com/pa/property/?type=api&parcel=06-13-27-4910-0040-0170				29.397926	-81.614874
putnam	09/16/2026	09:00 AM ET	06-13-27-4910-0040-0820	2024-0004344	2024-0004344			142 FERNCREEK DR, GEORGETOWN, FL- 32139			5412.42			REVIEW	target county; property use unknown — verify on appraiser site	Scheduled	https://www.putnam.realtaxdeed.com/index.cfm?zaction=AUCTION&Zmethod=PREVIEW&AUCTIONDATE=09/16/2026	https://apps.putnam-fl.com/pa/property/?type=api&parcel=06-13-27-4910-0040-0820				29.397886	-81.622459
putnam	09/16/2026	09:00 AM ET	07-10-24-1650-0150-0030	2019-0005602	2019-0005602			00 UNASSIGNED LOCATION RE			1372.89			REVIEW	target county; property use unknown — verify on appraiser site	Scheduled	https://www.putnam.realtaxdeed.com/index.cfm?zaction=AUCTION&Zmethod=PREVIEW&AUCTIONDATE=09/16/2026	https://apps.putnam-fl.com/pa/property/?type=api&parcel=07-10-24-1650-0150-0030					
putnam	09/16/2026	09:00 AM ET	07-10-24-4211-0060-0160	2024-0004512	2024-0004512			422 LAKE LUCY CIR, INTERLACHEN, FL- 32148			3523.25			REVIEW	target county; property use unknown — verify on appraiser site	Scheduled	https://www.putnam.realtaxdeed.com/index.cfm?zaction=AUCTION&Zmethod=PREVIEW&AUCTIONDATE=09/16/2026	https://apps.putnam-fl.com/pa/property/?type=api&parcel=07-10-24-4211-0060-0160				29.645694	-81.93355
putnam	09/16/2026	09:00 AM ET	07-10-24-7070-0020-0210	2019-0005755	2019-0005755			00 UNASSIGNED LOCATION RE			1275.9			REVIEW	target county; property use unknown — verify on appraiser site	Scheduled	https://www.putnam.realtaxdeed.com/index.cfm?zaction=AUCTION&Zmethod=PREVIEW&AUCTIONDATE=09/16/2026	https://apps.putnam-fl.com/pa/property/?type=api&parcel=07-10-24-7070-0020-0210					
putnam	09/16/2026	09:00 AM ET	07-10-24-7070-0040-0240	2019-0005747	2019-0005747			00 UNASSIGNED LOCATION RE			1606.95			REVIEW	target county; property use unknown — verify on appraiser site	Scheduled	https://www.putnam.realtaxdeed.com/index.cfm?zaction=AUCTION&Zmethod=PREVIEW&AUCTIONDATE=09/16/2026	https://apps.putnam-fl.com/pa/property/?type=api&parcel=07-10-24-7070-0040-0240					
putnam	09/16/2026	09:00 AM ET	07-10-25-4095-0010-0030	2024-0005089	2024-0005089			104 WARD AV, INTERLACHEN, FL- 32148			14511.05			REVIEW	target county; property use unknown — verify on appraiser site	Scheduled	https://www.putnam.realtaxdeed.com/index.cfm?zaction=AUCTION&Zmethod=PREVIEW&AUCTIONDATE=09/16/2026	https://apps.putnam-fl.com/pa/property/?type=api&parcel=07-10-25-4095-0010-0030				29.636489	-81.841549
putnam	09/16/2026	09:00 AM ET	07-13-27-7060-0250-0180	2024-0005235	2024-0005235			00 UNASSIGNED LOCATION RE			1487.17			REVIEW	target county; property use unknown — verify on appraiser site	Scheduled	https://www.putnam.realtaxdeed.com/index.cfm?zaction=AUCTION&Zmethod=PREVIEW&AUCTIONDATE=09/16/2026	https://apps.putnam-fl.com/pa/property/?type=api&parcel=07-13-27-7060-0250-0180					
putnam	09/16/2026	09:00 AM ET	08-13-27-7061-0560-0180	2019-0007431	2019-0007431			00 UNASSIGNED LOCATION RE			2373.06			REVIEW	target county; property use unknown — verify on appraiser site	Scheduled	https://www.putnam.realtaxdeed.com/index.cfm?zaction=AUCTION&Zmethod=PREVIEW&AUCTIONDATE=09/16/2026	https://apps.putnam-fl.com/pa/property/?type=api&parcel=08-13-27-7061-0560-0180					
putnam	09/16/2026	09:00 AM ET	09-09-23-0000-0510-0000	2024-0006013	2024-0006013			160 SWAN LAKE DR, MELROSE, FL- 32666			36091.15			REVIEW	target county; property use unknown — verify on appraiser site	Scheduled	https://www.putnam.realtaxdeed.com/index.cfm?zaction=AUCTION&Zmethod=PREVIEW&AUCTIONDATE=09/16/2026	https://apps.putnam-fl.com/pa/property/?type=api&parcel=09-09-23-0000-0510-0000				29.730271	-81.998986
putnam	09/16/2026	09:00 AM ET	09-10-24-4067-0240-0240	2024-0006173	2024-0006173			110 VICTORIA AV, INTERLACHEN, FL- 32148			2541.22			REVIEW	target county; property use unknown — verify on appraiser site	Scheduled	https://www.putnam.realtaxdeed.com/index.cfm?zaction=AUCTION&Zmethod=PREVIEW&AUCTIONDATE=09/16/2026	https://apps.putnam-fl.com/pa/property/?type=api&parcel=09-10-24-4067-0240-0240				29.631679	-81.899865
putnam	09/16/2026	09:00 AM ET	11-10-26-0000-0300-0000	2024-0007447	2024-0007447			718 ELMWOOD AV, PALATKA, FL- 32177			35698.04			REVIEW	target county; property use unknown — verify on appraiser site	Scheduled	https://www.putnam.realtaxdeed.com/index.cfm?zaction=AUCTION&Zmethod=PREVIEW&AUCTIONDATE=09/16/2026	https://apps.putnam-fl.com/pa/property/?type=api&parcel=11-10-26-0000-0300-0000					
putnam	09/16/2026	09:00 AM ET	11-11-26-8243-0320-0710	2024-0007594	2024-0007594			305 N EDGELINE RD, SATSUMA, FL- 32189			3343.15			REVIEW	target county; property use unknown — verify on appraiser site	Scheduled	https://www.putnam.realtaxdeed.com/index.cfm?zaction=AUCTION&Zmethod=PREVIEW&AUCTIONDATE=09/16/2026	https://apps.putnam-fl.com/pa/property/?type=api&parcel=11-11-26-8243-0320-0710				29.562122	-81.653892
putnam	09/16/2026	09:00 AM ET	12-10-24-0000-0030-0000	2024-0008075	2024-0008075			135 CHEYENNE AV, INTERLACHEN, FL- 32148			20750.63			REVIEW	target county; property use unknown — verify on appraiser site	Scheduled	https://www.putnam.realtaxdeed.com/index.cfm?zaction=AUCTION&Zmethod=PREVIEW&AUCTIONDATE=09/16/2026	https://apps.putnam-fl.com/pa/property/?type=api&parcel=12-10-24-0000-0030-0000				29.63138	-81.845687
putnam	09/16/2026	09:00 AM ET	12-10-24-4075-2450-0490	2024-0008111	2024-0008111			207 IDA BLVD, INTERLACHEN, FL- 32148			3905.45			REVIEW	target county; property use unknown — verify on appraiser site	Scheduled	https://www.putnam.realtaxdeed.com/index.cfm?zaction=AUCTION&Zmethod=PREVIEW&AUCTIONDATE=09/16/2026	https://apps.putnam-fl.com/pa/property/?type=api&parcel=12-10-24-4075-2450-0490				29.634714	-81.857146
putnam	09/16/2026	09:00 AM ET	12-10-24-4075-2600-0150	2024-0008140	2024-0008140			107 DUNAWAY ST, INTERLACHEN, FL- 32148			2487.21			REVIEW	target county; property use unknown — verify on appraiser site	Scheduled	https://www.putnam.realtaxdeed.com/index.cfm?zaction=AUCTION&Zmethod=PREVIEW&AUCTIONDATE=09/16/2026	https://apps.putnam-fl.com/pa/property/?type=api&parcel=12-10-24-4075-2600-0150				29.63646	-81.851711
putnam	09/16/2026	09:00 AM ET	12-10-26-7970-0000-0050	2024-0008277	2024-0008277			116 CLEVELAND AV, PALATKA, FL- 32177			118145.48			REVIEW	target county; property use unknown — verify on appraiser site	Scheduled	https://www.putnam.realtaxdeed.com/index.cfm?zaction=AUCTION&Zmethod=PREVIEW&AUCTIONDATE=09/16/2026	https://apps.putnam-fl.com/pa/property/?type=api&parcel=12-10-26-7970-0000-0050				29.648891	-81.651996
putnam	09/16/2026	09:00 AM ET	12-12-26-2730-0000-4930	2024-0008425	2024-0008425			205 PEAR ST, WELAKA, FL- 32193			1502.69			REVIEW	target county; property use unknown — verify on appraiser site	Scheduled	https://www.putnam.realtaxdeed.com/index.cfm?zaction=AUCTION&Zmethod=PREVIEW&AUCTIONDATE=09/16/2026	https://apps.putnam-fl.com/pa/property/?type=api&parcel=12-12-26-2730-0000-4930				29.462269	-81.632162
putnam	09/16/2026	09:00 AM ET	13-09-24-4075-0100-0100	2024-0008568	2024-0008568			00 Unassigned Location RE			1434.35			REVIEW	target county; property use unknown — verify on appraiser site	Scheduled	https://www.putnam.realtaxdeed.com/index.cfm?zaction=AUCTION&Zmethod=PREVIEW&AUCTIONDATE=09/16/2026	https://apps.putnam-fl.com/pa/property/?type=api&parcel=13-09-24-4075-0100-0100					
putnam	09/16/2026	09:00 AM ET	13-10-26-2550-0020-0070	2024-0008774	2024-0008774			2601 SILVER LAKE DR, PALATKA, FL- 32177			25625.82			REVIEW	target county; property use unknown — verify on appraiser site	Scheduled	https://www.putnam.realtaxdeed.com/index.cfm?zaction=AUCTION&Zmethod=PREVIEW&AUCTIONDATE=09/16/2026	https://apps.putnam-fl.com/pa/property/?type=api&parcel=13-10-26-2550-0020-0070				29.633133	-81.655017
putnam	09/16/2026	09:00 AM ET	15-10-26-0000-0080-0000	2024-0009586	2024-0009586			1036 S MOODY RD, PALATKA, FL- 32177			51084.27			REVIEW	target county; property use unknown — verify on appraiser site	Scheduled	https://www.putnam.realtaxdeed.com/index.cfm?zaction=AUCTION&Zmethod=PREVIEW&AUCTIONDATE=09/16/2026	https://apps.putnam-fl.com/pa/property/?type=api&parcel=15-10-26-0000-0080-0000				29.628819	-81.678636
putnam	09/16/2026	09:00 AM ET	16-10-24-4066-0210-0250	2024-0009736	2024-0009736			115 KINDALL ST, INTERLACHEN, FL- 32148			3516.0			REVIEW	target county; property use unknown — verify on appraiser site	Scheduled	https://www.putnam.realtaxdeed.com/index.cfm?zaction=AUCTION&Zmethod=PREVIEW&AUCTIONDATE=09/16/2026	https://apps.putnam-fl.com/pa/property/?type=api&parcel=16-10-24-4066-0210-0250				29.628569	-81.900868
putnam	09/16/2026	09:00 AM ET	17-10-23-7075-0040-0020	2023-0011417	2023-0011417			230 N STATE RD 21, HAWTHORNE, FL- 32640			999.7			REVIEW	target county; property use unknown — verify on appraiser site	Scheduled	https://www.putnam.realtaxdeed.com/index.cfm?zaction=AUCTION&Zmethod=PREVIEW&AUCTIONDATE=09/16/2026	https://apps.putnam-fl.com/pa/property/?type=api&parcel=17-10-23-7075-0040-0020				29.624955	-82.028062
putnam	09/16/2026	09:00 AM ET	18-09-26-0000-0020-0033	2024-0010327	2024-0010327			151 OLD STARKE RD, PALATKA, FL- 32177			14958.21			REVIEW	target county; property use unknown — verify on appraiser site	Scheduled	https://www.putnam.realtaxdeed.com/index.cfm?zaction=AUCTION&Zmethod=PREVIEW&AUCTIONDATE=09/16/2026	https://apps.putnam-fl.com/pa/property/?type=api&parcel=18-09-26-0000-0020-0033					
putnam	09/16/2026	09:00 AM ET	18-10-24-1650-0040-0000	2019-0013639	2019-0013639			00 UNASSIGNED LOCATION RE			8837.28			REVIEW	target county; property use unknown — verify on appraiser site	Scheduled	https://www.putnam.realtaxdeed.com/index.cfm?zaction=AUCTION&Zmethod=PREVIEW&AUCTIONDATE=09/16/2026	https://apps.putnam-fl.com/pa/property/?type=api&parcel=18-10-24-1650-0040-0000					
putnam	09/16/2026	09:00 AM ET	18-10-24-4860-0040-0400	2024-0010483	2024-0010483			113 MAPLE LN, INTERLACHEN, FL- 32148			30749.59			REVIEW	target county; property use unknown — verify on appraiser site	Scheduled	https://www.putnam.realtaxdeed.com/index.cfm?zaction=AUCTION&Zmethod=PREVIEW&AUCTIONDATE=09/16/2026	https://apps.putnam-fl.com/pa/property/?type=api&parcel=18-10-24-4860-0040-0400				29.618653	-81.935077
putnam	09/16/2026	09:00 AM ET	18-10-24-6520-0040-0390	2024-0010536	2024-0010536			320 5TH WAY, INTERLACHEN, FL- 32148			26420.28			REVIEW	target county; property use unknown — verify on appraiser site	Scheduled	https://www.putnam.realtaxdeed.com/index.cfm?zaction=AUCTION&Zmethod=PREVIEW&AUCTIONDATE=09/16/2026	https://apps.putnam-fl.com/pa/property/?type=api&parcel=18-10-24-6520-0040-0390				29.628628	-81.933377
putnam	09/16/2026	09:00 AM ET	21-10-27-0000-0270-0100	2024-0011253	2024-0011253			118 LIVE OAK ST, SAN MATEO, FL- 32187			29561.14			REVIEW	target county; property use unknown — verify on appraiser site	Scheduled	https://www.putnam.realtaxdeed.com/index.cfm?zaction=AUCTION&Zmethod=PREVIEW&AUCTIONDATE=09/16/2026	https://apps.putnam-fl.com/pa/property/?type=api&parcel=21-10-27-0000-0270-0100				29.611258	-81.578619
putnam	09/16/2026	09:00 AM ET	22-10-23-0000-0210-0000	2024-0011320	2024-0011320			1739 STATE RD 20, HAWTHORNE, FL- 32640			4998.92			REVIEW	target county; property use unknown — verify on appraiser site	Scheduled	https://www.putnam.realtaxdeed.com/index.cfm?zaction=AUCTION&Zmethod=PREVIEW&AUCTIONDATE=09/16/2026	https://apps.putnam-fl.com/pa/property/?type=api&parcel=22-10-23-0000-0210-0000					
putnam	09/16/2026	09:00 AM ET	22-10-23-0000-0880-0010	2024-0011354	2024-0011354			101 ADVENTIST LN, HAWTHORNE, FL- 32640			28504.21			REVIEW	target county; property use unknown — verify on appraiser site	Scheduled	https://www.putnam.realtaxdeed.com/index.cfm?zaction=AUCTION&Zmethod=PREVIEW&AUCTIONDATE=09/16/2026	https://apps.putnam-fl.com/pa/property/?type=api&parcel=22-10-23-0000-0880-0010				29.611926	-81.986339
putnam	09/16/2026		23-08-27-0000-0061-0060	2024-0011544	2024-0011544			506 CEDAR CREEK RD # UNIT 1, PALATKA, FL- 32177			18283.53			REVIEW	target county; property use unknown — verify on appraiser site	Redeemed	https://www.putnam.realtaxdeed.com/index.cfm?zaction=AUCTION&Zmethod=PREVIEW&AUCTIONDATE=09/16/2026	https://apps.putnam-fl.com/pa/property/?type=api&parcel=23-08-27-0000-0061-0060				29.789384	-81.579323
putnam	09/16/2026	09:00 AM ET	23-12-26-0000-0020-0013	2024-0011749	2024-0011749			108 GORBUTT RD, CRESCENT CITY, FL- 32112			4697.81			REVIEW	target county; property use unknown — verify on appraiser site	Scheduled	https://www.putnam.realtaxdeed.com/index.cfm?zaction=AUCTION&Zmethod=PREVIEW&AUCTIONDATE=09/16/2026	https://apps.putnam-fl.com/pa/property/?type=api&parcel=23-12-26-0000-0020-0013				29.444842	-81.642608
putnam	09/16/2026	09:00 AM ET	24-10-23-4074-0600-0140	2024-0012281	2024-0012281			139 RHINE ST, INTERLACHEN, FL- 32148			12426.42			REVIEW	target county; property use unknown — verify on appraiser site	Scheduled	https://www.putnam.realtaxdeed.com/index.cfm?zaction=AUCTION&Zmethod=PREVIEW&AUCTIONDATE=09/16/2026	https://apps.putnam-fl.com/pa/property/?type=api&parcel=24-10-23-4074-0600-0140				29.615301	-81.948422
putnam	09/16/2026	09:00 AM ET	24-12-27-0000-0120-0000	2021-0014233	2021-0014233			00 UNASSIGNED LOCATION RE			1224.75			REVIEW	target county; property use unknown — verify on appraiser site	Scheduled	https://www.putnam.realtaxdeed.com/index.cfm?zaction=AUCTION&Zmethod=PREVIEW&AUCTIONDATE=09/16/2026	https://apps.putnam-fl.com/pa/property/?type=api&parcel=24-12-27-0000-0120-0000					
putnam	09/16/2026	09:00 AM ET	24-12-27-0540-0000-0370	2024-0012419	2024-0012419			1012 FULLWOOD AV, CRESCENT CITY, FL- 32112			19332.26			REVIEW	target county; property use unknown — verify on appraiser site	Scheduled	https://www.putnam.realtaxdeed.com/index.cfm?zaction=AUCTION&Zmethod=PREVIEW&AUCTIONDATE=09/16/2026	https://apps.putnam-fl.com/pa/property/?type=api&parcel=24-12-27-0540-0000-0370				29.435914	-81.526009
putnam	09/16/2026	09:00 AM ET	24-12-27-3350-1100-0000	2024-0012444	2024-0012444			00 Unassigned Location RE			1730.88			REVIEW	target county; property use unknown — verify on appraiser site	Scheduled	https://www.putnam.realtaxdeed.com/index.cfm?zaction=AUCTION&Zmethod=PREVIEW&AUCTIONDATE=09/16/2026	https://apps.putnam-fl.com/pa/property/?type=api&parcel=24-12-27-3350-1100-0000					
putnam	09/16/2026	09:00 AM ET	25-09-24-4075-0910-0100	2024-0012734	2024-0012734			00 Unassigned Location RE			1252.66			REVIEW	target county; property use unknown — verify on appraiser site	Scheduled	https://www.putnam.realtaxdeed.com/index.cfm?zaction=AUCTION&Zmethod=PREVIEW&AUCTIONDATE=09/16/2026	https://apps.putnam-fl.com/pa/property/?type=api&parcel=25-09-24-4075-0910-0100					
putnam	09/16/2026	09:00 AM ET	27-10-23-0000-0330-0000	2024-0013482	2024-0013482			839 LAKE KEMPTON DR, HAWTHORNE, FL- 32640			5020.59			REVIEW	target county; property use unknown — verify on appraiser site	Scheduled	https://www.putnam.realtaxdeed.com/index.cfm?zaction=AUCTION&Zmethod=PREVIEW&AUCTIONDATE=09/16/2026	https://apps.putnam-fl.com/pa/property/?type=api&parcel=27-10-23-0000-0330-0000				29.586118	-81.97937
putnam	09/16/2026	09:00 AM ET	31-10-26-0000-8888-1427	2023-0016045	2023-0016045			00 UNASSIGNED LOCATION RE			872.8			REVIEW	target county; property use unknown — verify on appraiser site	Scheduled	https://www.putnam.realtaxdeed.com/index.cfm?zaction=AUCTION&Zmethod=PREVIEW&AUCTIONDATE=09/16/2026	https://apps.putnam-fl.com/pa/property/?type=api&parcel=31-10-26-0000-8888-1427					
putnam	09/16/2026	09:00 AM ET	31-10-27-8251-0020-1390	2019-0018461	2019-0018461			444 MARINA RD, SATSUMA, FL- 32189			1195.55			REVIEW	target county; property use unknown — verify on appraiser site	Scheduled	https://www.putnam.realtaxdeed.com/index.cfm?zaction=AUCTION&Zmethod=PREVIEW&AUCTIONDATE=09/16/2026	https://apps.putnam-fl.com/pa/property/?type=api&parcel=31-10-27-8251-0020-1390				29.587584	-81.615204
putnam	09/16/2026	09:00 AM ET	32-10-26-8179-1850-0220	2024-0014182	2024-0014182			00 Unassigned Location RE			940.26			REVIEW	target county; property use unknown — verify on appraiser site	Scheduled	https://www.putnam.realtaxdeed.com/index.cfm?zaction=AUCTION&Zmethod=PREVIEW&AUCTIONDATE=09/16/2026	https://apps.putnam-fl.com/pa/property/?type=api&parcel=32-10-26-8179-1850-0220					
putnam	09/16/2026	09:00 AM ET	32-11-27-0170-0010-0033	2024-0014201	2024-0014201			104 SUNNY LANE BR, POMONA PARK, FL- 32181			25168.9			REVIEW	target county; property use unknown — verify on appraiser site	Scheduled	https://www.putnam.realtaxdeed.com/index.cfm?zaction=AUCTION&Zmethod=PREVIEW&AUCTIONDATE=09/16/2026	https://apps.putnam-fl.com/pa/property/?type=api&parcel=32-11-27-0170-0010-0033				29.501666	-81.588533
putnam	09/16/2026	09:00 AM ET	33-09-25-4077-0220-0440	2024-0014300	2024-0014300			144 VIVIAN DR, PALATKA, FL- 32177			54353.39			REVIEW	target county; property use unknown — verify on appraiser site	Scheduled	https://www.putnam.realtaxdeed.com/index.cfm?zaction=AUCTION&Zmethod=PREVIEW&AUCTIONDATE=09/16/2026	https://apps.putnam-fl.com/pa/property/?type=api&parcel=33-09-25-4077-0220-0440					
putnam	09/16/2026	09:00 AM ET	33-10-26-8177-0180-0150	2024-0014605	2024-0014605			00 Unassigned Location RE			1120.09			REVIEW	target county; property use unknown — verify on appraiser site	Scheduled	https://www.putnam.realtaxdeed.com/index.cfm?zaction=AUCTION&Zmethod=PREVIEW&AUCTIONDATE=09/16/2026	https://apps.putnam-fl.com/pa/property/?type=api&parcel=33-10-26-8177-0180-0150					
putnam	09/16/2026	09:00 AM ET	34-09-24-8630-0000-1479	2019-0019619	2019-0019619			00 UNASSIGNED LOCATION RE			4065.66			REVIEW	target county; property use unknown — verify on appraiser site	Scheduled	https://www.putnam.realtaxdeed.com/index.cfm?zaction=AUCTION&Zmethod=PREVIEW&AUCTIONDATE=09/16/2026	https://apps.putnam-fl.com/pa/property/?type=api&parcel=34-09-24-8630-0000-1479					
putnam	09/16/2026	09:00 AM ET	35-10-23-0000-0014-0020	2024-0015707	2024-0015707			108 TREE FARM RD, HAWTHORNE, FL- 32640			19179.99			REVIEW	target county; no property use; address suggests land: farm	Scheduled	https://www.putnam.realtaxdeed.com/index.cfm?zaction=AUCTION&Zmethod=PREVIEW&AUCTIONDATE=09/16/2026	https://apps.putnam-fl.com/pa/property/?type=api&parcel=35-10-23-0000-0014-0020				29.58324	-81.973962
putnam	09/16/2026	09:00 AM ET	37-10-26-6850-3230-0020	2024-0016086	2024-0016086			1711 EAGLE ST # APT 1, PALATKA, FL- 32177			2562.08			REVIEW	target county; property use unknown — verify on appraiser site	Scheduled	https://www.putnam.realtaxdeed.com/index.cfm?zaction=AUCTION&Zmethod=PREVIEW&AUCTIONDATE=09/16/2026	https://apps.putnam-fl.com/pa/property/?type=api&parcel=37-10-26-6850-3230-0020				29.655714	-81.645408
putnam	09/16/2026	09:00 AM ET	37-10-26-6850-3420-0090	2024-0016112	2024-0016112			802 N 18TH ST, PALATKA, FL- 32177			5983.8			REVIEW	target county; property use unknown — verify on appraiser site	Scheduled	https://www.putnam.realtaxdeed.com/index.cfm?zaction=AUCTION&Zmethod=PREVIEW&AUCTIONDATE=09/16/2026	https://apps.putnam-fl.com/pa/property/?type=api&parcel=37-10-26-6850-3420-0090				29.655989	-81.646426
putnam	09/16/2026		37-11-27-8254-0010-0740	2024-0016162	2024-0016162			234 CLEARWATER RD, SATSUMA, FL- 32189			7481.75			REVIEW	target county; property use unknown — verify on appraiser site	Redeemed	https://www.putnam.realtaxdeed.com/index.cfm?zaction=AUCTION&Zmethod=PREVIEW&AUCTIONDATE=09/16/2026	https://apps.putnam-fl.com/pa/property/?type=api&parcel=37-11-27-8254-0010-0740				29.576614	-81.606122
putnam	09/16/2026	09:00 AM ET	37-13-27-7061-0620-0270	2024-0016236	2024-0016236			510 REDWOOD BLVD, GEORGETOWN, FL- 32139			1669.94			REVIEW	target county; property use unknown — verify on appraiser site	Scheduled	https://www.putnam.realtaxdeed.com/index.cfm?zaction=AUCTION&Zmethod=PREVIEW&AUCTIONDATE=09/16/2026	https://apps.putnam-fl.com/pa/property/?type=api&parcel=37-13-27-7061-0620-0270				29.383297	-81.589795
putnam	09/16/2026	09:00 AM ET	39-11-26-0000-0052-0010	2023-0018943	2023-0018943			101 PINE LAKE DR, SATSUMA, FL- 32189			2195.96			REVIEW	target county; property use unknown — verify on appraiser site	Scheduled	https://www.putnam.realtaxdeed.com/index.cfm?zaction=AUCTION&Zmethod=PREVIEW&AUCTIONDATE=09/16/2026	https://apps.putnam-fl.com/pa/property/?type=api&parcel=39-11-26-0000-0052-0010				29.581067	-81.622356
putnam	09/16/2026	09:00 AM ET	41-12-26-8792-0000-3000	2024-0017021	2024-0017021			300 SPORTSMAN DR, WELAKA, FL- 32193			23943.93			REVIEW	target county; property use unknown — verify on appraiser site	Scheduled	https://www.putnam.realtaxdeed.com/index.cfm?zaction=AUCTION&Zmethod=PREVIEW&AUCTIONDATE=09/16/2026	https://apps.putnam-fl.com/pa/property/?type=api&parcel=41-12-26-8792-0000-3000				29.489136	-81.67551
putnam	09/16/2026		42-10-27-6850-0070-0030	2024-0017091	2024-0017091			501 N 3RD ST, PALATKA, FL- 32177			46708.02			REVIEW	target county; property use unknown — verify on appraiser site	Redeemed	https://www.putnam.realtaxdeed.com/index.cfm?zaction=AUCTION&Zmethod=PREVIEW&AUCTIONDATE=09/16/2026	https://apps.putnam-fl.com/pa/property/?type=api&parcel=42-10-27-6850-0070-0030				29.650846	-81.630041
putnam	09/16/2026	09:00 AM ET	42-10-27-6850-2200-0800	2024-0017266	2024-0017266			1207 BRONSON ST, PALATKA, FL- 32177			12251.18			REVIEW	target county; property use unknown — verify on appraiser site	Scheduled	https://www.putnam.realtaxdeed.com/index.cfm?zaction=AUCTION&Zmethod=PREVIEW&AUCTIONDATE=09/16/2026	https://apps.putnam-fl.com/pa/property/?type=api&parcel=42-10-27-6850-2200-0800				29.653002	-81.64013
putnam	09/16/2026	09:00 AM ET	43-10-27-8252-0140-0130	2024-0017491	2024-0017491			112 KERRY DR, SATSUMA, FL- 32189			16547.06			REVIEW	target county; property use unknown — verify on appraiser site	Scheduled	https://www.putnam.realtaxdeed.com/index.cfm?zaction=AUCTION&Zmethod=PREVIEW&AUCTIONDATE=09/16/2026	https://apps.putnam-fl.com/pa/property/?type=api&parcel=43-10-27-8252-0140-0130				29.580301	-81.608184
putnam	09/16/2026	09:00 AM ET	49-09-27-0220-0040-0100	2024-0017651	2024-0017651			140 W CRACKER SWAMP RD, EAST PALATKA, FL- 32131			8397.64			REVIEW	target county; property use unknown — verify on appraiser site	Scheduled	https://www.putnam.realtaxdeed.com/index.cfm?zaction=AUCTION&Zmethod=PREVIEW&AUCTIONDATE=09/16/2026	https://apps.putnam-fl.com/pa/property/?type=api&parcel=49-09-27-0220-0040-0100				29.665847	-81.59757
alachua	09/22/2026	10:00 AM ET	00310-012-000	TD 2026-027	2024-66			UNASSIGNED LOCATION RE			2890.96			REVIEW	target county; property use unknown — verify on appraiser site	Scheduled	https://www.alachua.realtaxdeed.com/index.cfm?zaction=AUCTION&Zmethod=PREVIEW&AUCTIONDATE=09/22/2026	https://qpublic.schneidercorp.com/Application.aspx?AppID=1081&LayerID=26490&PageTypeID=4&PageID=10770&Q=320373606&KeyValue=00310-012-000					
alachua	09/22/2026	10:00 AM ET	02684-000-000	TD 2026-024	2024-477			UNASSIGNED LOCATION RE			8061.3			REVIEW	target county; property use unknown — verify on appraiser site	Scheduled	https://www.alachua.realtaxdeed.com/index.cfm?zaction=AUCTION&Zmethod=PREVIEW&AUCTIONDATE=09/22/2026	https://qpublic.schneidercorp.com/Application.aspx?AppID=1081&LayerID=26490&PageTypeID=4&PageID=10770&Q=320373606&KeyValue=02684-000-000					
alachua	09/22/2026	10:00 AM ET	07214-031-000	TD 2026-028	2024-2246			1832 SW 42ND AVE, GAINESVILLE, FL- 32608			4914.96			REVIEW	target county; property use unknown — verify on appraiser site	Scheduled	https://www.alachua.realtaxdeed.com/index.cfm?zaction=AUCTION&Zmethod=PREVIEW&AUCTIONDATE=09/22/2026	https://qpublic.schneidercorp.com/Application.aspx?AppID=1081&LayerID=26490&PageTypeID=4&PageID=10770&Q=320373606&KeyValue=07214-031-000				29.613388	-82.346615
alachua	09/22/2026	10:00 AM ET	10733-009-000	TD 2026-025	2024-2891			922 NE 19TH ST, GAINESVILLE, FL- 32641			20841.26			REVIEW	target county; property use unknown — verify on appraiser site	Scheduled	https://www.alachua.realtaxdeed.com/index.cfm?zaction=AUCTION&Zmethod=PREVIEW&AUCTIONDATE=09/22/2026	https://qpublic.schneidercorp.com/Application.aspx?AppID=1081&LayerID=26490&PageTypeID=4&PageID=10770&Q=320373606&KeyValue=10733-009-000				29.660373	-82.300632
alachua	09/22/2026	10:00 AM ET	10893-024-000	TD 2026-026	2024-2974			314 SE 39TH ST, GAINESVILLE, FL- 32641			9716.25			REVIEW	target county; property use unknown — verify on appraiser site	Scheduled	https://www.alachua.realtaxdeed.com/index.cfm?zaction=AUCTION&Zmethod=PREVIEW&AUCTIONDATE=09/22/2026	https://qpublic.schneidercorp.com/Application.aspx?AppID=1081&LayerID=26490&PageTypeID=4&PageID=10770&Q=320373606&KeyValue=10893-024-000				29.649082	-82.276717
putnam	09/30/2026	09:00 AM ET	02-11-23-0000-0060-0010	2024-0000880	2024-0000880			139 HIDDEN LAKE TRL, HAWTHORNE, FL- 32640			88768.63			REVIEW	target county; property use unknown — verify on appraiser site	Scheduled	https://www.putnam.realtaxdeed.com/index.cfm?zaction=AUCTION&Zmethod=PREVIEW&AUCTIONDATE=09/30/2026	https://apps.putnam-fl.com/pa/property/?type=api&parcel=02-11-23-0000-0060-0010				29.561238	-81.964816
putnam	09/30/2026	09:00 AM ET	04-10-24-5532-0110-0170	2019-0002700	2019-0002700			00 Unassigned Location RE			1462.43			REVIEW	target county; property use unknown — verify on appraiser site	Scheduled	https://www.putnam.realtaxdeed.com/index.cfm?zaction=AUCTION&Zmethod=PREVIEW&AUCTIONDATE=09/30/2026	https://apps.putnam-fl.com/pa/property/?type=api&parcel=04-10-24-5532-0110-0170					
putnam	09/30/2026	09:00 AM ET	04-10-24-5532-0110-0180	2019-0002739	2019-0002739			00 Unassigned Location RE			1562.24			REVIEW	target county; property use unknown — verify on appraiser site	Scheduled	https://www.putnam.realtaxdeed.com/index.cfm?zaction=AUCTION&Zmethod=PREVIEW&AUCTIONDATE=09/30/2026	https://apps.putnam-fl.com/pa/property/?type=api&parcel=04-10-24-5532-0110-0180					
putnam	09/30/2026	09:00 AM ET	04-10-24-5540-0070-0380	2024-0002183	2024-0002183			00 Unassigned Location RE			1355.02			REVIEW	target county; property use unknown — verify on appraiser site	Scheduled	https://www.putnam.realtaxdeed.com/index.cfm?zaction=AUCTION&Zmethod=PREVIEW&AUCTIONDATE=09/30/2026	https://apps.putnam-fl.com/pa/property/?type=api&parcel=04-10-24-5540-0070-0380					
putnam	09/30/2026	09:00 AM ET	04-10-24-6450-0010-0100	2019-0003038	2019-0003038			00 Unassigned Location RE			1277.02			REVIEW	target county; property use unknown — verify on appraiser site	Scheduled	https://www.putnam.realtaxdeed.com/index.cfm?zaction=AUCTION&Zmethod=PREVIEW&AUCTIONDATE=09/30/2026	https://apps.putnam-fl.com/pa/property/?type=api&parcel=04-10-24-6450-0010-0100					
putnam	09/30/2026	09:00 AM ET	04-10-24-6450-0010-0110	2019-0003039	2019-0003039			00 Unassigned Location RE			1290.63			REVIEW	target county; property use unknown — verify on appraiser site	Scheduled	https://www.putnam.realtaxdeed.com/index.cfm?zaction=AUCTION&Zmethod=PREVIEW&AUCTIONDATE=09/30/2026	https://apps.putnam-fl.com/pa/property/?type=api&parcel=04-10-24-6450-0010-0110					
putnam	09/30/2026	09:00 AM ET	04-10-24-6450-0010-0470	2019-0003093	2019-0003093			00 Unassigned Location RE			1449.49			REVIEW	target county; property use unknown — verify on appraiser site	Scheduled	https://www.putnam.realtaxdeed.com/index.cfm?zaction=AUCTION&Zmethod=PREVIEW&AUCTIONDATE=09/30/2026	https://apps.putnam-fl.com/pa/property/?type=api&parcel=04-10-24-6450-0010-0470					
putnam	09/30/2026	09:00 AM ET	04-10-24-9035-0080-0010	2020-0003782	2020-0003782			00 Unassigned Location RE			1426.2			REVIEW	target county; property use unknown — verify on appraiser site	Scheduled	https://www.putnam.realtaxdeed.com/index.cfm?zaction=AUCTION&Zmethod=PREVIEW&AUCTIONDATE=09/30/2026	https://apps.putnam-fl.com/pa/property/?type=api&parcel=04-10-24-9035-0080-0010					
putnam	09/30/2026	09:00 AM ET	04-10-24-9040-0110-0170	2019-0003633	2019-0003633			00 Unassigned Location RE			1571.48			REVIEW	target county; property use unknown — verify on appraiser site	Scheduled	https://www.putnam.realtaxdeed.com/index.cfm?zaction=AUCTION&Zmethod=PREVIEW&AUCTIONDATE=09/30/2026	https://apps.putnam-fl.com/pa/property/?type=api&parcel=04-10-24-9040-0110-0170					
putnam	09/30/2026	09:00 AM ET	05-10-24-4940-0070-0500	2019-0004443	2019-0004443			00 Unassigned Location RE			1502.32			REVIEW	target county; property use unknown — verify on appraiser site	Scheduled	https://www.putnam.realtaxdeed.com/index.cfm?zaction=AUCTION&Zmethod=PREVIEW&AUCTIONDATE=09/30/2026	https://apps.putnam-fl.com/pa/property/?type=api&parcel=05-10-24-4940-0070-0500					
putnam	09/30/2026	09:00 AM ET	05-10-27-9570-0020-0040	2024-0003915	2024-0003915			406 WARWICK ST, EAST PALATKA, FL- 32131			4024.2			REVIEW	target county; property use unknown — verify on appraiser site	Scheduled	https://www.putnam.realtaxdeed.com/index.cfm?zaction=AUCTION&Zmethod=PREVIEW&AUCTIONDATE=09/30/2026	https://apps.putnam-fl.com/pa/property/?type=api&parcel=05-10-27-9570-0020-0040				29.654232	-81.599066
putnam	09/30/2026	09:00 AM ET	05-11-26-0000-8888-0017	2019-0004906	2019-0004906			00 Unassigned Location RE			1978.5			REVIEW	target county; property use unknown — verify on appraiser site	Scheduled	https://www.putnam.realtaxdeed.com/index.cfm?zaction=AUCTION&Zmethod=PREVIEW&AUCTIONDATE=09/30/2026	https://apps.putnam-fl.com/pa/property/?type=api&parcel=05-11-26-0000-8888-0017					
putnam	09/30/2026	09:00 AM ET	06-13-27-4910-0060-1830	2024-0004370	2024-0004370			115 HAMPTON CIR, GEORGETOWN, FL- 32139			3791.87			REVIEW	target county; property use unknown — verify on appraiser site	Scheduled	https://www.putnam.realtaxdeed.com/index.cfm?zaction=AUCTION&Zmethod=PREVIEW&AUCTIONDATE=09/30/2026	https://apps.putnam-fl.com/pa/property/?type=api&parcel=06-13-27-4910-0060-1830				29.392853	-81.613763
putnam	09/30/2026	09:00 AM ET	08-10-26-0000-0170-0000	2024-0005707	2024-0005707			107 SILVER LAKE RD, PALATKA, FL- 32177			9288.25			REVIEW	target county; property use unknown — verify on appraiser site	Scheduled	https://www.putnam.realtaxdeed.com/index.cfm?zaction=AUCTION&Zmethod=PREVIEW&AUCTIONDATE=09/30/2026	https://apps.putnam-fl.com/pa/property/?type=api&parcel=08-10-26-0000-0170-0000				29.636019	-81.712581
putnam	09/30/2026	09:00 AM ET	08-13-27-7061-0490-0370	2024-0005815	2024-0005815			432 ROSEWOOD ST, GEORGETOWN, FL- 32139			3964.6			REVIEW	target county; property use unknown — verify on appraiser site	Scheduled	https://www.putnam.realtaxdeed.com/index.cfm?zaction=AUCTION&Zmethod=PREVIEW&AUCTIONDATE=09/30/2026	https://apps.putnam-fl.com/pa/property/?type=api&parcel=08-13-27-7061-0490-0370				29.386786	-81.593983
putnam	09/30/2026	09:00 AM ET	09-10-24-4068-0460-0030	2019-0008015	2019-0008015			00 Unassigned Location RE			2255.75			REVIEW	target county; property use unknown — verify on appraiser site	Scheduled	https://www.putnam.realtaxdeed.com/index.cfm?zaction=AUCTION&Zmethod=PREVIEW&AUCTIONDATE=09/30/2026	https://apps.putnam-fl.com/pa/property/?type=api&parcel=09-10-24-4068-0460-0030					
putnam	09/30/2026	09:00 AM ET	11-11-26-8243-0170-0010	2024-0007541	2024-0007541			00 Unassigned Location RE			1649.56			REVIEW	target county; property use unknown — verify on appraiser site	Scheduled	https://www.putnam.realtaxdeed.com/index.cfm?zaction=AUCTION&Zmethod=PREVIEW&AUCTIONDATE=09/30/2026	https://apps.putnam-fl.com/pa/property/?type=api&parcel=11-11-26-8243-0170-0010					
putnam	09/30/2026	09:00 AM ET	12-09-24-0000-0041-0020	2024-0007678	2024-0007678			986 STATE RD 100, FLORAHOME, FL- 32140			73820.48			REVIEW	target county; property use unknown — verify on appraiser site	Scheduled	https://www.putnam.realtaxdeed.com/index.cfm?zaction=AUCTION&Zmethod=PREVIEW&AUCTIONDATE=09/30/2026	https://apps.putnam-fl.com/pa/property/?type=api&parcel=12-09-24-0000-0041-0020					
putnam	09/30/2026	09:00 AM ET	12-10-26-6620-0000-0160	2024-0008271	2024-0008271			312 FERN ST, PALATKA, FL- 32177			7860.59			REVIEW	target county; property use unknown — verify on appraiser site	Scheduled	https://www.putnam.realtaxdeed.com/index.cfm?zaction=AUCTION&Zmethod=PREVIEW&AUCTIONDATE=09/30/2026	https://apps.putnam-fl.com/pa/property/?type=api&parcel=12-10-26-6620-0000-0160				29.646389	-81.656073
putnam	09/30/2026	09:00 AM ET	12-10-26-8450-0000-0800	2024-0008291	2024-0008291			131 AZALEA CIR, PALATKA, FL- 32177			9190.93			REVIEW	target county; property use unknown — verify on appraiser site	Scheduled	https://www.putnam.realtaxdeed.com/index.cfm?zaction=AUCTION&Zmethod=PREVIEW&AUCTIONDATE=09/30/2026	https://apps.putnam-fl.com/pa/property/?type=api&parcel=12-10-26-8450-0000-0800				29.645785	-81.657371
putnam	09/30/2026	09:00 AM ET	12-11-26-8240-0160-0070	2024-0008372	2024-0008372			113 HILLTOP TRL, SATSUMA, FL- 32189			4201.02			REVIEW	target county; property use unknown — verify on appraiser site	Scheduled	https://www.putnam.realtaxdeed.com/index.cfm?zaction=AUCTION&Zmethod=PREVIEW&AUCTIONDATE=09/30/2026	https://apps.putnam-fl.com/pa/property/?type=api&parcel=12-11-26-8240-0160-0070				29.559073	-81.629118
putnam	09/30/2026	09:00 AM ET	13-10-24-4080-0020-0150	2024-0008742	2024-0008742			00 Unassigned Location RE			1735.28			REVIEW	target county; property use unknown — verify on appraiser site	Scheduled	https://www.putnam.realtaxdeed.com/index.cfm?zaction=AUCTION&Zmethod=PREVIEW&AUCTIONDATE=09/30/2026	https://apps.putnam-fl.com/pa/property/?type=api&parcel=13-10-24-4080-0020-0150					
putnam	09/30/2026	09:00 AM ET	13-10-26-6550-0050-0040	2024-0008793	2024-0008793			2325 WESTOVER DR, PALATKA, FL- 32177			7534.72			REVIEW	target county; property use unknown — verify on appraiser site	Scheduled	https://www.putnam.realtaxdeed.com/index.cfm?zaction=AUCTION&Zmethod=PREVIEW&AUCTIONDATE=09/30/2026	https://apps.putnam-fl.com/pa/property/?type=api&parcel=13-10-26-6550-0050-0040				29.630425	-81.657645
putnam	09/30/2026	09:00 AM ET	13-11-26-8244-0340-0070	2024-0008942	2024-0008942			125 SHARON DR, SATSUMA, FL- 32189			1608.79			REVIEW	target county; property use unknown — verify on appraiser site	Scheduled	https://www.putnam.realtaxdeed.com/index.cfm?zaction=AUCTION&Zmethod=PREVIEW&AUCTIONDATE=09/30/2026	https://apps.putnam-fl.com/pa/property/?type=api&parcel=13-11-26-8244-0340-0070				29.54412	-81.628242
putnam	09/30/2026	09:00 AM ET	14-08-24-5100-0090-0040	2024-0009032	2024-0009032			123 ALACHUA ST, FLORAHOME, FL- 32140			1290.72			REVIEW	target county; property use unknown — verify on appraiser site	Scheduled	https://www.putnam.realtaxdeed.com/index.cfm?zaction=AUCTION&Zmethod=PREVIEW&AUCTIONDATE=09/30/2026	https://apps.putnam-fl.com/pa/property/?type=api&parcel=14-08-24-5100-0090-0040					
putnam	09/30/2026	09:00 AM ET	17-09-27-0000-0120-0000	2024-0009837	2024-0009837			332 WEST RIVER RD, PALATKA, FL- 32177			72156.17			REVIEW	target county; property use unknown — verify on appraiser site	Scheduled	https://www.putnam.realtaxdeed.com/index.cfm?zaction=AUCTION&Zmethod=PREVIEW&AUCTIONDATE=09/30/2026	https://apps.putnam-fl.com/pa/property/?type=api&parcel=17-09-27-0000-0120-0000				29.716062	-81.618187
putnam	09/30/2026		17-10-24-1520-0040-0230	2021-0011399	2021-0011399			145 6TH WAY, INTERLACHEN, FL- 32148			1152.97			REVIEW	target county; property use unknown — verify on appraiser site	Redeemed	https://www.putnam.realtaxdeed.com/index.cfm?zaction=AUCTION&Zmethod=PREVIEW&AUCTIONDATE=09/30/2026	https://apps.putnam-fl.com/pa/property/?type=api&parcel=17-10-24-1520-0040-0230					
putnam	09/30/2026	09:00 AM ET	17-11-23-4090-1080-0020	2019-0013286	2019-0013286			103 COTTONWOOD DR, HAWTHORNE, FL- 32640			2906.72			REVIEW	target county; property use unknown — verify on appraiser site	Scheduled	https://www.putnam.realtaxdeed.com/index.cfm?zaction=AUCTION&Zmethod=PREVIEW&AUCTIONDATE=09/30/2026	https://apps.putnam-fl.com/pa/property/?type=api&parcel=17-11-23-4090-1080-0020				29.541262	-82.017928
putnam	09/30/2026	09:00 AM ET	18-08-25-5106-6120-0080	2024-0010219	2024-0010219			114 HIAWATHA DR, FLORAHOME, FL- 32140			1519.38			REVIEW	target county; property use unknown — verify on appraiser site	Scheduled	https://www.putnam.realtaxdeed.com/index.cfm?zaction=AUCTION&Zmethod=PREVIEW&AUCTIONDATE=09/30/2026	https://apps.putnam-fl.com/pa/property/?type=api&parcel=18-08-25-5106-6120-0080					
putnam	09/30/2026	09:00 AM ET	18-08-25-5106-6120-0310	2024-0010228	2024-0010228			103 GRANADA DR, FLORAHOME, FL- 32140			1290.76			REVIEW	target county; property use unknown — verify on appraiser site	Scheduled	https://www.putnam.realtaxdeed.com/index.cfm?zaction=AUCTION&Zmethod=PREVIEW&AUCTIONDATE=09/30/2026	https://apps.putnam-fl.com/pa/property/?type=api&parcel=18-08-25-5106-6120-0310					
putnam	09/30/2026	09:00 AM ET	18-08-25-5106-6130-0320	2023-0011845	2023-0011845			309 FLORA DR, FLORAHOME, FL- 32140			1494.34			REVIEW	target county; property use unknown — verify on appraiser site	Scheduled	https://www.putnam.realtaxdeed.com/index.cfm?zaction=AUCTION&Zmethod=PREVIEW&AUCTIONDATE=09/30/2026	https://apps.putnam-fl.com/pa/property/?type=api&parcel=18-08-25-5106-6130-0320				29.797459	-81.83826
putnam	09/30/2026	09:00 AM ET	18-12-27-4941-0020-0120	2019-0013951	2019-0013951			113 HOWELL LAKE DR, POMONA PARK, FL- 32181			1203.48			REVIEW	target county; property use unknown — verify on appraiser site	Scheduled	https://www.putnam.realtaxdeed.com/index.cfm?zaction=AUCTION&Zmethod=PREVIEW&AUCTIONDATE=09/30/2026	https://apps.putnam-fl.com/pa/property/?type=api&parcel=18-12-27-4941-0020-0120				29.45317	-81.602905
putnam	09/30/2026	09:00 AM ET	19-08-25-5109-9020-0080	2024-0010708	2024-0010708			120 SOUTH DR, FLORAHOME, FL- 32140			1793.47			REVIEW	target county; property use unknown — verify on appraiser site	Scheduled	https://www.putnam.realtaxdeed.com/index.cfm?zaction=AUCTION&Zmethod=PREVIEW&AUCTIONDATE=09/30/2026	https://apps.putnam-fl.com/pa/property/?type=api&parcel=19-08-25-5109-9020-0080				29.788828	-81.836224
putnam	09/30/2026	09:00 AM ET	19-09-23-9370-0000-0038	2024-0010744	2024-0010744			00 Unassigned Location RE			13768.21			REVIEW	target county; property use unknown — verify on appraiser site	Scheduled	https://www.putnam.realtaxdeed.com/index.cfm?zaction=AUCTION&Zmethod=PREVIEW&AUCTIONDATE=09/30/2026	https://apps.putnam-fl.com/pa/property/?type=api&parcel=19-09-23-9370-0000-0038					
putnam	09/30/2026		19-10-24-4074-0310-0250	2024-0010776	2024-0010776			121 JONES ST, INTERLACHEN, FL- 32148			1744.68			REVIEW	target county; property use unknown — verify on appraiser site	Redeemed	https://www.putnam.realtaxdeed.com/index.cfm?zaction=AUCTION&Zmethod=PREVIEW&AUCTIONDATE=09/30/2026	https://apps.putnam-fl.com/pa/property/?type=api&parcel=19-10-24-4074-0310-0250				29.612991	-81.933678
putnam	09/30/2026	09:00 AM ET	20-10-24-4074-0180-0070	2019-0014591	2019-0014591			00 Unassigned Location RE			1585.28			REVIEW	target county; property use unknown — verify on appraiser site	Scheduled	https://www.putnam.realtaxdeed.com/index.cfm?zaction=AUCTION&Zmethod=PREVIEW&AUCTIONDATE=09/30/2026	https://apps.putnam-fl.com/pa/property/?type=api&parcel=20-10-24-4074-0180-0070					
putnam	09/30/2026	09:00 AM ET	20-10-24-4074-0180-0080	2019-0014592	2019-0014592			122 NAPLES ST, INTERLACHEN, FL- 32148			1443.83			REVIEW	target county; property use unknown — verify on appraiser site	Scheduled	https://www.putnam.realtaxdeed.com/index.cfm?zaction=AUCTION&Zmethod=PREVIEW&AUCTIONDATE=09/30/2026	https://apps.putnam-fl.com/pa/property/?type=api&parcel=20-10-24-4074-0180-0080				29.617583	-81.915003
putnam	09/30/2026	09:00 AM ET	20-10-24-4074-0270-0160	2024-0011047	2024-0011047			00 Unassigned Location RE			2156.6			REVIEW	target county; property use unknown — verify on appraiser site	Scheduled	https://www.putnam.realtaxdeed.com/index.cfm?zaction=AUCTION&Zmethod=PREVIEW&AUCTIONDATE=09/30/2026	https://apps.putnam-fl.com/pa/property/?type=api&parcel=20-10-24-4074-0270-0160					
putnam	09/30/2026	09:00 AM ET	21-10-23-0000-0130-0000	2024-0011189	2024-0011189			1827 STATE RD 20, HAWTHORNE, FL- 32640			65603.92			REVIEW	target county; property use unknown — verify on appraiser site	Scheduled	https://www.putnam.realtaxdeed.com/index.cfm?zaction=AUCTION&Zmethod=PREVIEW&AUCTIONDATE=09/30/2026	https://apps.putnam-fl.com/pa/property/?type=api&parcel=21-10-23-0000-0130-0000				29.609581	-81.99927
putnam	09/30/2026	09:00 AM ET	21-10-23-3646-0000-0010	2024-0011198	2024-0011198			1864 STATE RD 20, HAWTHORNE, FL- 32640			42709.12			REVIEW	target county; property use unknown — verify on appraiser site	Scheduled	https://www.putnam.realtaxdeed.com/index.cfm?zaction=AUCTION&Zmethod=PREVIEW&AUCTIONDATE=09/30/2026	https://apps.putnam-fl.com/pa/property/?type=api&parcel=21-10-23-3646-0000-0010				29.609966	-82.005477
putnam	09/30/2026	09:00 AM ET	21-10-26-0000-0060-0020	2024-0011230	2024-0011230			367 HORSEMAN CLUB RD, PALATKA, FL- 32177			11806.58			REVIEW	target county; property use unknown — verify on appraiser site	Scheduled	https://www.putnam.realtaxdeed.com/index.cfm?zaction=AUCTION&Zmethod=PREVIEW&AUCTIONDATE=09/30/2026	https://apps.putnam-fl.com/pa/property/?type=api&parcel=21-10-26-0000-0060-0020				29.617712	-81.695474
putnam	09/30/2026	09:00 AM ET	23-09-24-4076-1140-0180	2024-0011567	2024-0011567			1400 MALTAS AV, INTERLACHEN, FL- 32148			10825.94			REVIEW	target county; property use unknown — verify on appraiser site	Scheduled	https://www.putnam.realtaxdeed.com/index.cfm?zaction=AUCTION&Zmethod=PREVIEW&AUCTIONDATE=09/30/2026	https://apps.putnam-fl.com/pa/property/?type=api&parcel=23-09-24-4076-1140-0180					
putnam	09/30/2026	09:00 AM ET	23-12-27-0000-0110-0050	2024-0011754	2024-0011754			123 BLOSSOM TRL, CRESCENT CITY, FL- 32112			6694.53			REVIEW	target county; property use unknown — verify on appraiser site	Scheduled	https://www.putnam.realtaxdeed.com/index.cfm?zaction=AUCTION&Zmethod=PREVIEW&AUCTIONDATE=09/30/2026	https://apps.putnam-fl.com/pa/property/?type=api&parcel=23-12-27-0000-0110-0050				29.435988	-81.537954
putnam	09/30/2026	09:00 AM ET	24-08-24-5100-0180-0060	2024-0011798	2024-0011798			108 PINELLAS ST, FLORAHOME, FL- 32140			1304.92			REVIEW	target county; property use unknown — verify on appraiser site	Scheduled	https://www.putnam.realtaxdeed.com/index.cfm?zaction=AUCTION&Zmethod=PREVIEW&AUCTIONDATE=09/30/2026	https://apps.putnam-fl.com/pa/property/?type=api&parcel=24-08-24-5100-0180-0060					
putnam	09/30/2026	09:00 AM ET	24-12-27-3350-1370-0060	2024-0012458	2024-0012458			1136 HUNTINGTON RD, CRESCENT CITY, FL- 32112			33556.25			REVIEW	target county; property use unknown — verify on appraiser site	Scheduled	https://www.putnam.realtaxdeed.com/index.cfm?zaction=AUCTION&Zmethod=PREVIEW&AUCTIONDATE=09/30/2026	https://apps.putnam-fl.com/pa/property/?type=api&parcel=24-12-27-3350-1370-0060				29.439061	-81.527788
putnam	09/30/2026	09:00 AM ET	26-08-27-8152-0090-0240	2023-0015114	2023-0015114			116 MACKEREL AV, PALATKA, FL- 32177			5440.59			REVIEW	target county; property use unknown — verify on appraiser site	Scheduled	https://www.putnam.realtaxdeed.com/index.cfm?zaction=AUCTION&Zmethod=PREVIEW&AUCTIONDATE=09/30/2026	https://apps.putnam-fl.com/pa/property/?type=api&parcel=26-08-27-8152-0090-0240				29.768258	-81.573312
putnam	09/30/2026	09:00 AM ET	26-10-23-0000-0160-0011	2024-0013368	2024-0013368			104 KARRIE WAY, HAWTHORNE, FL- 32640			63712.03			REVIEW	target county; property use unknown — verify on appraiser site	Scheduled	https://www.putnam.realtaxdeed.com/index.cfm?zaction=AUCTION&Zmethod=PREVIEW&AUCTIONDATE=09/30/2026	https://apps.putnam-fl.com/pa/property/?type=api&parcel=26-10-23-0000-0160-0011				29.592899	-81.966385
putnam	09/30/2026	09:00 AM ET	30-08-27-0750-0320-0020	2024-0013796	2024-0013796			119 CARRAWAY ST, PALATKA, FL- 32177			76408.74			REVIEW	target county; property use unknown — verify on appraiser site	Scheduled	https://www.putnam.realtaxdeed.com/index.cfm?zaction=AUCTION&Zmethod=PREVIEW&AUCTIONDATE=09/30/2026	https://apps.putnam-fl.com/pa/property/?type=api&parcel=30-08-27-0750-0320-0020				29.772974	-81.63518
putnam	09/30/2026	09:00 AM ET	30-12-28-1750-0120-0030	2024-0013879	2024-0013879			10 N PARK ST, CRESCENT CITY, FL- 32112			23790.28			REVIEW	target county; property use unknown — verify on appraiser site	Scheduled	https://www.putnam.realtaxdeed.com/index.cfm?zaction=AUCTION&Zmethod=PREVIEW&AUCTIONDATE=09/30/2026	https://apps.putnam-fl.com/pa/property/?type=api&parcel=30-12-28-1750-0120-0030				29.430339	-81.508026
putnam	09/30/2026	09:00 AM ET	31-10-26-0000-8888-1610	2019-0018467	2019-0018467			00 Unassigned Location RE			2018.07			REVIEW	target county; property use unknown — verify on appraiser site	Scheduled	https://www.putnam.realtaxdeed.com/index.cfm?zaction=AUCTION&Zmethod=PREVIEW&AUCTIONDATE=09/30/2026	https://apps.putnam-fl.com/pa/property/?type=api&parcel=31-10-26-0000-8888-1610					
putnam	09/30/2026	09:00 AM ET	35-09-24-4075-1820-0020	2019-0020205	2019-0020205			00 Unassigned Location RE			2028.19			REVIEW	target county; property use unknown — verify on appraiser site	Scheduled	https://www.putnam.realtaxdeed.com/index.cfm?zaction=AUCTION&Zmethod=PREVIEW&AUCTIONDATE=09/30/2026	https://apps.putnam-fl.com/pa/property/?type=api&parcel=35-09-24-4075-1820-0020					
putnam	09/30/2026	09:00 AM ET	35-09-24-4076-0110-0040	2024-0015513	2024-0015513			00 Unassigned Location RE			1807.58			REVIEW	target county; property use unknown — verify on appraiser site	Scheduled	https://www.putnam.realtaxdeed.com/index.cfm?zaction=AUCTION&Zmethod=PREVIEW&AUCTIONDATE=09/30/2026	https://apps.putnam-fl.com/pa/property/?type=api&parcel=35-09-24-4076-0110-0040					
putnam	09/30/2026	09:00 AM ET	35-09-24-4076-0360-0120	2019-0020417	2019-0020417			00 Unassigned Location RE			2178.76			REVIEW	target county; property use unknown — verify on appraiser site	Scheduled	https://www.putnam.realtaxdeed.com/index.cfm?zaction=AUCTION&Zmethod=PREVIEW&AUCTIONDATE=09/30/2026	https://apps.putnam-fl.com/pa/property/?type=api&parcel=35-09-24-4076-0360-0120					
putnam	09/30/2026	09:00 AM ET	36-09-24-4075-1310-0240	2024-0015929	2024-0015929			211 NEISMAN AV, INTERLACHEN, FL- 32148			1517.74			REVIEW	target county; property use unknown — verify on appraiser site	Scheduled	https://www.putnam.realtaxdeed.com/index.cfm?zaction=AUCTION&Zmethod=PREVIEW&AUCTIONDATE=09/30/2026	https://apps.putnam-fl.com/pa/property/?type=api&parcel=36-09-24-4075-1310-0240				29.67032	-81.858689
putnam	09/30/2026	09:00 AM ET	39-11-26-8231-0120-0110	2024-0016742	2024-0016742			131 DEERSKIN AV, SATSUMA, FL- 32189			39592.86			REVIEW	target county; property use unknown — verify on appraiser site	Scheduled	https://www.putnam.realtaxdeed.com/index.cfm?zaction=AUCTION&Zmethod=PREVIEW&AUCTIONDATE=09/30/2026	https://apps.putnam-fl.com/pa/property/?type=api&parcel=39-11-26-8231-0120-0110				29.537826	-81.677266
putnam	09/30/2026	09:00 AM ET	39-11-26-8470-0110-0201	2024-0016884	2024-0016884			1162 S HIGHWAY 17, SATSUMA, FL- 32189			10329.69			REVIEW	target county; property use unknown — verify on appraiser site	Scheduled	https://www.putnam.realtaxdeed.com/index.cfm?zaction=AUCTION&Zmethod=PREVIEW&AUCTIONDATE=09/30/2026	https://apps.putnam-fl.com/pa/property/?type=api&parcel=39-11-26-8470-0110-0201				29.556531	-81.656425
putnam	09/30/2026	09:00 AM ET	39-11-26-8470-0210-0100	2024-0016901	2024-0016901			120 MAPLE LN, SATSUMA, FL- 32189			6497.79			REVIEW	target county; property use unknown — verify on appraiser site	Scheduled	https://www.putnam.realtaxdeed.com/index.cfm?zaction=AUCTION&Zmethod=PREVIEW&AUCTIONDATE=09/30/2026	https://apps.putnam-fl.com/pa/property/?type=api&parcel=39-11-26-8470-0210-0100				29.560162	-81.662034
putnam	09/30/2026	09:00 AM ET	39-13-26-0000-0010-0280	2024-0016965	2024-0016965			00 Unassigned Location RE			2295.09			REVIEW	target county; property use unknown — verify on appraiser site	Scheduled	https://www.putnam.realtaxdeed.com/index.cfm?zaction=AUCTION&Zmethod=PREVIEW&AUCTIONDATE=09/30/2026	https://apps.putnam-fl.com/pa/property/?type=api&parcel=39-13-26-0000-0010-0280					
putnam	09/30/2026	09:00 AM ET	41-13-26-0000-0260-0000	2024-0017061	2024-0017061			111 PORT COVE LANDING RD, GEORGETOWN, FL- 32139			29140.75			REVIEW	target county; no property use; address suggests land: land	Scheduled	https://www.putnam.realtaxdeed.com/index.cfm?zaction=AUCTION&Zmethod=PREVIEW&AUCTIONDATE=09/30/2026	https://apps.putnam-fl.com/pa/property/?type=api&parcel=41-13-26-0000-0260-0000				29.38831	-81.638652
putnam	09/30/2026	09:00 AM ET	41-13-26-5500-0000-0011	2024-0017084	2024-0017084			108 PORT COVE LANDING RD, GEORGETOWN, FL- 32139			21650.11			REVIEW	target county; no property use; address suggests land: land	Scheduled	https://www.putnam.realtaxdeed.com/index.cfm?zaction=AUCTION&Zmethod=PREVIEW&AUCTIONDATE=09/30/2026	https://apps.putnam-fl.com/pa/property/?type=api&parcel=41-13-26-5500-0000-0011				29.388854	-81.639765
putnam	09/30/2026	09:00 AM ET	42-10-27-6850-0160-0011	2024-0017095	2024-0017095			213 N 4TH ST, PALATKA, FL- 32177			18024.54			REVIEW	target county; property use unknown — verify on appraiser site	Scheduled	https://www.putnam.realtaxdeed.com/index.cfm?zaction=AUCTION&Zmethod=PREVIEW&AUCTIONDATE=09/30/2026	https://apps.putnam-fl.com/pa/property/?type=api&parcel=42-10-27-6850-0160-0011				29.647895	-81.631971
putnam	09/30/2026	09:00 AM ET	42-10-27-6850-0630-0051	2024-0017158	2024-0017158			805 ST JOHNS AV, PALATKA, FL- 32177			45464.1			REVIEW	target county; property use unknown — verify on appraiser site	Scheduled	https://www.putnam.realtaxdeed.com/index.cfm?zaction=AUCTION&Zmethod=PREVIEW&AUCTIONDATE=09/30/2026	https://apps.putnam-fl.com/pa/property/?type=api&parcel=42-10-27-6850-0630-0051				29.647432	-81.636799
putnam	09/30/2026	09:00 AM ET	42-10-27-6850-2610-0040	2024-0017322	2024-0017322			1412 CARR ST, PALATKA, FL- 32177			9936.61			REVIEW	target county; property use unknown — verify on appraiser site	Scheduled	https://www.putnam.realtaxdeed.com/index.cfm?zaction=AUCTION&Zmethod=PREVIEW&AUCTIONDATE=09/30/2026	https://apps.putnam-fl.com/pa/property/?type=api&parcel=42-10-27-6850-2610-0040				29.645534	-81.644269
putnam	09/30/2026	09:00 AM ET	42-10-27-6850-3100-0110	2024-0017368	2024-0017368			1618 EAGLE ST, PALATKA, FL- 32177			7601.64			REVIEW	target county; property use unknown — verify on appraiser site	Scheduled	https://www.putnam.realtaxdeed.com/index.cfm?zaction=AUCTION&Zmethod=PREVIEW&AUCTIONDATE=09/30/2026	https://apps.putnam-fl.com/pa/property/?type=api&parcel=42-10-27-6850-3100-0110				29.655702	-81.644346
putnam	09/30/2026	09:00 AM ET	43-10-27-8252-0080-0200	2024-0017465	2024-0017465			727 SAN MATEO RD, SATSUMA, FL- 32189			5623.67			REVIEW	target county; property use unknown — verify on appraiser site	Scheduled	https://www.putnam.realtaxdeed.com/index.cfm?zaction=AUCTION&Zmethod=PREVIEW&AUCTIONDATE=09/30/2026	https://apps.putnam-fl.com/pa/property/?type=api&parcel=43-10-27-8252-0080-0200				29.58002	-81.6106
putnam	09/30/2026	09:00 AM ET	43-10-27-8252-0130-0170	2024-0017483	2024-0017483			132 KERRY DR, SATSUMA, FL- 32189			1195.88			REVIEW	target county; property use unknown — verify on appraiser site	Scheduled	https://www.putnam.realtaxdeed.com/index.cfm?zaction=AUCTION&Zmethod=PREVIEW&AUCTIONDATE=09/30/2026	https://apps.putnam-fl.com/pa/property/?type=api&parcel=43-10-27-8252-0130-0170				29.580633	-81.608257
putnam	09/30/2026	09:00 AM ET	48-10-27-4570-0030-0070	2024-0017617	2024-0017617			119 CULPEPPER RD, SAN MATEO, FL- 32187			38251.74			REVIEW	target county; property use unknown — verify on appraiser site	Scheduled	https://www.putnam.realtaxdeed.com/index.cfm?zaction=AUCTION&Zmethod=PREVIEW&AUCTIONDATE=09/30/2026	https://apps.putnam-fl.com/pa/property/?type=api&parcel=48-10-27-4570-0030-0070				29.600403	-81.593771
alachua	10/06/2026	10:00 AM ET	06890-036-000	TD 2026-029	2024-2088			4928 SW 64TH ST, GAINESVILLE, FL- 32608			6412.42			REVIEW	target county; property use unknown — verify on appraiser site	Scheduled	https://www.alachua.realtaxdeed.com/index.cfm?zaction=AUCTION&Zmethod=PREVIEW&AUCTIONDATE=10/06/2026	https://qpublic.schneidercorp.com/Application.aspx?AppID=1081&LayerID=26490&PageTypeID=4&PageID=10770&Q=320373606&KeyValue=06890-036-000				29.608006	-82.412675
alachua	10/06/2026	10:00 AM ET	07836-014-004	TD 2026-030	2024-2497			7818 NE 55TH TER, GAINESVILLE, FL- 32609			8757.05			REVIEW	target county; property use unknown — verify on appraiser site	Scheduled	https://www.alachua.realtaxdeed.com/index.cfm?zaction=AUCTION&Zmethod=PREVIEW&AUCTIONDATE=10/06/2026	https://qpublic.schneidercorp.com/Application.aspx?AppID=1081&LayerID=26490&PageTypeID=4&PageID=10770&Q=320373606&KeyValue=07836-014-004				29.725744	-82.259179
alachua	10/06/2026	10:00 AM ET	10733-043-000	TD 2026-031	2024-2896			830 NE 18TH TER, GAINESVILLE, FL- 32641			6367.7			REVIEW	target county; property use unknown — verify on appraiser site	Scheduled	https://www.alachua.realtaxdeed.com/index.cfm?zaction=AUCTION&Zmethod=PREVIEW&AUCTIONDATE=10/06/2026	https://qpublic.schneidercorp.com/Application.aspx?AppID=1081&LayerID=26490&PageTypeID=4&PageID=10770&Q=320373606&KeyValue=10733-043-000				29.659526	-82.301288
alachua	10/06/2026		11063-000-000	TD 2026-032	2024-2991			1632 NE 5TH AVE, GAINESVILLE, FL- 32641			2574.54			REVIEW	target county; property use unknown — verify on appraiser site	Redeemed	https://www.alachua.realtaxdeed.com/index.cfm?zaction=AUCTION&Zmethod=PREVIEW&AUCTIONDATE=10/06/2026	https://qpublic.schneidercorp.com/Application.aspx?AppID=1081&LayerID=26490&PageTypeID=4&PageID=10770&Q=320373606&KeyValue=11063-000-000				29.65559	-82.303879
